account_id,score,segment,shap_1_name,shap_1_value,shap_2_name,shap_2_value,shap_3_name,shap_3_value
1776,0.0582,Low,account_age_days,1.5293,avg_standing_order_amount,1.2014,avg_transaction_amount,0.7709
2228,0.8105,High,avg_standing_order_amount,3.0887,avg_monthly_transaction_count,2.8297,balance_volatility,2.0053
4727,0.3182,Low,avg_monthly_transaction_count,4.6503,avg_standing_order_amount,1.7651,district_avg_salary,-1.2857
2933,0.8113,High,avg_monthly_transaction_count,4.5834,avg_standing_order_amount,4.337,balance_volatility,2.7034
9472,0.739,High,avg_monthly_transaction_count,4.0248,avg_standing_order_amount,2.2357,balance_volatility,1.1824
10439,0.8116,High,avg_monthly_transaction_count,5.5474,avg_standing_order_amount,5.3041,district_avg_salary,-1.1134
1656,0.8116,High,avg_standing_order_amount,4.9091,avg_monthly_transaction_count,3.5736,standing_order_count,1.4257
8639,0.8114,High,avg_monthly_transaction_count,4.0135,account_age_days,2.2327,standing_order_count,2.094
3112,0.0565,Low,avg_monthly_transaction_count,3.8984,avg_balance,-2.1077,avg_standing_order_amount,-1.9857
6289,0.8112,High,standing_order_count,3.2747,avg_monthly_transaction_count,2.9208,balance_volatility,2.5149
10134,0.8118,High,avg_monthly_transaction_count,4.569,avg_standing_order_amount,4.2458,avg_transaction_amount,1.3569
9353,0.5701,Medium,avg_standing_order_amount,3.4933,avg_monthly_transaction_count,2.9011,standing_order_count,1.4484
4994,0.6345,Medium,balance_volatility,1.7322,avg_standing_order_amount,1.5747,avg_transaction_amount,1.1866
7713,0.8112,High,avg_standing_order_amount,4.2835,avg_monthly_transaction_count,-2.2827,avg_transaction_amount,2.0236
6706,0.0559,Low,avg_standing_order_amount,-2.8773,avg_monthly_transaction_count,2.5599,standing_order_count,-1.537
2545,0.8116,High,avg_monthly_transaction_count,7.3827,avg_standing_order_amount,2.1766,standing_order_count,1.7095
2622,0.8118,High,avg_standing_order_amount,5.209,avg_monthly_transaction_count,3.4446,standing_order_count,1.5134
2247,0.8115,High,avg_monthly_transaction_count,12.0671,avg_standing_order_amount,-1.1946,transaction_trend,-0.8295
1869,0.3088,Low,avg_transaction_amount,2.152,standing_order_count,1.7205,avg_standing_order_amount,1.1289
11065,0.0571,Low,standing_order_count,2.1008,account_age_days,-1.9414,avg_monthly_transaction_count,0.9127
3230,0.498,Medium,avg_monthly_transaction_count,2.0249,balance_volatility,1.6898,standing_order_count,1.5859
8026,0.0559,Low,avg_monthly_transaction_count,-3.5176,avg_transaction_amount,1.2556,avg_standing_order_amount,0.8922
3390,0.8117,High,avg_monthly_transaction_count,8.3132,transaction_trend,0.9593,account_age_days,0.9102
7181,0.5619,Medium,avg_monthly_transaction_count,10.8261,transaction_trend,-3.8652,avg_transaction_amount,0.8994
2705,0.8064,High,avg_standing_order_amount,4.8583,avg_monthly_transaction_count,4.3903,standing_order_count,1.0946
3747,0.8104,High,avg_monthly_transaction_count,5.2971,avg_balance,2.6404,avg_standing_order_amount,2.3173
675,0.8107,High,avg_monthly_transaction_count,3.7712,avg_standing_order_amount,2.4341,total_debit_amount,1.111
7637,0.8111,High,avg_standing_order_amount,3.6981,avg_monthly_transaction_count,3.3994,standing_order_count,2.0051
6138,0.8104,High,avg_standing_order_amount,4.525,avg_transaction_amount,2.4259,avg_monthly_transaction_count,-2.1284
10915,0.8119,High,avg_monthly_transaction_count,6.3655,avg_standing_order_amount,1.7781,standing_order_count,1.7445
10884,0.4803,Medium,avg_monthly_transaction_count,5.3304,avg_standing_order_amount,1.5626,avg_transaction_amount,0.9328
1819,0.8104,High,avg_monthly_transaction_count,3.7682,avg_standing_order_amount,2.0827,balance_volatility,2.0351
3942,0.8116,High,avg_standing_order_amount,4.712,avg_monthly_transaction_count,2.6314,avg_transaction_amount,1.1964
3916,0.8114,High,avg_standing_order_amount,3.6352,avg_monthly_transaction_count,3.3544,avg_balance,2.0535
9673,0.0582,Low,avg_monthly_transaction_count,1.7504,account_age_days,1.0334,avg_transaction_amount,0.5808
1068,0.1804,Low,avg_monthly_transaction_count,3.6838,avg_standing_order_amount,2.2105,transaction_trend,-1.1849
7184,0.8116,High,avg_monthly_transaction_count,8.7217,avg_transaction_amount,0.9229,transaction_trend,0.8393
7424,0.8119,High,avg_monthly_transaction_count,12.7712,avg_standing_order_amount,0.9909,transaction_trend,-0.7892
1978,0.8116,High,avg_monthly_transaction_count,7.1794,avg_standing_order_amount,3.2987,credit_debit_ratio,0.9611
10320,0.8113,High,avg_monthly_transaction_count,4.2501,avg_standing_order_amount,3.8417,standing_order_count,1.706
10345,0.811,High,avg_standing_order_amount,3.0162,avg_monthly_transaction_count,2.5668,avg_balance,2.1859
5215,0.8118,High,avg_monthly_transaction_count,14.3143,avg_standing_order_amount,-1.1852,transaction_trend,0.8181
5120,0.5961,Medium,avg_monthly_transaction_count,4.2291,avg_standing_order_amount,2.4128,balance_volatility,1.3711
3608,0.6548,Medium,avg_monthly_transaction_count,1.7879,balance_volatility,1.1808,avg_standing_order_amount,1.1033
4981,0.1203,Low,avg_standing_order_amount,2.4743,avg_monthly_transaction_count,2.0948,avg_transaction_amount,0.8472
6040,0.8104,High,avg_monthly_transaction_count,6.4551,credit_debit_ratio,1.643,total_transaction_count,1.0444
8051,0.0813,Low,account_age_days,-2.222,avg_standing_order_amount,1.9332,avg_monthly_transaction_count,1.4755
8713,0.8117,High,avg_monthly_transaction_count,5.1864,avg_standing_order_amount,2.0632,standing_order_count,1.8363
2982,0.8117,High,avg_monthly_transaction_count,12.4894,avg_balance,-1.2054,credit_debit_ratio,0.6931
3249,0.6535,Medium,avg_standing_order_amount,4.7126,avg_monthly_transaction_count,2.4614,standing_order_count,1.3211
5574,0.3613,Low,avg_standing_order_amount,4.3022,avg_monthly_transaction_count,3.3981,avg_transaction_amount,-1.59
9897,0.8113,High,avg_monthly_transaction_count,8.3121,avg_standing_order_amount,2.6182,credit_debit_ratio,1.1293
8982,0.8115,High,avg_monthly_transaction_count,5.5884,avg_standing_order_amount,2.9589,balance_volatility,1.7362
825,0.808,High,avg_standing_order_amount,4.9206,avg_monthly_transaction_count,4.4712,standing_order_count,1.0107
2753,0.8092,High,avg_monthly_transaction_count,2.9843,avg_standing_order_amount,2.939,avg_transaction_amount,1.3305
8899,0.8119,High,avg_monthly_transaction_count,11.8699,avg_standing_order_amount,0.9874,credit_debit_ratio,0.92
10361,0.8104,High,avg_standing_order_amount,4.0464,balance_volatility,2.8562,avg_transaction_amount,1.9625
785,0.8115,High,avg_standing_order_amount,4.4882,avg_monthly_transaction_count,3.2897,account_age_days,1.537
9156,0.061,Low,avg_monthly_transaction_count,-3.1597,avg_transaction_amount,1.9484,account_age_days,1.6991
4268,0.7037,High,avg_standing_order_amount,4.1834,avg_monthly_transaction_count,3.5665,credit_debit_ratio,-1.3154
3115,0.8109,High,avg_monthly_transaction_count,3.785,avg_standing_order_amount,3.2985,standing_order_count,1.3532
8169,0.8116,High,avg_monthly_transaction_count,4.6722,standing_order_count,2.0736,avg_balance,1.9489
1256,0.8098,High,avg_monthly_transaction_count,5.1806,avg_standing_order_amount,1.6922,avg_transaction_amount,1.1094
3460,0.8113,High,balance_volatility,3.4173,avg_transaction_amount,2.4318,avg_standing_order_amount,1.9271
1389,0.8117,High,avg_standing_order_amount,5.4604,avg_monthly_transaction_count,5.3938,balance_volatility,1.5081
1329,0.8115,High,avg_monthly_transaction_count,3.9062,avg_standing_order_amount,2.5708,standing_order_count,2.3556
10233,0.8108,High,avg_monthly_transaction_count,6.625,credit_debit_ratio,1.1236,avg_transaction_amount,1.0238
9263,0.8119,High,avg_monthly_transaction_count,7.4344,avg_standing_order_amount,2.6994,credit_debit_ratio,0.9942
6686,0.056,Low,avg_monthly_transaction_count,-2.4412,credit_debit_ratio,0.9053,avg_transaction_amount,0.8061
940,0.056,Low,avg_balance,-1.9673,balance_volatility,1.0925,avg_standing_order_amount,0.9839
6440,0.8116,High,balance_volatility,2.6309,avg_standing_order_amount,1.9646,avg_transaction_amount,1.8305
10243,0.812,High,avg_monthly_transaction_count,7.78,district_avg_salary,1.8913,avg_standing_order_amount,1.7575
2445,0.8112,High,avg_monthly_transaction_count,3.236,balance_volatility,2.0576,avg_standing_order_amount,1.9056
10788,0.2242,Low,avg_monthly_transaction_count,2.1671,standing_order_count,1.4195,balance_volatility,1.2806
5263,0.8107,High,avg_monthly_transaction_count,4.1694,avg_standing_order_amount,2.5427,total_debit_amount,1.0955
6453,0.0559,Low,avg_standing_order_amount,-3.8812,avg_monthly_transaction_count,3.8349,district_urban_ratio,-0.6946
11096,0.8115,High,avg_standing_order_amount,4.4723,avg_monthly_transaction_count,3.3028,account_age_days,1.2474
9208,0.8117,High,avg_monthly_transaction_count,6.7172,avg_standing_order_amount,2.1619,avg_transaction_amount,1.3377
9037,0.8015,High,avg_monthly_transaction_count,5.6487,avg_standing_order_amount,2.8623,total_debit_amount,0.9715
6273,0.8112,High,avg_monthly_transaction_count,3.9432,standing_order_count,1.8742,balance_volatility,1.7947
6061,0.8104,High,avg_standing_order_amount,2.598,avg_monthly_transaction_count,2.1027,account_age_days,1.6252
1528,0.8111,High,avg_monthly_transaction_count,4.7281,avg_standing_order_amount,1.8236,standing_order_count,1.5151
915,0.8105,High,avg_monthly_transaction_count,5.7647,avg_standing_order_amount,1.6406,standing_order_count,1.2533
10940,0.7927,High,avg_standing_order_amount,4.6951,avg_monthly_transaction_count,3.8736,standing_order_count,0.8721
4190,0.7735,High,avg_monthly_transaction_count,8.0297,avg_standing_order_amount,1.433,credit_debit_ratio,0.5231
9646,0.8112,High,avg_standing_order_amount,4.8452,avg_transaction_amount,3.497,balance_volatility,2.5614
2572,0.7901,High,avg_monthly_transaction_count,4.7647,avg_standing_order_amount,2.6779,balance_volatility,1.217
2352,0.0561,Low,avg_monthly_transaction_count,5.1611,avg_standing_order_amount,-2.3458,standing_order_count,-0.9194
7562,0.7631,High,avg_standing_order_amount,3.0668,avg_monthly_transaction_count,2.2551,avg_transaction_amount,1.5975
2262,0.2966,Low,avg_monthly_transaction_count,3.68,avg_standing_order_amount,3.4026,balance_volatility,2.3404
7819,0.8119,High,avg_monthly_transaction_count,13.0113,avg_standing_order_amount,-1.5498,standing_order_count,1.2568
5269,0.7813,High,avg_monthly_transaction_count,4.8991,avg_standing_order_amount,2.0298,min_balance_ever,0.9287
6592,0.8114,High,avg_monthly_transaction_count,6.042,avg_standing_order_amount,4.5298,avg_transaction_amount,-1.0028
6555,0.7673,High,avg_standing_order_amount,2.8477,avg_monthly_transaction_count,2.7651,balance_volatility,2.2349
2227,0.8114,High,avg_standing_order_amount,4.7136,avg_monthly_transaction_count,4.3237,balance_volatility,1.3675
3050,0.8089,High,avg_monthly_transaction_count,10.2823,avg_standing_order_amount,2.6732,balance_volatility,0.7651
6924,0.8112,High,avg_monthly_transaction_count,5.255,avg_standing_order_amount,3.6951,credit_debit_ratio,1.048
8776,0.8113,High,avg_monthly_transaction_count,4.3646,standing_order_count,2.645,avg_balance,1.0347
8688,0.8111,High,avg_monthly_transaction_count,5.1594,avg_standing_order_amount,2.947,account_age_days,1.146
10215,0.8113,High,avg_monthly_transaction_count,4.7992,avg_balance,1.0936,avg_standing_order_amount,1.0566
5650,0.8119,High,avg_monthly_transaction_count,5.6616,avg_standing_order_amount,5.0116,standing_order_count,1.0927
4852,0.7442,High,avg_standing_order_amount,3.6607,avg_monthly_transaction_count,3.6061,standing_order_count,1.2045
4456,0.8116,High,avg_monthly_transaction_count,5.0228,avg_standing_order_amount,3.4148,balance_volatility,1.8687
3137,0.056,Low,avg_monthly_transaction_count,-2.7204,avg_transaction_amount,0.9144,avg_standing_order_amount,0.6575
6030,0.8114,High,avg_standing_order_amount,2.9474,avg_transaction_amount,2.8413,standing_order_count,1.8494
10942,0.8116,High,avg_monthly_transaction_count,6.6075,avg_standing_order_amount,5.0751,district_avg_salary,1.7108
10905,0.0559,Low,avg_monthly_transaction_count,2.9977,credit_debit_ratio,-1.6016,transaction_trend,-1.2034
5628,0.056,Low,balance_volatility,-0.9078,avg_transaction_amount,0.6774,avg_balance,0.4686
1004,0.8111,High,avg_monthly_transaction_count,4.4952,avg_standing_order_amount,3.2191,balance_volatility,1.5108
10022,0.8026,High,avg_monthly_transaction_count,5.1841,avg_standing_order_amount,4.691,standing_order_count,1.058
2268,0.8092,High,avg_monthly_transaction_count,3.0214,avg_standing_order_amount,1.8997,avg_transaction_amount,1.3912
4423,0.8107,High,avg_monthly_transaction_count,4.3734,balance_volatility,2.2097,avg_transaction_amount,1.2973
2910,0.081,Low,avg_standing_order_amount,3.3653,avg_transaction_amount,-2.4649,account_age_days,2.1668
8327,0.8117,High,avg_monthly_transaction_count,7.2164,avg_standing_order_amount,2.533,balance_volatility,1.2905
2728,0.8115,High,avg_standing_order_amount,5.3015,avg_monthly_transaction_count,2.4779,transaction_trend,1.1291
10711,0.0559,Low,avg_monthly_transaction_count,5.0129,avg_standing_order_amount,-2.9672,avg_balance,-2.1494
4660,0.8114,High,avg_monthly_transaction_count,6.2164,district_crimes_count,2.4978,district_urban_ratio,1.4653
9510,0.8096,High,avg_standing_order_amount,2.2435,avg_transaction_amount,2.1891,transaction_trend,1.1964
7594,0.8116,High,avg_monthly_transaction_count,11.951,balance_volatility,0.8843,avg_transaction_amount,0.8396
7890,0.057,Low,avg_monthly_transaction_count,1.9216,avg_standing_order_amount,0.995,credit_debit_ratio,-0.7591
7857,0.8119,High,avg_monthly_transaction_count,11.09,avg_standing_order_amount,2.0423,credit_debit_ratio,0.9338
854,0.0889,Low,avg_monthly_transaction_count,6.4069,avg_standing_order_amount,-2.2658,transaction_trend,0.8268
11317,0.8117,High,avg_monthly_transaction_count,9.8996,avg_standing_order_amount,2.4065,district_avg_salary,1.406
813,0.0962,Low,avg_standing_order_amount,3.1092,avg_transaction_amount,2.2949,account_age_days,-2.1313
11079,0.7346,High,avg_monthly_transaction_count,3.5259,avg_standing_order_amount,2.7027,district_avg_salary,1.2712
5591,0.81,High,avg_monthly_transaction_count,11.364,avg_standing_order_amount,-0.7144,client_age,0.6991
1603,0.8106,High,avg_monthly_transaction_count,5.6805,avg_standing_order_amount,2.2619,total_transaction_count,1.3141
4342,0.8117,High,avg_monthly_transaction_count,5.2294,avg_standing_order_amount,4.7052,balance_volatility,1.5459
1375,0.8097,High,avg_monthly_transaction_count,4.2182,avg_standing_order_amount,2.3663,district_avg_salary,1.0747
5313,0.7357,High,avg_monthly_transaction_count,7.844,avg_standing_order_amount,1.3945,avg_transaction_amount,0.8795
1374,0.8113,High,avg_standing_order_amount,3.0193,avg_monthly_transaction_count,2.7118,district_avg_salary,1.5082
2720,0.7098,High,avg_monthly_transaction_count,10.0024,avg_standing_order_amount,1.8234,district_avg_salary,-1.4046
9560,0.8108,High,avg_standing_order_amount,4.8426,balance_volatility,3.0063,avg_transaction_amount,1.9246
2167,0.8112,High,avg_standing_order_amount,4.8129,avg_monthly_transaction_count,3.8976,credit_debit_ratio,1.0247
3455,0.8116,High,balance_volatility,3.4016,avg_transaction_amount,2.9643,avg_standing_order_amount,2.9414
8321,0.8115,High,avg_monthly_transaction_count,6.734,avg_standing_order_amount,3.4814,total_transaction_count,0.7677
8772,0.8118,High,avg_monthly_transaction_count,3.9049,avg_standing_order_amount,3.1725,avg_balance,2.7358
8645,0.8119,High,avg_monthly_transaction_count,5.8485,avg_standing_order_amount,4.7643,standing_order_count,1.2933
4949,0.1051,Low,avg_standing_order_amount,3.2271,balance_volatility,1.9717,account_age_days,1.2631
1447,0.8113,High,avg_standing_order_amount,3.4824,account_age_days,1.6697,standing_order_count,1.5555
5164,0.8114,High,avg_standing_order_amount,2.2859,transaction_trend,2.0956,avg_balance,2.0814
4725,0.0568,Low,avg_monthly_transaction_count,-2.3667,standing_order_count,1.686,avg_standing_order_amount,1.284
5283,0.1378,Low,avg_standing_order_amount,4.4612,avg_transaction_amount,-1.4919,avg_monthly_transaction_count,1.4006
7565,0.8111,High,avg_monthly_transaction_count,5.2829,avg_standing_order_amount,2.493,credit_debit_ratio,1.0888
11328,0.8107,High,balance_volatility,2.7547,avg_monthly_transaction_count,2.0102,avg_transaction_amount,1.9221
7907,0.8116,High,avg_standing_order_amount,5.2723,avg_monthly_transaction_count,4.1159,balance_volatility,1.4752
5196,0.7935,High,avg_standing_order_amount,5.1875,avg_monthly_transaction_count,3.614,avg_balance,-1.5405
5632,0.8111,High,avg_monthly_transaction_count,3.3452,balance_volatility,2.3257,avg_standing_order_amount,2.0687
2106,0.8114,High,avg_standing_order_amount,3.9433,standing_order_count,2.0664,avg_transaction_amount,1.7251
4650,0.8115,High,avg_monthly_transaction_count,5.933,avg_standing_order_amount,2.3099,client_age,1.306
110,0.0608,Low,avg_monthly_transaction_count,3.0519,avg_transaction_amount,0.8509,transaction_trend,0.5004
132,0.8113,High,avg_standing_order_amount,3.7902,avg_monthly_transaction_count,2.5809,avg_transaction_amount,1.9833
2936,0.8114,High,avg_standing_order_amount,4.398,avg_monthly_transaction_count,1.7624,standing_order_count,1.7409
11111,0.1259,Low,avg_monthly_transaction_count,3.2629,avg_standing_order_amount,1.3411,balance_volatility,1.301
9645,0.8111,High,avg_standing_order_amount,4.2279,avg_monthly_transaction_count,3.6534,credit_debit_ratio,1.2288
9677,0.8109,High,avg_monthly_transaction_count,3.2444,avg_standing_order_amount,3.0408,account_age_days,1.2133
544,0.0566,Low,avg_transaction_amount,1.2659,avg_monthly_transaction_count,0.9964,standing_order_count,0.8256
5118,0.8111,High,avg_monthly_transaction_count,5.1925,avg_transaction_amount,1.3086,transaction_trend,1.0277
67,0.7918,High,avg_monthly_transaction_count,4.666,avg_standing_order_amount,2.4888,credit_debit_ratio,0.9636
9235,0.2888,Low,avg_monthly_transaction_count,2.8724,standing_order_count,2.8515,avg_transaction_amount,1.0435
9201,0.8114,High,avg_monthly_transaction_count,6.4242,avg_standing_order_amount,4.9561,standing_order_count,1.4067
9179,0.8114,High,avg_monthly_transaction_count,3.6478,avg_standing_order_amount,1.7537,standing_order_count,1.6577
8405,0.812,High,avg_monthly_transaction_count,14.101,avg_standing_order_amount,1.543,credit_debit_ratio,0.7113
10789,0.812,High,avg_monthly_transaction_count,13.7117,avg_standing_order_amount,1.9751,avg_balance,-1.0094
4616,0.3655,Low,avg_monthly_transaction_count,5.1425,avg_standing_order_amount,4.4761,avg_balance,-1.2123
9583,0.8115,High,avg_standing_order_amount,4.7216,avg_monthly_transaction_count,4.3627,standing_order_count,1.2328
5395,0.811,High,avg_monthly_transaction_count,3.3767,avg_standing_order_amount,2.4317,balance_volatility,1.9149
4099,0.8105,High,avg_monthly_transaction_count,7.1035,account_age_days,1.2325,avg_transaction_amount,1.1838
11141,0.79,High,avg_monthly_transaction_count,4.4358,standing_order_count,1.8977,balance_volatility,1.331
8972,0.8105,High,avg_monthly_transaction_count,6.4154,account_age_days,1.1749,credit_debit_ratio,1.1692
440,0.8105,High,avg_monthly_transaction_count,3.0543,avg_standing_order_amount,2.4397,avg_transaction_amount,1.1679
9513,0.811,High,avg_monthly_transaction_count,3.6331,avg_standing_order_amount,2.6785,avg_transaction_amount,1.1385
9493,0.8114,High,avg_monthly_transaction_count,5.5032,avg_standing_order_amount,4.6999,avg_transaction_amount,1.2117
3906,0.5785,Medium,avg_transaction_amount,3.1399,avg_standing_order_amount,2.9893,balance_volatility,1.9657
5774,0.7888,High,avg_monthly_transaction_count,5.0211,avg_standing_order_amount,1.8099,credit_debit_ratio,0.7958
9227,0.8117,High,avg_monthly_transaction_count,5.1215,avg_balance,3.0485,account_age_days,2.352
2872,0.8116,High,avg_monthly_transaction_count,3.3969,avg_standing_order_amount,3.142,avg_balance,2.6414
3804,0.8112,High,avg_monthly_transaction_count,7.1169,avg_standing_order_amount,2.0597,credit_debit_ratio,1.3218
8320,0.8117,High,avg_standing_order_amount,4.7221,avg_monthly_transaction_count,4.427,credit_debit_ratio,1.2076
1766,0.812,High,avg_monthly_transaction_count,13.3837,avg_standing_order_amount,-0.8525,avg_transaction_amount,0.8499
5944,0.1862,Low,avg_monthly_transaction_count,2.2565,avg_standing_order_amount,1.2099,avg_transaction_amount,1.139
5912,0.8115,High,avg_standing_order_amount,4.005,standing_order_count,1.8081,account_age_days,1.663
97,0.8114,High,avg_monthly_transaction_count,9.6435,avg_transaction_amount,1.0568,avg_standing_order_amount,0.9755
10652,0.8104,High,avg_monthly_transaction_count,3.8272,avg_transaction_amount,1.6836,account_age_days,1.2279
3293,0.8116,High,avg_monthly_transaction_count,12.8751,account_age_days,1.0358,balance_volatility,0.7189
9730,0.0603,Low,avg_monthly_transaction_count,2.4963,account_age_days,0.9569,district_urban_ratio,-0.5683
10440,0.8103,High,avg_monthly_transaction_count,5.667,avg_transaction_amount,1.2463,transaction_trend,0.8823
1252,0.8102,High,avg_monthly_transaction_count,2.16,avg_standing_order_amount,1.8232,avg_transaction_amount,1.7531
2035,0.8118,High,avg_monthly_transaction_count,11.9985,avg_standing_order_amount,1.3878,avg_transaction_amount,0.7833
4576,0.157,Low,avg_monthly_transaction_count,3.4389,avg_standing_order_amount,0.9823,avg_transaction_amount,0.8733
8784,0.8051,High,avg_monthly_transaction_count,5.0245,avg_standing_order_amount,4.0336,avg_transaction_amount,0.9334
4774,0.8112,High,avg_monthly_transaction_count,5.1382,avg_standing_order_amount,4.6471,avg_balance,0.9008
4784,0.8109,High,avg_transaction_amount,3.1192,account_age_days,2.297,avg_standing_order_amount,2.0516
9167,0.812,High,avg_monthly_transaction_count,13.3502,avg_transaction_amount,0.9742,avg_standing_order_amount,0.9591
11349,0.8106,High,avg_monthly_transaction_count,4.9036,avg_standing_order_amount,4.6065,standing_order_count,1.4682
5385,0.8115,High,avg_standing_order_amount,4.8875,avg_monthly_transaction_count,4.8172,standing_order_count,1.1471
8931,0.8119,High,avg_monthly_transaction_count,12.1547,balance_volatility,1.9749,avg_standing_order_amount,1.3184
9869,0.8108,High,avg_monthly_transaction_count,4.6086,avg_standing_order_amount,2.7876,client_age,1.3013
7240,0.1763,Low,avg_standing_order_amount,3.6553,standing_order_count,1.6624,district_avg_salary,-1.278
3556,0.8106,High,avg_monthly_transaction_count,3.8396,account_age_days,1.7006,avg_standing_order_amount,1.3533
1407,0.8118,High,avg_monthly_transaction_count,9.9399,avg_standing_order_amount,2.4778,district_avg_salary,1.4592
3664,0.8114,High,avg_standing_order_amount,3.268,avg_monthly_transaction_count,2.6757,avg_transaction_amount,2.4408
9548,0.8115,High,avg_standing_order_amount,3.5771,avg_monthly_transaction_count,2.2867,balance_volatility,1.565
9627,0.8115,High,avg_standing_order_amount,3.4263,avg_monthly_transaction_count,3.3173,balance_volatility,2.8263
10478,0.8024,High,balance_volatility,4.3744,avg_standing_order_amount,2.1842,avg_transaction_amount,1.8398
8129,0.8105,High,avg_monthly_transaction_count,3.9561,avg_standing_order_amount,3.3306,credit_debit_ratio,1.1384
8492,0.8098,High,avg_monthly_transaction_count,5.7706,avg_standing_order_amount,2.1376,avg_transaction_amount,0.8716
8505,0.8107,High,avg_monthly_transaction_count,4.6289,standing_order_count,1.8884,avg_standing_order_amount,1.5989
3907,0.8112,High,balance_volatility,5.3515,avg_standing_order_amount,3.101,avg_transaction_amount,2.2454
993,0.0559,Low,avg_monthly_transaction_count,-3.7679,balance_volatility,1.2526,transaction_trend,-0.8593
10762,0.0658,Low,avg_monthly_transaction_count,2.0484,avg_standing_order_amount,1.3312,avg_transaction_amount,0.9864
5742,0.8109,High,balance_volatility,2.6325,avg_standing_order_amount,2.4504,avg_monthly_transaction_count,2.0169
2246,0.8115,High,balance_volatility,4.0403,avg_standing_order_amount,3.1356,avg_transaction_amount,2.489
5445,0.7986,High,avg_monthly_transaction_count,8.1151,avg_standing_order_amount,-1.1735,transaction_trend,0.9335
10019,0.8103,High,balance_volatility,3.1208,avg_standing_order_amount,2.3329,avg_monthly_transaction_count,2.0832
2245,0.0709,Low,avg_standing_order_amount,2.828,balance_volatility,1.7815,account_age_days,-1.6799
960,0.8111,High,avg_monthly_transaction_count,5.1998,avg_standing_order_amount,2.8987,credit_debit_ratio,1.1997
789,0.0566,Low,avg_monthly_transaction_count,1.802,avg_standing_order_amount,-1.7326,standing_order_count,0.9799
10774,0.8115,High,avg_standing_order_amount,4.5851,avg_monthly_transaction_count,3.4731,standing_order_count,1.5496
4631,0.811,High,balance_volatility,2.9599,avg_transaction_amount,2.2389,transaction_trend,1.6266
11054,0.8109,High,avg_standing_order_amount,4.7824,avg_monthly_transaction_count,3.7731,standing_order_count,1.1732
9494,0.8117,High,avg_standing_order_amount,5.5104,avg_monthly_transaction_count,3.583,standing_order_count,1.2563
5481,0.7989,High,avg_monthly_transaction_count,3.9376,avg_standing_order_amount,2.0907,standing_order_count,1.5586
10364,0.8104,High,avg_monthly_transaction_count,4.3708,avg_standing_order_amount,2.3867,transaction_trend,1.3791
4414,0.7518,High,avg_monthly_transaction_count,5.858,avg_standing_order_amount,1.9997,standing_order_count,0.6487
1284,0.0585,Low,avg_transaction_amount,2.0335,balance_volatility,1.8151,avg_monthly_transaction_count,-1.5251
7607,0.8104,High,avg_monthly_transaction_count,5.4732,avg_standing_order_amount,2.2017,credit_debit_ratio,1.167
6425,0.6112,Medium,avg_monthly_transaction_count,3.9542,standing_order_count,1.4217,avg_standing_order_amount,1.1403
38,0.8118,High,avg_monthly_transaction_count,7.3008,account_age_days,1.4933,total_credit_amount,0.8549
9377,0.8117,High,avg_monthly_transaction_count,8.6457,avg_standing_order_amount,2.0334,credit_debit_ratio,1.2268
4999,0.8112,High,avg_monthly_transaction_count,4.8071,avg_standing_order_amount,4.6216,balance_volatility,1.505
11135,0.809,High,avg_monthly_transaction_count,4.1001,avg_standing_order_amount,2.2088,credit_debit_ratio,1.1079
339,0.3812,Low,avg_monthly_transaction_count,5.1287,avg_standing_order_amount,1.2681,avg_balance,-1.016
8523,0.8114,High,avg_monthly_transaction_count,4.528,avg_standing_order_amount,2.7767,balance_volatility,1.3379
6701,0.7348,High,avg_monthly_transaction_count,3.6377,standing_order_count,2.1112,account_age_days,-1.2923
6856,0.8116,High,avg_monthly_transaction_count,7.0313,avg_standing_order_amount,2.9664,credit_debit_ratio,1.3547
9640,0.8119,High,avg_monthly_transaction_count,5.9104,avg_standing_order_amount,5.1295,balance_volatility,1.3517
3953,0.8115,High,avg_monthly_transaction_count,5.0098,avg_standing_order_amount,2.9874,balance_volatility,1.5715
1011,0.8114,High,avg_monthly_transaction_count,5.0347,avg_standing_order_amount,4.7366,avg_transaction_amount,0.9916
5477,0.8118,High,avg_standing_order_amount,5.9199,avg_monthly_transaction_count,5.1268,balance_volatility,1.5912
2116,0.8101,High,avg_monthly_transaction_count,4.8337,avg_standing_order_amount,2.33,credit_debit_ratio,1.1256
6434,0.0603,Low,balance_volatility,2.1077,avg_standing_order_amount,1.2452,avg_transaction_amount,1.0202
5256,0.8111,High,avg_monthly_transaction_count,4.3917,avg_standing_order_amount,2.4684,balance_volatility,2.0951
2994,0.81,High,avg_monthly_transaction_count,3.8607,transaction_trend,1.2847,avg_transaction_amount,1.1853
2456,0.8069,High,avg_standing_order_amount,5.0747,avg_monthly_transaction_count,3.8074,standing_order_count,0.962
5270,0.8108,High,avg_monthly_transaction_count,3.955,standing_order_count,2.1318,avg_standing_order_amount,2.1106
6649,0.0564,Low,avg_monthly_transaction_count,-3.2868,balance_volatility,1.6272,avg_transaction_amount,1.0301
6678,0.7776,High,avg_monthly_transaction_count,4.5845,avg_standing_order_amount,3.6723,balance_volatility,1.3491
7765,0.8109,High,avg_standing_order_amount,4.642,avg_monthly_transaction_count,3.0723,balance_volatility,1.3273
2218,0.8112,High,avg_monthly_transaction_count,3.6067,standing_order_count,2.0388,district_avg_salary,1.997
9424,0.8112,High,avg_standing_order_amount,3.0533,avg_transaction_amount,3.0516,client_age,1.6277
9403,0.4685,Medium,avg_monthly_transaction_count,2.0968,avg_standing_order_amount,1.4392,credit_debit_ratio,1.3583
5317,0.8108,High,avg_standing_order_amount,2.1295,avg_monthly_transaction_count,1.8178,account_age_days,1.7204
9153,0.8116,High,avg_monthly_transaction_count,5.3688,avg_standing_order_amount,2.0215,avg_transaction_amount,1.2162
9188,0.8109,High,avg_monthly_transaction_count,8.5625,avg_standing_order_amount,1.5409,account_age_days,-0.9907
11265,0.8115,High,avg_monthly_transaction_count,3.9631,avg_balance,2.3099,avg_standing_order_amount,2.1961
7721,0.8109,High,avg_transaction_amount,2.1356,balance_volatility,2.0204,account_age_days,1.8117
9031,0.8115,High,avg_monthly_transaction_count,7.5215,account_age_days,1.4708,credit_debit_ratio,1.4389
3637,0.8107,High,avg_monthly_transaction_count,4.6981,avg_balance,1.2062,avg_transaction_amount,1.1624
3064,0.1013,Low,avg_monthly_transaction_count,4.4539,account_age_days,-0.8151,district_urban_ratio,-0.7398
4079,0.8117,High,avg_monthly_transaction_count,12.726,transaction_trend,-1.7109,client_age,0.9443
11013,0.8114,High,avg_monthly_transaction_count,7.2356,avg_standing_order_amount,3.3966,balance_volatility,1.1271
10520,0.1497,Low,balance_volatility,3.9332,avg_standing_order_amount,2.7873,transaction_trend,-1.9757
10093,0.8117,High,avg_monthly_transaction_count,9.1202,avg_standing_order_amount,2.9308,credit_debit_ratio,1.2943
10202,0.8116,High,avg_monthly_transaction_count,4.508,avg_standing_order_amount,3.2023,balance_volatility,1.6796
5724,0.812,High,avg_monthly_transaction_count,13.9904,avg_transaction_amount,0.9052,credit_debit_ratio,0.6976
6505,0.0562,Low,avg_monthly_transaction_count,-3.2188,credit_debit_ratio,-1.8975,avg_transaction_amount,1.8465
8261,0.8119,High,avg_monthly_transaction_count,12.6431,avg_transaction_amount,0.7126,credit_debit_ratio,0.5481
10663,0.8107,High,avg_standing_order_amount,5.5702,avg_monthly_transaction_count,5.2903,balance_volatility,1.4081
2361,0.8115,High,avg_monthly_transaction_count,3.8674,avg_standing_order_amount,3.8434,avg_balance,1.9299
7190,0.8108,High,avg_monthly_transaction_count,4.0148,avg_standing_order_amount,2.1883,credit_debit_ratio,1.0733
7844,0.3149,Low,avg_monthly_transaction_count,1.5526,credit_debit_ratio,1.4399,avg_transaction_amount,1.4289
4427,0.057,Low,avg_monthly_transaction_count,-1.9559,avg_balance,1.7346,standing_order_count,1.5964
8519,0.8106,High,avg_monthly_transaction_count,5.8975,avg_standing_order_amount,3.5096,standing_order_count,1.1963
9024,0.0594,Low,avg_monthly_transaction_count,4.4826,avg_standing_order_amount,0.9977,transaction_trend,-0.6649
105,0.811,High,avg_standing_order_amount,3.9692,avg_transaction_amount,2.2447,avg_monthly_transaction_count,-1.8053
5602,0.7838,High,avg_monthly_transaction_count,3.4376,balance_volatility,1.8078,standing_order_count,1.7336
1093,0.5069,Medium,avg_monthly_transaction_count,4.2645,avg_standing_order_amount,3.8027,avg_transaction_amount,-1.898
8114,0.8105,High,avg_monthly_transaction_count,4.6475,avg_standing_order_amount,1.5306,avg_transaction_amount,1.0383
348,0.0558,Low,avg_monthly_transaction_count,-2.5688,avg_standing_order_amount,-2.4076,avg_transaction_amount,1.4184
340,0.0558,Low,avg_standing_order_amount,-3.0173,avg_monthly_transaction_count,1.6139,avg_transaction_amount,-1.062
297,0.0558,Low,avg_standing_order_amount,-3.6741,avg_monthly_transaction_count,1.9157,transaction_trend,-1.2908
2371,0.0562,Low,avg_monthly_transaction_count,-3.0356,account_age_days,1.9143,avg_standing_order_amount,1.3177
3132,0.0971,Low,avg_monthly_transaction_count,4.3659,avg_standing_order_amount,-2.1808,standing_order_count,1.1363
3281,0.0558,Low,avg_monthly_transaction_count,-3.7674,avg_standing_order_amount,1.0617,account_age_days,1.0197
3636,0.057,Low,avg_monthly_transaction_count,3.413,avg_standing_order_amount,-0.8727,credit_debit_ratio,-0.7877
3649,0.0588,Low,avg_monthly_transaction_count,1.9956,account_age_days,-0.9237,balance_volatility,-0.7658
86,0.0558,Low,avg_transaction_amount,-1.7384,account_age_days,-1.5775,avg_standing_order_amount,-0.6617
80,0.0558,Low,avg_monthly_transaction_count,-3.3119,avg_transaction_amount,-1.8491,credit_debit_ratio,-1.3524
102,0.0558,Low,min_balance_ever,-3.4724,avg_monthly_transaction_count,-2.7319,district_urban_ratio,1.4938
144,0.0559,Low,min_balance_ever,-3.3977,avg_standing_order_amount,-3.0462,avg_monthly_transaction_count,1.5345
3060,0.0565,Low,avg_monthly_transaction_count,-3.0816,avg_transaction_amount,1.7267,avg_standing_order_amount,0.9643
2197,0.0558,Low,avg_monthly_transaction_count,-2.4618,credit_debit_ratio,-1.9341,account_age_days,1.2003
1616,0.0558,Low,avg_monthly_transaction_count,-3.4547,avg_transaction_amount,-1.5823,credit_debit_ratio,-1.2358
841,0.0558,Low,avg_transaction_amount,-1.9479,avg_monthly_transaction_count,-1.2274,client_age,-0.865
3683,0.0561,Low,avg_balance,-1.4458,avg_transaction_amount,1.1417,account_age_days,-1.0942
3424,0.1036,Low,avg_monthly_transaction_count,5.1495,avg_balance,-1.5289,account_age_days,-1.1784
3620,0.0558,Low,avg_standing_order_amount,-2.4105,avg_monthly_transaction_count,-2.2103,credit_debit_ratio,-1.2103
592,0.0558,Low,avg_standing_order_amount,-1.8565,avg_transaction_amount,-1.5559,avg_monthly_transaction_count,-0.8101
1151,0.0602,Low,balance_volatility,1.4496,avg_transaction_amount,1.2649,avg_monthly_transaction_count,1.2239
2048,0.0559,Low,avg_standing_order_amount,-3.2355,account_age_days,0.9542,avg_transaction_amount,0.6242
1828,0.061,Low,avg_monthly_transaction_count,7.982,transaction_trend,-3.8978,avg_standing_order_amount,-0.8449
1831,0.0558,Low,avg_transaction_amount,-1.6055,avg_monthly_transaction_count,-1.2096,balance_volatility,-1.0974
1813,0.0571,Low,avg_monthly_transaction_count,4.0697,avg_balance,-2.0599,credit_debit_ratio,0.7942
1187,0.0558,Low,avg_monthly_transaction_count,-3.6634,avg_transaction_amount,-1.3631,transaction_trend,1.1147
1194,0.0664,Low,avg_transaction_amount,1.1135,avg_standing_order_amount,1.0713,standing_order_count,0.7051
3346,0.0568,Low,avg_monthly_transaction_count,1.3708,account_age_days,1.0304,avg_standing_order_amount,1.0057
3535,0.0558,Low,avg_monthly_transaction_count,-3.1941,avg_transaction_amount,-2.2301,account_age_days,-0.7245
3537,0.0562,Low,avg_monthly_transaction_count,3.4614,avg_standing_order_amount,-3.4532,account_age_days,1.252
390,0.8115,High,avg_monthly_transaction_count,6.3195,avg_standing_order_amount,2.8517,district_avg_salary,1.91
1964,0.0558,Low,avg_monthly_transaction_count,-3.6237,balance_volatility,-0.6338,avg_standing_order_amount,0.4465
4276,0.0566,Low,balance_volatility,1.5542,standing_order_count,1.387,transaction_trend,-1.2627
4309,0.0558,Low,avg_monthly_transaction_count,-3.4807,credit_debit_ratio,-1.306,avg_standing_order_amount,1.1288
5546,0.0558,Low,min_balance_ever,-4.7931,avg_monthly_transaction_count,-1.4616,avg_transaction_amount,1.0082
2826,0.0561,Low,avg_monthly_transaction_count,-2.1035,avg_transaction_amount,1.5364,account_age_days,1.145
2702,0.0564,Low,avg_standing_order_amount,-1.6663,credit_debit_ratio,1.0878,avg_transaction_amount,0.9696
4346,0.0625,Low,avg_monthly_transaction_count,3.7451,avg_standing_order_amount,2.1451,avg_balance,-1.7824
1008,0.0558,Low,avg_monthly_transaction_count,-3.4577,avg_transaction_amount,-1.2877,balance_volatility,-0.8548
3772,0.0559,Low,credit_debit_ratio,0.8165,avg_standing_order_amount,-0.7875,avg_transaction_amount,0.6506
2408,0.056,Low,avg_standing_order_amount,-1.3132,avg_transaction_amount,1.1263,account_age_days,1.0805
5387,0.0558,Low,min_balance_ever,-4.0513,avg_standing_order_amount,-1.3481,avg_transaction_amount,0.7181
2917,0.0572,Low,avg_monthly_transaction_count,-2.3915,avg_standing_order_amount,1.8549,avg_transaction_amount,1.4035
3386,0.0558,Low,avg_standing_order_amount,-3.6095,min_balance_ever,-3.2885,balance_volatility,2.4378
3384,0.0558,Low,avg_monthly_transaction_count,-3.6091,avg_transaction_amount,-1.3369,balance_volatility,-0.9968
1294,0.0559,Low,avg_standing_order_amount,-1.4928,transaction_trend,-0.8282,avg_transaction_amount,0.6315
1321,0.0558,Low,avg_monthly_transaction_count,-1.1979,avg_transaction_amount,-1.1853,transaction_trend,1.0295
4386,0.0563,Low,avg_standing_order_amount,3.7979,avg_monthly_transaction_count,-2.4642,account_age_days,-1.5862
539,0.0558,Low,min_balance_ever,-2.7823,avg_standing_order_amount,-2.5496,avg_monthly_transaction_count,-2.3139
3399,0.0566,Low,avg_monthly_transaction_count,3.2876,avg_standing_order_amount,-1.7078,transaction_trend,0.7691
3366,0.1012,Low,avg_monthly_transaction_count,3.1995,avg_transaction_amount,1.1966,total_debit_amount,0.5114
256,0.0558,Low,avg_monthly_transaction_count,-2.7662,avg_standing_order_amount,-2.693,avg_transaction_amount,1.3158
250,0.0563,Low,avg_monthly_transaction_count,-2.5046,district_urban_ratio,1.4657,account_age_days,0.9824
1778,0.0559,Low,avg_transaction_amount,1.013,credit_debit_ratio,-0.7012,balance_volatility,-0.6249
2309,0.0559,Low,avg_monthly_transaction_count,-2.1176,avg_standing_order_amount,-1.1933,avg_transaction_amount,1.0068
2625,0.0572,Low,avg_monthly_transaction_count,4.9738,avg_transaction_amount,-2.482,avg_balance,-1.6585
6321,0.0558,Low,min_balance_ever,-4.237,avg_standing_order_amount,-2.664,avg_monthly_transaction_count,-2.139
3221,0.0558,Low,avg_standing_order_amount,-1.5089,avg_transaction_amount,-1.1808,avg_monthly_transaction_count,1.0633
3555,0.0565,Low,avg_monthly_transaction_count,-2.6635,avg_standing_order_amount,1.673,standing_order_count,1.3003
59,0.0564,Low,avg_monthly_transaction_count,1.9438,credit_debit_ratio,-1.0173,avg_standing_order_amount,0.8859
7,0.0561,Low,avg_monthly_transaction_count,-2.1693,avg_transaction_amount,1.6433,account_age_days,0.7678
2091,0.0558,Low,avg_monthly_transaction_count,-2.6909,avg_standing_order_amount,-2.2587,credit_debit_ratio,-1.1078
2095,0.0559,Low,avg_monthly_transaction_count,-2.4746,avg_standing_order_amount,-2.2995,client_age,1.4119
3000,0.0558,Low,avg_monthly_transaction_count,-2.6345,avg_standing_order_amount,-2.1028,avg_transaction_amount,1.0357
1511,0.0558,Low,min_balance_ever,-4.8598,standing_order_count,1.4475,avg_transaction_amount,-1.2047
1558,0.056,Low,avg_standing_order_amount,-2.2185,avg_monthly_transaction_count,1.4517,standing_order_count,1.1611
3583,0.0558,Low,avg_monthly_transaction_count,-3.5029,balance_volatility,-1.5934,avg_transaction_amount,-1.2496
3584,0.8038,High,avg_standing_order_amount,4.5689,avg_monthly_transaction_count,3.6006,district_urban_ratio,1.0215
3585,0.0558,Low,avg_monthly_transaction_count,-3.5123,avg_transaction_amount,-1.3156,balance_volatility,-0.997
3984,0.0558,Low,avg_monthly_transaction_count,-3.2011,avg_transaction_amount,-1.349,district_avg_salary,-0.8054
9333,0.0558,Low,min_balance_ever,-4.1119,avg_standing_order_amount,-3.8957,avg_monthly_transaction_count,2.6249
980,0.0561,Low,avg_monthly_transaction_count,2.3501,credit_debit_ratio,-0.9999,account_age_days,0.9237
3855,0.0568,Low,avg_monthly_transaction_count,2.7359,avg_transaction_amount,0.9293,district_urban_ratio,-0.8436
2581,0.0566,Low,account_age_days,-2.4984,avg_monthly_transaction_count,0.8086,avg_transaction_amount,0.7999
2587,0.0558,Low,min_balance_ever,-3.6035,avg_monthly_transaction_count,-2.2859,avg_standing_order_amount,-2.1329
3038,0.0558,Low,avg_standing_order_amount,-3.5908,avg_monthly_transaction_count,2.8544,avg_transaction_amount,-2.8392
3469,0.0558,Low,avg_monthly_transaction_count,-2.4081,avg_transaction_amount,-1.6036,balance_volatility,-1.179
2902,0.0567,Low,avg_monthly_transaction_count,1.7206,account_age_days,-1.038,avg_transaction_amount,0.8065
1998,0.0558,Low,avg_monthly_transaction_count,-2.824,avg_standing_order_amount,-1.8218,avg_transaction_amount,0.7641
1421,0.0558,Low,avg_standing_order_amount,-2.3546,transaction_trend,-1.2148,avg_monthly_transaction_count,0.9181
1436,0.0558,Low,avg_transaction_amount,-1.3701,balance_volatility,-1.3032,avg_monthly_transaction_count,-1.2204
650,0.0559,Low,balance_volatility,-1.2206,avg_transaction_amount,-1.2068,standing_order_count,0.9801
3269,0.0566,Low,transaction_trend,-2.2368,avg_transaction_amount,1.7523,balance_volatility,1.2843
342,0.0558,Low,avg_monthly_transaction_count,-3.4831,avg_transaction_amount,-1.9833,credit_debit_ratio,-1.3746
2075,0.0558,Low,avg_standing_order_amount,-3.779,avg_monthly_transaction_count,2.3389,avg_transaction_amount,-1.3643
1664,0.0577,Low,avg_monthly_transaction_count,-1.911,avg_transaction_amount,1.071,district_urban_ratio,0.8111
2498,0.0559,Low,avg_monthly_transaction_count,-1.1886,client_age,0.6087,district_urban_ratio,-0.4045
2233,0.0558,Low,avg_monthly_transaction_count,-3.5752,avg_transaction_amount,-1.4344,balance_volatility,-0.5624
2230,0.0558,Low,avg_monthly_transaction_count,-3.5668,avg_transaction_amount,-1.3965,balance_volatility,-1.31
9041,0.0559,Low,min_balance_ever,-4.6812,avg_standing_order_amount,-3.3529,avg_monthly_transaction_count,2.3221
5984,0.0558,Low,min_balance_ever,-2.6652,avg_standing_order_amount,-2.5377,avg_monthly_transaction_count,-2.112
2194,0.056,Low,avg_monthly_transaction_count,-2.6192,avg_transaction_amount,1.2416,account_age_days,0.9519
3628,0.056,Low,avg_monthly_transaction_count,2.7216,avg_standing_order_amount,-1.6288,district_urban_ratio,-0.8022
611,0.0558,Low,avg_monthly_transaction_count,-3.4113,avg_transaction_amount,-1.7275,credit_debit_ratio,-1.4253
2638,0.0566,Low,avg_monthly_transaction_count,3.0826,transaction_trend,0.712,avg_transaction_amount,0.6732
4208,0.0558,Low,avg_monthly_transaction_count,-2.2932,avg_standing_order_amount,-2.0563,client_age,1.4703
3539,0.0558,Low,avg_standing_order_amount,-1.7954,transaction_trend,-0.9683,standing_order_count,-0.7432
3536,0.0558,Low,avg_monthly_transaction_count,-1.8869,avg_transaction_amount,-1.1561,balance_volatility,-0.8922
3933,0.0565,Low,avg_monthly_transaction_count,-3.2205,avg_transaction_amount,2.2611,standing_order_count,1.014
1955,0.0558,Low,avg_monthly_transaction_count,-3.6339,avg_transaction_amount,-1.5839,balance_volatility,-0.4961
4283,0.0558,Low,avg_monthly_transaction_count,-2.8839,avg_standing_order_amount,-2.0921,avg_transaction_amount,0.7588
1357,0.0562,Low,avg_transaction_amount,-2.1195,district_urban_ratio,1.4322,avg_standing_order_amount,1.4185
2547,0.0559,Low,avg_transaction_amount,1.2999,avg_monthly_transaction_count,-1.0514,avg_balance,-0.6937
2837,0.0559,Low,avg_standing_order_amount,-2.7129,avg_monthly_transaction_count,-2.5581,avg_transaction_amount,1.8974
3850,0.0589,Low,avg_monthly_transaction_count,3.9669,avg_standing_order_amount,1.1696,transaction_trend,-0.9176
2696,0.0558,Low,avg_monthly_transaction_count,-3.5381,avg_transaction_amount,-1.2956,balance_volatility,-0.7993
1006,0.0559,Low,avg_monthly_transaction_count,6.074,avg_standing_order_amount,-4.0264,avg_transaction_amount,-1.0014
1123,0.173,Low,avg_monthly_transaction_count,3.2786,avg_standing_order_amount,2.6874,credit_debit_ratio,0.8016
3774,0.48,Medium,avg_monthly_transaction_count,3.0241,avg_standing_order_amount,2.3739,avg_transaction_amount,0.9194
2599,0.0558,Low,min_balance_ever,-4.0371,avg_standing_order_amount,-2.3962,avg_monthly_transaction_count,-2.1796
2856,0.0561,Low,avg_monthly_transaction_count,-2.018,avg_transaction_amount,1.2681,transaction_trend,1.1662
3659,0.0565,Low,avg_monthly_transaction_count,6.0152,credit_debit_ratio,-2.1053,account_age_days,1.016
2144,0.0558,Low,min_balance_ever,-3.5874,avg_standing_order_amount,-2.9445,balance_volatility,2.0326
2034,0.056,Low,avg_monthly_transaction_count,-2.0001,avg_transaction_amount,1.413,avg_standing_order_amount,-1.0194
3377,0.0561,Low,avg_monthly_transaction_count,-1.9243,avg_transaction_amount,1.6534,account_age_days,0.7601
3389,0.0585,Low,avg_monthly_transaction_count,3.4541,avg_balance,-2.0373,avg_standing_order_amount,1.5312
4121,0.0559,Low,avg_standing_order_amount,-1.9953,avg_monthly_transaction_count,-1.8602,client_age,1.6518
1911,0.0558,Low,min_balance_ever,-3.7517,avg_standing_order_amount,-2.2858,avg_monthly_transaction_count,-2.0422
1289,0.0559,Low,avg_balance,-1.3873,account_age_days,0.6448,avg_transaction_amount,0.6143
734,0.0558,Low,avg_monthly_transaction_count,-3.3627,avg_transaction_amount,-1.7986,balance_volatility,-0.7023
543,0.056,Low,avg_standing_order_amount,-3.9877,avg_monthly_transaction_count,3.4888,avg_transaction_amount,-0.9313
3202,0.0558,Low,avg_standing_order_amount,-1.8274,avg_transaction_amount,-1.649,account_age_days,1.0102
3201,0.0854,Low,avg_monthly_transaction_count,3.5808,client_age,0.5849,district_urban_ratio,0.5135
241,0.0558,Low,avg_standing_order_amount,-3.709,avg_monthly_transaction_count,3.2526,avg_transaction_amount,-1.1043
187,0.0558,Low,avg_monthly_transaction_count,-3.7504,avg_transaction_amount,-1.1658,account_age_days,-0.8195
216,0.0559,Low,avg_standing_order_amount,-1.9281,avg_monthly_transaction_count,1.1878,balance_volatility,-0.9974
2325,0.0565,Low,avg_monthly_transaction_count,2.2104,account_age_days,0.9596,credit_debit_ratio,-0.8706
2981,0.0558,Low,avg_transaction_amount,-2.6511,avg_monthly_transaction_count,-1.4275,avg_balance,-0.9829
2257,0.0558,Low,avg_monthly_transaction_count,-3.5625,avg_transaction_amount,-1.8171,transaction_trend,0.7979
2255,0.0558,Low,avg_monthly_transaction_count,-3.5557,avg_transaction_amount,-1.5442,credit_debit_ratio,-1.3438
48,0.2096,Low,avg_monthly_transaction_count,1.7997,avg_standing_order_amount,1.5649,account_age_days,1.3975
66,0.0563,Low,avg_monthly_transaction_count,-2.0443,balance_volatility,1.4224,avg_standing_order_amount,1.1907
3015,0.0558,Low,avg_transaction_amount,-2.101,avg_monthly_transaction_count,-1.2889,credit_debit_ratio,-0.9966
1516,0.0558,Low,avg_monthly_transaction_count,-3.5791,avg_transaction_amount,-1.9225,district_avg_salary,-1.2474
1547,0.0558,Low,avg_monthly_transaction_count,-3.1978,avg_standing_order_amount,-2.1377,standing_order_count,-0.7858
1565,0.056,Low,avg_standing_order_amount,-4.0932,avg_monthly_transaction_count,4.0064,transaction_trend,1.0023
3903,0.0559,Low,avg_monthly_transaction_count,-2.0297,avg_transaction_amount,1.3553,balance_volatility,-0.8246
860,0.0558,Low,account_age_days,-2.1887,balance_volatility,-1.219,credit_debit_ratio,1.0613
941,0.0558,Low,avg_monthly_transaction_count,-3.9235,balance_volatility,-0.7506,avg_standing_order_amount,0.7474
2717,0.0558,Low,avg_monthly_transaction_count,-3.4352,avg_transaction_amount,-1.5321,credit_debit_ratio,-1.418
2956,0.0559,Low,avg_monthly_transaction_count,-3.1754,credit_debit_ratio,-1.3863,avg_transaction_amount,0.9995
3758,0.0559,Low,avg_monthly_transaction_count,-1.3993,avg_balance,0.4506,district_unemployment_rate,0.3792
2525,0.8092,High,avg_monthly_transaction_count,3.8249,avg_standing_order_amount,2.3737,avg_balance,1.2217
3036,0.0558,Low,avg_standing_order_amount,-3.0254,avg_monthly_transaction_count,-2.2361,avg_transaction_amount,1.6059
3476,0.0569,Low,avg_monthly_transaction_count,2.2344,avg_standing_order_amount,1.1418,balance_volatility,-1.1009
4439,0.0558,Low,avg_monthly_transaction_count,-2.7617,avg_standing_order_amount,-2.1196,transaction_trend,-1.323
3597,0.0695,Low,avg_standing_order_amount,1.6019,transaction_trend,-1.1274,balance_volatility,1.1169
690,0.0562,Low,avg_monthly_transaction_count,-2.5068,avg_transaction_amount,1.3934,avg_standing_order_amount,1.3692
641,0.056,Low,avg_monthly_transaction_count,-2.1458,avg_transaction_amount,1.0882,account_age_days,0.9767
660,0.0569,Low,avg_monthly_transaction_count,2.6771,balance_volatility,-0.6991,avg_standing_order_amount,0.5439
3492,0.0604,Low,avg_monthly_transaction_count,2.5925,avg_standing_order_amount,1.5263,district_urban_ratio,-0.7356
3444,0.0558,Low,avg_standing_order_amount,-2.8606,avg_monthly_transaction_count,-2.6384,avg_transaction_amount,1.4453
318,0.0558,Low,balance_volatility,-1.1356,avg_transaction_amount,-1.1307,avg_monthly_transaction_count,-0.9495
2503,0.0558,Low,avg_monthly_transaction_count,-3.0244,account_age_days,-1.9641,total_transaction_count,-0.5716
3133,0.089,Low,avg_monthly_transaction_count,2.9612,avg_standing_order_amount,2.2705,balance_volatility,-0.7567
153,0.0559,Low,avg_monthly_transaction_count,-2.7363,avg_transaction_amount,1.325,balance_volatility,-0.9338
90,0.0589,Low,avg_monthly_transaction_count,5.0086,balance_volatility,-0.8289,standing_order_count,-0.7974
3051,0.0574,Low,avg_monthly_transaction_count,10.2547,avg_standing_order_amount,-2.4303,avg_balance,-2.3233
2191,0.0562,Low,avg_monthly_transaction_count,-1.0214,balance_volatility,-0.9811,credit_debit_ratio,0.9247
1622,0.0559,Low,avg_standing_order_amount,-2.8079,avg_monthly_transaction_count,1.7081,transaction_trend,0.6059
1623,0.0607,Low,avg_transaction_amount,1.4507,avg_monthly_transaction_count,0.9562,credit_debit_ratio,0.8988
1144,0.0558,Low,avg_monthly_transaction_count,-3.1781,avg_transaction_amount,-2.0697,account_age_days,-1.1287
468,0.0562,Low,avg_transaction_amount,0.8059,balance_volatility,-0.7239,avg_standing_order_amount,-0.685
2047,0.0558,Low,avg_monthly_transaction_count,-3.7473,avg_transaction_amount,-1.639,balance_volatility,-0.6157
2663,0.0558,Low,avg_monthly_transaction_count,-3.5674,avg_standing_order_amount,0.9237,balance_volatility,-0.8491
1170,0.0585,Low,avg_standing_order_amount,1.5619,standing_order_count,1.2379,avg_transaction_amount,1.0836
4195,0.0559,Low,avg_standing_order_amount,-4.3891,avg_monthly_transaction_count,2.1333,total_credit_amount,0.9068
3941,0.0558,Low,avg_monthly_transaction_count,-2.626,avg_transaction_amount,-1.1021,client_age,0.9416
2817,0.0558,Low,avg_monthly_transaction_count,-2.4894,avg_standing_order_amount,-1.5714,avg_transaction_amount,1.0101
3330,0.0572,Low,avg_standing_order_amount,1.6798,avg_balance,-0.9417,balance_volatility,0.892
3531,0.0558,Low,avg_monthly_transaction_count,-2.4035,avg_transaction_amount,-1.1664,credit_debit_ratio,-0.719
3926,0.0558,Low,avg_monthly_transaction_count,-3.601,avg_transaction_amount,-1.2721,balance_volatility,-0.9463
386,0.056,Low,credit_debit_ratio,-1.9427,account_age_days,1.8554,avg_transaction_amount,1.5016
406,0.0558,Low,avg_standing_order_amount,-2.0916,avg_transaction_amount,-1.4199,avg_balance,0.5515
1096,0.0558,Low,avg_monthly_transaction_count,-3.5915,avg_transaction_amount,-0.7281,avg_standing_order_amount,0.7118
3851,0.0575,Low,avg_standing_order_amount,2.4644,avg_monthly_transaction_count,-2.4313,avg_transaction_amount,1.7247
2852,0.0558,Low,avg_monthly_transaction_count,-2.828,avg_standing_order_amount,-1.6726,credit_debit_ratio,-0.9165
2860,0.0559,Low,avg_standing_order_amount,-3.0761,avg_monthly_transaction_count,-2.0436,balance_volatility,2.0295
2346,0.0961,Low,district_crimes_count,2.246,min_balance_ever,-1.9991,avg_monthly_transaction_count,1.7594
4488,0.0558,Low,avg_monthly_transaction_count,-2.6854,avg_standing_order_amount,-1.4967,avg_transaction_amount,0.7026
3381,0.0561,Low,avg_monthly_transaction_count,-1.8155,avg_standing_order_amount,-1.4848,avg_transaction_amount,1.2298
3503,0.0558,Low,avg_monthly_transaction_count,-2.4467,avg_standing_order_amount,-2.0514,avg_transaction_amount,1.6694
3196,0.0558,Low,avg_monthly_transaction_count,-3.6886,avg_transaction_amount,-1.5943,district_unemployment_rate,-0.3706
240,0.057,Low,avg_monthly_transaction_count,-2.9362,avg_standing_order_amount,2.2268,standing_order_count,1.1806
209,0.0558,Low,avg_standing_order_amount,-3.5904,avg_monthly_transaction_count,2.8578,credit_debit_ratio,-1.0937
211,0.0559,Low,avg_monthly_transaction_count,-2.4873,transaction_trend,-1.0197,account_age_days,0.9211
776,0.0558,Low,avg_standing_order_amount,-1.8847,avg_monthly_transaction_count,1.8247,avg_balance,-1.6409
1103,0.0558,Low,avg_standing_order_amount,-3.1765,avg_monthly_transaction_count,-2.7575,standing_order_count,-0.7758
2450,0.0561,Low,avg_monthly_transaction_count,2.4656,avg_balance,-2.3708,avg_standing_order_amount,1.2115
2441,0.4871,Medium,avg_monthly_transaction_count,3.3146,account_age_days,1.27,avg_transaction_amount,0.9683
2951,0.0559,Low,avg_standing_order_amount,-4.2634,avg_monthly_transaction_count,2.9924,transaction_trend,0.659
3759,0.0558,Low,avg_monthly_transaction_count,-3.2687,avg_transaction_amount,-1.7783,client_age,-0.8034
2471,0.056,Low,avg_monthly_transaction_count,6.0682,avg_standing_order_amount,-2.8005,avg_balance,-2.5374
2522,0.0558,Low,min_balance_ever,-4.3234,avg_standing_order_amount,-1.9779,avg_transaction_amount,1.6429
3144,0.0558,Low,avg_monthly_transaction_count,-3.6731,district_avg_salary,-1.2641,avg_standing_order_amount,0.8749
1732,0.0563,Low,avg_monthly_transaction_count,-2.5803,avg_standing_order_amount,1.795,avg_transaction_amount,1.4236
1733,0.0562,Low,avg_monthly_transaction_count,-2.888,transaction_trend,-1.5309,avg_transaction_amount,1.4409
2884,0.0559,Low,account_age_days,-2.541,balance_volatility,1.7326,credit_debit_ratio,-1.2336
1432,0.0566,Low,avg_monthly_transaction_count,-3.233,avg_standing_order_amount,2.4306,standing_order_count,1.3005
3610,0.0558,Low,avg_monthly_transaction_count,-2.823,avg_transaction_amount,-1.7179,avg_standing_order_amount,-1.1003
3604,0.0558,Low,avg_monthly_transaction_count,-3.6262,balance_volatility,-1.2206,avg_standing_order_amount,0.5273
3802,0.0558,Low,avg_monthly_transaction_count,-3.7825,avg_transaction_amount,-1.1339,avg_standing_order_amount,0.8832
699,0.0559,Low,avg_standing_order_amount,-2.5437,total_credit_amount,1.0375,avg_monthly_transaction_count,-0.8573
3258,0.057,Low,avg_monthly_transaction_count,1.9366,avg_standing_order_amount,1.7883,account_age_days,-0.9356
627,0.0559,Low,account_age_days,-2.5496,avg_standing_order_amount,1.4355,district_avg_salary,-0.6346
2068,0.0561,Low,avg_standing_order_amount,-4.2487,avg_monthly_transaction_count,3.5589,avg_transaction_amount,-1.1521
2439,0.0558,Low,avg_monthly_transaction_count,-3.4882,avg_transaction_amount,-1.2784,balance_volatility,-0.6196
1710,0.0558,Low,avg_monthly_transaction_count,-3.8958,avg_transaction_amount,-1.2921,account_age_days,0.6799
1891,0.0558,Low,avg_standing_order_amount,-3.6082,avg_monthly_transaction_count,3.437,credit_debit_ratio,-1.5415
1881,0.0563,Low,account_age_days,1.4438,avg_monthly_transaction_count,-1.2584,avg_standing_order_amount,1.2251
2203,0.0559,Low,avg_transaction_amount,-1.3188,avg_standing_order_amount,1.1679,balance_volatility,-1.0678
1541,0.0558,Low,avg_standing_order_amount,-2.3939,transaction_trend,-2.0591,avg_transaction_amount,1.0513
3421,0.0559,Low,avg_standing_order_amount,-1.1282,avg_transaction_amount,0.7265,account_age_days,-0.5203
3436,0.0558,Low,avg_monthly_transaction_count,-3.5151,avg_transaction_amount,-1.9374,balance_volatility,-1.2365
2056,0.0558,Low,avg_standing_order_amount,-2.9639,avg_monthly_transaction_count,-2.4613,account_age_days,-0.8081
2639,0.056,Low,account_age_days,-1.564,district_avg_salary,-1.1718,credit_debit_ratio,0.9673
1943,0.1223,Low,avg_monthly_transaction_count,4.0423,account_age_days,1.0782,avg_transaction_amount,0.9937
1936,0.0558,Low,avg_monthly_transaction_count,-3.1083,avg_transaction_amount,-1.982,credit_debit_ratio,-1.2314
1325,0.0558,Low,avg_transaction_amount,-1.8287,credit_debit_ratio,-1.3128,avg_monthly_transaction_count,-1.0795
1326,0.0559,Low,avg_standing_order_amount,-4.879,avg_monthly_transaction_count,3.7796,avg_transaction_amount,-0.7392
1822,0.0558,Low,avg_monthly_transaction_count,-3.0159,avg_transaction_amount,-2.0003,account_age_days,-0.9308
1176,0.0559,Low,avg_monthly_transaction_count,-3.7337,transaction_trend,1.2469,avg_transaction_amount,-1.0814
2816,0.0565,Low,avg_monthly_transaction_count,2.0711,avg_transaction_amount,0.9123,account_age_days,0.9005
3335,0.0558,Low,avg_monthly_transaction_count,-3.2743,avg_transaction_amount,-1.9956,credit_debit_ratio,-1.2875
502,0.0558,Low,avg_monthly_transaction_count,-3.6147,avg_transaction_amount,-1.8924,credit_debit_ratio,-1.1253
1957,0.0558,Low,avg_standing_order_amount,-2.3641,avg_transaction_amount,-1.3921,credit_debit_ratio,-1.3044
2170,0.0585,Low,avg_monthly_transaction_count,4.9395,avg_balance,-2.148,avg_transaction_amount,-2.0313
2166,0.0561,Low,avg_monthly_transaction_count,1.0113,account_age_days,0.9923,balance_volatility,-0.7786
1211,0.0605,Low,avg_monthly_transaction_count,4.6933,avg_standing_order_amount,-2.2156,transaction_trend,0.5722
3224,0.0559,Low,avg_transaction_amount,-1.2028,account_age_days,1.1663,client_age,-0.6485
2613,0.0558,Low,avg_transaction_amount,-1.5066,avg_standing_order_amount,-0.8388,transaction_trend,0.7872
3655,0.0563,Low,avg_monthly_transaction_count,2.5427,avg_transaction_amount,0.9997,district_urban_ratio,-0.6125
2354,0.0558,Low,avg_monthly_transaction_count,-3.2588,avg_transaction_amount,0.943,account_age_days,0.7434
2162,0.2759,Low,avg_monthly_transaction_count,2.6623,account_age_days,-1.8743,avg_standing_order_amount,1.7178
2743,0.0916,Low,avg_monthly_transaction_count,2.8745,account_age_days,1.1525,avg_transaction_amount,0.9506
4128,0.0558,Low,min_balance_ever,-4.1511,avg_standing_order_amount,-2.75,transaction_trend,-1.272
1644,0.0559,Low,avg_standing_order_amount,-3.498,avg_monthly_transaction_count,2.9237,transaction_trend,0.855
1312,0.0558,Low,avg_monthly_transaction_count,-3.0694,avg_transaction_amount,-1.4244,balance_volatility,-1.196
568,0.0561,Low,avg_monthly_transaction_count,-3.058,avg_transaction_amount,1.9631,standing_order_count,1.2446
3411,0.0559,Low,avg_monthly_transaction_count,-2.5772,account_age_days,1.1054,credit_debit_ratio,-1.0526
248,0.0566,Low,avg_monthly_transaction_count,-3.8917,avg_transaction_amount,1.4181,avg_standing_order_amount,1.1603
222,0.0559,Low,avg_monthly_transaction_count,-2.9021,account_age_days,-2.0799,balance_volatility,1.0437
2393,0.0558,Low,account_age_days,-2.6464,balance_volatility,-0.7082,transaction_trend,-0.6261
2619,0.0558,Low,avg_monthly_transaction_count,-3.7823,avg_standing_order_amount,0.971,avg_transaction_amount,0.7831
3077,0.0559,Low,avg_monthly_transaction_count,-2.2619,credit_debit_ratio,-1.7374,avg_transaction_amount,1.5186
3078,0.0558,Low,avg_monthly_transaction_count,-3.3664,avg_transaction_amount,-1.7333,avg_balance,0.99
57,0.0582,Low,avg_monthly_transaction_count,1.3224,avg_transaction_amount,0.8563,avg_standing_order_amount,0.7573
3019,0.0558,Low,avg_standing_order_amount,-2.9416,avg_monthly_transaction_count,-2.6595,avg_transaction_amount,1.4024
1513,0.056,Low,avg_monthly_transaction_count,5.1837,avg_standing_order_amount,-1.9257,standing_order_count,-1.0199
3699,0.056,Low,avg_monthly_transaction_count,-1.3752,account_age_days,-1.177,avg_transaction_amount,0.5839
3695,0.0559,Low,account_age_days,1.2272,balance_volatility,-0.9626,avg_monthly_transaction_count,-0.9189
775,0.0565,Low,avg_standing_order_amount,-1.3882,avg_monthly_transaction_count,1.3182,avg_transaction_amount,0.8455
2958,0.0558,Low,avg_monthly_transaction_count,-3.8101,balance_volatility,-0.7126,account_age_days,-0.696
2139,0.8114,High,avg_monthly_transaction_count,6.9567,avg_standing_order_amount,3.0586,credit_debit_ratio,1.0355
4475,0.0563,Low,avg_monthly_transaction_count,-3.4112,avg_transaction_amount,1.9235,standing_order_count,0.9178
1406,0.0558,Low,avg_transaction_amount,-2.2653,balance_volatility,-0.5554,transaction_trend,0.5157
695,0.0559,Low,avg_monthly_transaction_count,-2.3951,avg_transaction_amount,1.2652,credit_debit_ratio,1.017
965,0.0559,Low,avg_transaction_amount,-1.5826,avg_monthly_transaction_count,-1.4404,avg_standing_order_amount,0.8957
673,0.0558,Low,avg_monthly_transaction_count,-2.8135,credit_debit_ratio,-1.4213,avg_transaction_amount,1.3555
3449,0.0558,Low,avg_standing_order_amount,-2.118,avg_monthly_transaction_count,-1.891,client_age,1.0607
3462,0.0577,Low,avg_monthly_transaction_count,4.1406,district_avg_salary,-1.0166,avg_standing_order_amount,0.7939
3832,0.0562,Low,avg_monthly_transaction_count,1.7343,avg_standing_order_amount,-0.5977,credit_debit_ratio,0.5683
363,0.0563,Low,avg_standing_order_amount,-3.3714,avg_monthly_transaction_count,1.4421,avg_transaction_amount,-1.135
630,0.0558,Low,avg_transaction_amount,-2.3391,avg_monthly_transaction_count,-1.5657,account_age_days,-0.8032
2438,0.0558,Low,avg_monthly_transaction_count,-3.5799,avg_balance,1.3316,standing_order_count,0.8828
2740,0.0558,Low,avg_standing_order_amount,-2.8644,avg_monthly_transaction_count,-2.4786,avg_transaction_amount,0.6222
2370,0.056,Low,avg_monthly_transaction_count,-2.9277,avg_standing_order_amount,2.6575,credit_debit_ratio,-1.8122
3131,0.056,Low,avg_monthly_transaction_count,-1.8037,avg_transaction_amount,1.1006,avg_standing_order_amount,-0.8876
84,0.6949,Medium,avg_standing_order_amount,4.2689,balance_volatility,1.425,avg_monthly_transaction_count,1.1233
112,0.0558,Low,avg_monthly_transaction_count,-3.5089,account_age_days,-2.0276,avg_transaction_amount,-1.2924
3997,0.0558,Low,avg_monthly_transaction_count,-2.6639,avg_standing_order_amount,-2.0811,avg_transaction_amount,0.7736
826,0.0562,Low,avg_monthly_transaction_count,3.0936,avg_standing_order_amount,-2.7223,standing_order_count,0.9117
478,0.0559,Low,avg_monthly_transaction_count,-2.9796,avg_transaction_amount,0.6846,credit_debit_ratio,0.5113
578,0.0565,Low,avg_standing_order_amount,-2.586,avg_monthly_transaction_count,2.2708,account_age_days,0.969
591,0.0558,Low,avg_monthly_transaction_count,-3.5909,avg_transaction_amount,-1.4249,account_age_days,1.3068
1341,0.0558,Low,avg_monthly_transaction_count,-3.4194,avg_transaction_amount,-1.6621,balance_volatility,-0.6412
1458,0.0699,Low,credit_debit_ratio,1.3198,avg_monthly_transaction_count,1.3052,avg_transaction_amount,1.1415
1195,0.0558,Low,avg_transaction_amount,-1.5064,avg_monthly_transaction_count,-1.3259,balance_volatility,-0.8438
3292,0.0558,Low,avg_monthly_transaction_count,-3.6326,avg_transaction_amount,-1.1846,avg_standing_order_amount,0.7852
2686,0.0558,Low,avg_monthly_transaction_count,-3.0218,min_balance_ever,1.2701,avg_transaction_amount,-0.7719
2672,0.0558,Low,avg_monthly_transaction_count,-2.6064,avg_transaction_amount,-1.3869,credit_debit_ratio,-1.2328
392,0.0602,Low,avg_monthly_transaction_count,3.2173,avg_transaction_amount,0.9843,avg_standing_order_amount,0.8012
1953,0.0558,Low,avg_standing_order_amount,-3.5663,balance_volatility,1.0971,avg_transaction_amount,-1.0294
1758,0.1395,Low,avg_monthly_transaction_count,3.7421,avg_standing_order_amount,1.6747,avg_transaction_amount,0.8909
1839,0.056,Low,avg_monthly_transaction_count,-3.1699,avg_transaction_amount,1.3605,credit_debit_ratio,-1.1346
2332,0.0558,Low,avg_monthly_transaction_count,-3.8708,credit_debit_ratio,-1.0636,district_urban_ratio,0.5134
2855,0.0558,Low,avg_monthly_transaction_count,-3.3304,avg_transaction_amount,-1.6206,district_urban_ratio,0.8729
2416,0.0559,Low,avg_monthly_transaction_count,-2.9685,avg_transaction_amount,1.0025,avg_standing_order_amount,-0.4798
1929,0.0559,Low,avg_transaction_amount,-2.3683,avg_standing_order_amount,1.5047,credit_debit_ratio,-1.3456
2930,0.0578,Low,avg_monthly_transaction_count,1.9373,balance_volatility,1.3707,avg_standing_order_amount,-1.2554
3088,0.0561,Low,avg_monthly_transaction_count,-1.9611,avg_transaction_amount,1.1066,transaction_trend,0.5909
2767,0.0571,Low,avg_monthly_transaction_count,2.3526,avg_transaction_amount,0.9421,client_age,0.6829
566,0.0558,Low,avg_standing_order_amount,-3.264,avg_monthly_transaction_count,2.5091,account_age_days,-1.8923
261,0.0558,Low,avg_transaction_amount,-2.031,credit_debit_ratio,-1.3636,avg_balance,1.0771
231,0.0558,Low,avg_monthly_transaction_count,-3.3128,avg_transaction_amount,-1.7212,avg_balance,1.0389
1984,0.0558,Low,avg_monthly_transaction_count,-2.4766,avg_standing_order_amount,-1.8023,avg_transaction_amount,1.4715
1594,0.2136,Low,avg_monthly_transaction_count,3.452,avg_transaction_amount,1.0283,account_age_days,0.8106
2387,0.0558,Low,avg_monthly_transaction_count,-3.6094,balance_volatility,-0.8142,avg_balance,0.7856
2115,0.0558,Low,avg_monthly_transaction_count,-3.7179,avg_transaction_amount,-1.6438,credit_debit_ratio,-1.382
3247,0.0561,Low,avg_monthly_transaction_count,1.6703,avg_transaction_amount,0.6133,avg_standing_order_amount,-0.5481
3250,0.0559,Low,avg_transaction_amount,-1.7636,avg_monthly_transaction_count,-0.9698,client_age,-0.862
2182,0.0558,Low,avg_monthly_transaction_count,-2.9038,credit_debit_ratio,-1.4338,account_age_days,1.1294
1749,0.0564,Low,avg_standing_order_amount,3.7805,avg_transaction_amount,-1.6442,avg_balance,-1.1994
2597,0.056,Low,avg_standing_order_amount,-3.0756,credit_debit_ratio,0.8252,avg_transaction_amount,0.7365
2846,0.0558,Low,avg_monthly_transaction_count,-3.8095,account_age_days,0.9741,credit_debit_ratio,-0.9166
2492,0.0562,Low,account_age_days,1.5552,avg_monthly_transaction_count,1.2656,avg_standing_order_amount,-1.048
2494,0.0627,Low,avg_monthly_transaction_count,3.1713,credit_debit_ratio,0.8648,avg_standing_order_amount,-0.8094
4527,0.0558,Low,avg_monthly_transaction_count,-3.462,transaction_trend,-2.1988,avg_transaction_amount,0.8418
4103,0.0558,Low,avg_standing_order_amount,-2.9178,avg_transaction_amount,-1.8083,balance_volatility,0.9507
2772,0.056,Low,avg_monthly_transaction_count,-2.121,avg_transaction_amount,0.9858,credit_debit_ratio,-0.9224
1322,0.0558,Low,avg_transaction_amount,-1.7193,avg_standing_order_amount,-1.3749,district_avg_salary,-1.1977
4418,0.058,Low,avg_monthly_transaction_count,4.2466,avg_standing_order_amount,-2.0695,standing_order_count,1.0758
530,0.0559,Low,avg_monthly_transaction_count,-2.8002,avg_standing_order_amount,-2.6482,standing_order_count,-0.8226
2326,0.0568,Low,balance_volatility,2.0941,avg_monthly_transaction_count,-1.8887,avg_transaction_amount,1.7303
2101,0.0559,Low,avg_standing_order_amount,-3.7258,avg_monthly_transaction_count,3.2795,avg_transaction_amount,-1.1228
1628,0.0558,Low,avg_monthly_transaction_count,-3.9421,account_age_days,-2.1452,avg_transaction_amount,-1.437
3688,0.0558,Low,avg_monthly_transaction_count,-2.411,avg_standing_order_amount,-2.0866,avg_transaction_amount,1.3204
3686,0.0558,Low,avg_monthly_transaction_count,-3.445,avg_transaction_amount,-1.6349,account_age_days,1.09
853,0.0564,Low,avg_monthly_transaction_count,1.5192,credit_debit_ratio,0.8389,avg_transaction_amount,0.7313
764,0.0558,Low,avg_monthly_transaction_count,-3.2857,account_age_days,-1.9448,avg_transaction_amount,-1.4374
3974,0.056,Low,avg_transaction_amount,1.5775,balance_volatility,-0.987,avg_monthly_transaction_count,-0.7299
3983,0.0558,Low,avg_monthly_transaction_count,-2.6203,avg_standing_order_amount,-1.9153,account_age_days,-1.5551
3852,0.0558,Low,avg_monthly_transaction_count,-2.8996,avg_standing_order_amount,-1.0869,account_age_days,0.9744
2124,0.0559,Low,avg_monthly_transaction_count,2.1334,account_age_days,-1.5661,district_avg_salary,-1.1467
2126,0.0558,Low,avg_standing_order_amount,-3.1931,balance_volatility,0.9077,avg_transaction_amount,-0.7715
1418,0.0559,Low,avg_monthly_transaction_count,-2.281,account_age_days,1.0031,balance_volatility,-0.48
686,0.057,Low,avg_monthly_transaction_count,3.3501,balance_volatility,-0.9127,district_urban_ratio,-0.8374
3494,0.0558,Low,avg_monthly_transaction_count,-3.9018,avg_standing_order_amount,0.7142,balance_volatility,-0.463
3495,0.0571,Low,avg_monthly_transaction_count,-3.647,balance_volatility,1.7,avg_transaction_amount,1.3796
3271,0.0558,Low,avg_monthly_transaction_count,-3.9854,avg_transaction_amount,-1.3557,balance_volatility,-0.7264
2730,0.0558,Low,avg_monthly_transaction_count,-3.14,avg_transaction_amount,-2.0266,credit_debit_ratio,-1.2963
3576,0.0558,Low,avg_standing_order_amount,-1.8376,avg_transaction_amount,-1.4807,balance_volatility,-0.5424
77,0.0559,Low,avg_monthly_transaction_count,-3.7982,avg_transaction_amount,1.8027,standing_order_count,0.9973
3063,0.0558,Low,avg_monthly_transaction_count,-3.5316,avg_transaction_amount,-2.0332,credit_debit_ratio,-1.3216
1703,0.0558,Low,avg_monthly_transaction_count,-3.6868,account_age_days,2.1663,balance_volatility,-1.1897
1608,0.0558,Low,avg_monthly_transaction_count,-3.7354,account_age_days,1.1308,avg_standing_order_amount,1.12
1026,0.0571,Low,credit_debit_ratio,-2.0009,account_age_days,1.5902,avg_transaction_amount,1.1076
584,0.0558,Low,avg_monthly_transaction_count,-3.2775,avg_transaction_amount,-1.3139,balance_volatility,-0.6098
1324,0.0559,Low,avg_standing_order_amount,-2.1139,account_age_days,1.0306,avg_transaction_amount,0.8411
434,0.0561,Low,standing_order_count,1.1344,avg_balance,1.1284,avg_monthly_transaction_count,-1.0537
412,0.0574,Low,avg_monthly_transaction_count,2.2506,balance_volatility,0.9987,avg_transaction_amount,0.7512
2832,0.0558,Low,avg_monthly_transaction_count,-3.3506,avg_transaction_amount,-1.4674,avg_balance,1.072
1125,0.0565,Low,avg_monthly_transaction_count,9.3643,transaction_trend,-3.1969,account_age_days,-2.8752
1128,0.0558,Low,avg_monthly_transaction_count,-3.4249,avg_transaction_amount,-1.536,client_age,-0.7818
883,0.1215,Low,avg_monthly_transaction_count,3.7258,credit_debit_ratio,0.9415,avg_transaction_amount,0.5944
3657,0.0558,Low,avg_monthly_transaction_count,-3.6776,avg_transaction_amount,-1.4876,account_age_days,1.1223
2348,0.0593,Low,avg_standing_order_amount,1.3554,balance_volatility,-0.7475,avg_monthly_transaction_count,0.7272
2420,0.0558,Low,avg_monthly_transaction_count,-2.9975,avg_transaction_amount,-1.5087,balance_volatility,-0.7296
3087,0.0558,Low,avg_standing_order_amount,-4.3883,avg_monthly_transaction_count,1.8549,avg_transaction_amount,-1.1423
1905,0.0811,Low,avg_monthly_transaction_count,3.2024,account_age_days,1.1926,avg_transaction_amount,0.9779
2771,0.0568,Low,avg_standing_order_amount,2.6138,account_age_days,-1.1102,credit_debit_ratio,1.0456
1291,0.0558,Low,avg_standing_order_amount,-2.9552,avg_monthly_transaction_count,1.4403,avg_transaction_amount,-1.0772
731,0.0558,Low,avg_monthly_transaction_count,-3.8492,avg_transaction_amount,-1.1994,avg_balance,1.0661
1286,0.0586,Low,avg_monthly_transaction_count,4.0242,avg_standing_order_amount,2.2383,district_avg_salary,-2.1847
272,0.0577,Low,avg_monthly_transaction_count,-2.8915,avg_standing_order_amount,2.3548,avg_transaction_amount,1.6031
3120,0.0558,Low,avg_monthly_transaction_count,-3.8362,avg_transaction_amount,-1.5872,balance_volatility,-1.5058
2311,0.0634,Low,avg_monthly_transaction_count,-2.7917,account_age_days,2.2624,avg_standing_order_amount,2.2338
2621,0.0558,Low,avg_monthly_transaction_count,-3.8309,avg_standing_order_amount,0.9873,avg_balance,0.9821
2623,0.0563,Low,avg_standing_order_amount,1.3336,account_age_days,-1.3314,avg_monthly_transaction_count,0.9254
61,0.0558,Low,avg_transaction_amount,-2.1418,transaction_trend,0.5408,balance_volatility,-0.5353
8,0.0573,Low,avg_monthly_transaction_count,2.0548,avg_standing_order_amount,1.2294,avg_transaction_amount,0.6192
13,0.0558,Low,avg_monthly_transaction_count,-3.6647,account_age_days,1.6549,balance_volatility,-0.7838
850,0.0559,Low,avg_monthly_transaction_count,-2.2626,avg_standing_order_amount,-1.5688,account_age_days,0.6947
9051,0.0558,Low,min_balance_ever,-3.7165,avg_standing_order_amount,-2.7501,avg_monthly_transaction_count,-1.8537
4470,0.0559,Low,avg_standing_order_amount,-2.7914,avg_monthly_transaction_count,-1.0647,standing_order_count,-0.9012
877,0.0558,Low,avg_standing_order_amount,-1.8648,credit_debit_ratio,-1.7708,avg_monthly_transaction_count,1.3835
959,0.0558,Low,avg_transaction_amount,-1.5904,avg_monthly_transaction_count,-1.5722,avg_balance,0.8379
3457,0.0558,Low,avg_monthly_transaction_count,-3.5023,avg_transaction_amount,-1.7157,balance_volatility,-0.6579
335,0.0558,Low,avg_monthly_transaction_count,-3.5319,avg_transaction_amount,-1.4918,balance_volatility,-1.3504
631,0.0558,Low,avg_transaction_amount,-2.0438,credit_debit_ratio,-1.3541,balance_volatility,-0.9371
3169,0.0559,Low,account_age_days,-1.6253,avg_monthly_transaction_count,-1.5478,avg_transaction_amount,1.4035
725,0.0558,Low,credit_debit_ratio,-1.6871,avg_transaction_amount,-1.6623,balance_volatility,-1.5714
618,0.0565,Low,avg_transaction_amount,1.3689,credit_debit_ratio,1.0501,avg_standing_order_amount,-0.839
683,0.0559,Low,avg_monthly_transaction_count,-3.0048,avg_transaction_amount,1.3525,avg_standing_order_amount,-0.871
717,0.0559,Low,avg_monthly_transaction_count,-1.643,account_age_days,-1.4604,balance_volatility,-0.9098
3623,0.0558,Low,avg_standing_order_amount,-2.9648,avg_transaction_amount,-1.6074,avg_monthly_transaction_count,1.1581
3349,0.0562,Low,avg_monthly_transaction_count,-2.8836,avg_transaction_amount,1.3182,credit_debit_ratio,0.8385
3342,0.0562,Low,avg_monthly_transaction_count,-3.2377,avg_transaction_amount,1.3967,account_age_days,1.0639
3923,0.0563,Low,balance_volatility,2.2928,avg_monthly_transaction_count,-1.5774,account_age_days,-1.5319
427,0.056,Low,account_age_days,-0.9707,avg_transaction_amount,0.8949,balance_volatility,0.53
752,0.0581,Low,avg_transaction_amount,1.712,avg_monthly_transaction_count,-1.664,avg_standing_order_amount,1.6575
762,0.0558,Low,avg_monthly_transaction_count,-3.7572,balance_volatility,-0.8606,avg_standing_order_amount,0.7827
1840,0.0558,Low,avg_monthly_transaction_count,-2.8928,avg_standing_order_amount,-2.0618,avg_transaction_amount,0.7393
1845,0.056,Low,avg_standing_order_amount,-2.623,avg_monthly_transaction_count,-1.896,balance_volatility,1.8067
4273,0.0637,Low,avg_standing_order_amount,3.8283,avg_monthly_transaction_count,-2.6906,transaction_trend,-1.689
4287,0.0558,Low,avg_monthly_transaction_count,-2.6248,avg_standing_order_amount,-1.3904,avg_transaction_amount,0.7266
1221,0.0559,Low,min_balance_ever,-5.2238,avg_transaction_amount,2.093,avg_monthly_transaction_count,-1.6776
1486,0.0567,Low,avg_monthly_transaction_count,3.6932,credit_debit_ratio,-0.6538,avg_transaction_amount,0.5633
1487,0.0558,Low,avg_monthly_transaction_count,-3.1331,avg_transaction_amount,-2.0466,account_age_days,-0.6673
1066,0.0559,Low,avg_standing_order_amount,-3.9928,avg_monthly_transaction_count,1.1879,district_avg_salary,0.9427
3961,0.0558,Low,avg_monthly_transaction_count,-3.5849,avg_transaction_amount,-1.8092,account_age_days,0.5646
3117,0.0558,Low,avg_monthly_transaction_count,-3.5769,account_age_days,-1.6464,avg_transaction_amount,-0.8833
3183,0.0559,Low,avg_monthly_transaction_count,-1.2013,balance_volatility,-1.0675,avg_transaction_amount,-1.0623
2565,0.0558,Low,avg_standing_order_amount,-2.2992,avg_monthly_transaction_count,-1.8883,transaction_trend,-1.4651
2687,0.0558,Low,avg_monthly_transaction_count,-3.5831,balance_volatility,-0.7997,avg_transaction_amount,-0.7455
3938,0.0559,Low,avg_monthly_transaction_count,-1.959,avg_transaction_amount,1.3465,credit_debit_ratio,0.6145
3945,0.0558,Low,avg_monthly_transaction_count,-2.5227,avg_standing_order_amount,-2.4155,avg_transaction_amount,-1.2739
3992,0.056,Low,avg_monthly_transaction_count,-2.9553,avg_standing_order_amount,1.8792,avg_transaction_amount,1.5296
3887,0.056,Low,avg_transaction_amount,-2.7022,district_urban_ratio,1.4359,avg_standing_order_amount,1.4087
1579,0.0563,Low,avg_standing_order_amount,0.6065,balance_volatility,-0.5726,avg_monthly_transaction_count,0.514
1636,0.0559,Low,avg_monthly_transaction_count,-1.9302,avg_transaction_amount,1.5918,account_age_days,0.8146
1607,0.0559,Low,avg_monthly_transaction_count,-2.9696,avg_standing_order_amount,-0.6286,avg_transaction_amount,0.6084
1589,0.0558,Low,avg_monthly_transaction_count,-2.2461,avg_standing_order_amount,-1.9757,client_age,1.3451
1660,0.0887,Low,balance_volatility,2.7881,avg_transaction_amount,2.1326,avg_monthly_transaction_count,-0.9942
1613,0.0558,Low,avg_monthly_transaction_count,-3.7902,avg_standing_order_amount,0.8665,balance_volatility,-0.7206
1596,0.0558,Low,avg_monthly_transaction_count,-2.5635,avg_transaction_amount,-1.4652,avg_standing_order_amount,-0.8492
1651,0.0559,Low,avg_monthly_transaction_count,-2.7556,transaction_trend,-2.2729,balance_volatility,1.3827
1010,0.0559,Low,avg_standing_order_amount,-4.2827,avg_monthly_transaction_count,2.7267,transaction_trend,-2.5276
1014,0.0558,Low,avg_monthly_transaction_count,-2.3112,avg_standing_order_amount,-2.1579,client_age,1.6922
1251,0.0565,Low,avg_monthly_transaction_count,-2.9045,balance_volatility,2.3514,avg_transaction_amount,1.4373
1789,0.0558,Low,avg_monthly_transaction_count,-2.6001,avg_standing_order_amount,-2.0908,avg_transaction_amount,-1.2482
1806,0.0558,Low,avg_monthly_transaction_count,-3.4094,avg_transaction_amount,-1.3423,account_age_days,-1.3403
2358,0.0559,Low,avg_monthly_transaction_count,-3.7865,avg_standing_order_amount,1.6633,credit_debit_ratio,0.7904
3358,0.0558,Low,avg_transaction_amount,-2.3046,avg_monthly_transaction_count,-0.8717,credit_debit_ratio,-0.8109
3452,0.0558,Low,avg_monthly_transaction_count,-3.774,avg_transaction_amount,-1.5664,balance_volatility,-0.8683
2161,0.0602,Low,transaction_trend,-1.8368,avg_transaction_amount,1.6759,avg_standing_order_amount,1.4039
2146,0.0641,Low,avg_monthly_transaction_count,2.2653,credit_debit_ratio,0.948,avg_transaction_amount,0.9076
2424,0.4085,Medium,avg_monthly_transaction_count,4.951,balance_volatility,1.0495,total_credit_amount,0.7401
3208,0.0558,Low,avg_standing_order_amount,-3.9867,district_crimes_count,2.0678,min_balance_ever,-1.5567
4014,0.0558,Low,avg_standing_order_amount,-3.775,min_balance_ever,-2.9297,avg_transaction_amount,-1.8137
5011,0.056,Low,avg_standing_order_amount,-4.0183,min_balance_ever,-2.5355,avg_monthly_transaction_count,2.1325
3326,0.0558,Low,min_balance_ever,-3.1711,avg_standing_order_amount,-2.9951,avg_monthly_transaction_count,-1.7454
580,0.0563,Low,balance_volatility,-1.7736,avg_monthly_transaction_count,1.0856,account_age_days,0.7743
848,0.0571,Low,avg_monthly_transaction_count,3.7108,credit_debit_ratio,-1.3087,avg_transaction_amount,0.4122
3580,0.0559,Low,avg_monthly_transaction_count,1.7989,avg_standing_order_amount,-1.5923,credit_debit_ratio,-0.8346
3450,0.0558,Low,avg_standing_order_amount,-3.255,avg_transaction_amount,-1.0644,balance_volatility,1.055
464,0.0559,Low,avg_monthly_transaction_count,-3.5655,account_age_days,0.9686,avg_standing_order_amount,0.9596
2684,0.0559,Low,avg_standing_order_amount,-1.9312,avg_transaction_amount,1.1179,credit_debit_ratio,-1.04
2818,0.0568,Low,avg_standing_order_amount,3.1478,avg_monthly_transaction_count,2.0911,avg_transaction_amount,-1.583
1299,0.0558,Low,avg_transaction_amount,-1.9361,avg_standing_order_amount,-1.5287,account_age_days,-0.6396
1979,0.0558,Low,avg_monthly_transaction_count,-3.1078,account_age_days,-2.153,avg_transaction_amount,-2.0382
27,0.056,Low,avg_balance,1.2198,avg_monthly_transaction_count,-1.1275,balance_volatility,-0.8172
1049,0.0558,Low,avg_transaction_amount,-1.9235,account_age_days,-1.432,avg_standing_order_amount,-1.0024
1104,0.0559,Low,avg_transaction_amount,1.3399,avg_monthly_transaction_count,-1.3253,avg_standing_order_amount,-0.9868
3854,0.0558,Low,avg_standing_order_amount,-1.5762,avg_transaction_amount,-1.3166,credit_debit_ratio,-1.2638
5290,0.0561,Low,min_balance_ever,-5.5004,avg_monthly_transaction_count,3.5207,avg_standing_order_amount,2.4203
1995,0.0558,Low,avg_monthly_transaction_count,-3.6105,avg_transaction_amount,-1.3344,account_age_days,0.9401
2071,0.0559,Low,avg_standing_order_amount,-2.1125,account_age_days,1.226,avg_transaction_amount,1.2078
2377,0.0558,Low,avg_standing_order_amount,-2.0125,avg_transaction_amount,-1.4928,transaction_trend,-0.7211
7618,0.0563,Low,min_balance_ever,-5.6595,avg_monthly_transaction_count,2.0009,standing_order_count,1.6611
2223,0.0558,Low,avg_monthly_transaction_count,-3.989,avg_transaction_amount,-1.2412,avg_standing_order_amount,0.7772
6806,0.0559,Low,min_balance_ever,-5.1062,avg_transaction_amount,1.4116,avg_standing_order_amount,1.3306
1820,0.0559,Low,avg_monthly_transaction_count,-3.037,avg_transaction_amount,1.069,balance_volatility,-0.8785
3566,0.0559,Low,avg_standing_order_amount,-2.9864,avg_monthly_transaction_count,1.1431,total_debit_amount,0.8764
10036,0.0559,Low,min_balance_ever,-4.2837,balance_volatility,3.0128,avg_monthly_transaction_count,-2.5574
3010,0.0558,Low,avg_monthly_transaction_count,-2.258,avg_standing_order_amount,-2.156,transaction_trend,-1.708
2968,0.0561,Low,avg_monthly_transaction_count,1.8216,avg_standing_order_amount,-1.7193,credit_debit_ratio,1.0008
439,0.0558,Low,avg_standing_order_amount,-2.635,avg_monthly_transaction_count,-2.4173,district_avg_salary,-1.0434
1523,0.0581,Low,avg_standing_order_amount,2.6432,balance_volatility,1.7269,transaction_trend,-1.7167
3812,0.0558,Low,avg_monthly_transaction_count,-3.537,avg_transaction_amount,-1.7502,credit_debit_ratio,-0.4324
7011,0.0558,Low,min_balance_ever,-4.5359,avg_standing_order_amount,-2.4697,balance_volatility,1.4783
551,0.0558,Low,avg_standing_order_amount,-2.3107,avg_monthly_transaction_count,-2.0363,transaction_trend,-1.9824
1902,0.0558,Low,avg_monthly_transaction_count,-2.6897,avg_standing_order_amount,-2.0235,avg_transaction_amount,1.1261
2099,0.0558,Low,avg_standing_order_amount,-2.6583,account_age_days,-2.4043,balance_volatility,1.9898
1149,0.0558,Low,avg_monthly_transaction_count,-2.6137,avg_standing_order_amount,-1.968,avg_transaction_amount,0.6145
3706,0.0559,Low,balance_volatility,-2.0302,avg_monthly_transaction_count,0.752,avg_transaction_amount,0.4225
2454,0.0559,Low,avg_standing_order_amount,-3.4845,avg_monthly_transaction_count,1.8787,avg_transaction_amount,0.7434
988,0.0558,Low,avg_monthly_transaction_count,-2.2115,balance_volatility,-1.0187,client_age,-0.8158
770,0.0558,Low,avg_monthly_transaction_count,-3.0254,avg_standing_order_amount,-1.6729,avg_transaction_amount,0.6156
3788,0.0558,Low,avg_standing_order_amount,-2.8095,account_age_days,-1.0979,transaction_trend,-1.0128
2876,0.0563,Low,account_age_days,-1.5007,credit_debit_ratio,1.2881,avg_standing_order_amount,0.8725
756,0.0558,Low,avg_monthly_transaction_count,-2.6146,avg_standing_order_amount,-2.4579,avg_transaction_amount,-1.2842
3901,0.0559,Low,avg_monthly_transaction_count,-3.3213,avg_transaction_amount,1.7104,credit_debit_ratio,-1.6098
3276,0.0558,Low,account_age_days,-1.3598,avg_standing_order_amount,-0.8971,credit_debit_ratio,-0.8863
2281,0.056,Low,avg_monthly_transaction_count,-1.6902,avg_transaction_amount,1.1151,balance_volatility,-1.0523
2899,0.0559,Low,avg_monthly_transaction_count,-1.7564,avg_transaction_amount,1.5473,account_age_days,0.7333
3283,0.0558,Low,avg_monthly_transaction_count,-3.2782,account_age_days,-1.176,balance_volatility,-0.7249
119,0.056,Low,account_age_days,-1.2415,balance_volatility,-0.8968,district_urban_ratio,0.8902
3298,0.0558,Low,avg_monthly_transaction_count,-2.212,avg_standing_order_amount,-1.4431,avg_transaction_amount,0.8917
3520,0.0558,Low,avg_monthly_transaction_count,-2.5782,avg_standing_order_amount,-2.1712,avg_transaction_amount,1.341
3708,0.0558,Low,avg_standing_order_amount,-3.6191,avg_monthly_transaction_count,2.2112,credit_debit_ratio,-1.2817
3553,0.0558,Low,avg_monthly_transaction_count,-2.7319,avg_standing_order_amount,-2.3009,avg_transaction_amount,1.5897
3187,0.0558,Low,avg_monthly_transaction_count,-2.0821,avg_standing_order_amount,-2.0426,avg_transaction_amount,-0.858
3704,0.0558,Low,avg_monthly_transaction_count,-2.9818,account_age_days,-1.1956,balance_volatility,-0.977
3710,0.0559,Low,avg_transaction_amount,1.1939,avg_monthly_transaction_count,-1.088,balance_volatility,-0.9818
2242,0.0562,Low,avg_standing_order_amount,2.2749,account_age_days,-2.149,avg_transaction_amount,-1.9703
243,0.0558,Low,transaction_trend,-2.5133,avg_transaction_amount,-1.1638,total_credit_amount,0.6242
1970,0.0571,Low,avg_monthly_transaction_count,2.4602,avg_standing_order_amount,-1.3125,avg_transaction_amount,0.8678
2627,0.0558,Low,avg_transaction_amount,-1.5537,avg_standing_order_amount,-0.9139,balance_volatility,-0.4701
1042,0.0558,Low,avg_monthly_transaction_count,-2.4795,avg_standing_order_amount,-1.5376,avg_transaction_amount,1.1983
127,0.0558,Low,avg_monthly_transaction_count,-3.6748,avg_transaction_amount,-1.4256,avg_balance,0.5798
930,0.0617,Low,avg_monthly_transaction_count,2.9954,account_age_days,-1.0237,district_urban_ratio,-0.6949
1827,0.0558,Low,avg_monthly_transaction_count,-3.4756,avg_transaction_amount,-1.7303,client_age,-0.6929
3579,0.057,Low,avg_balance,-1.3869,transaction_trend,1.149,avg_transaction_amount,0.9345
299,0.0558,Low,avg_standing_order_amount,-2.8686,avg_transaction_amount,-1.2166,transaction_trend,-1.1183
1134,0.0565,Low,avg_monthly_transaction_count,2.6968,account_age_days,-2.0361,avg_standing_order_amount,1.4851
3797,0.0558,Low,avg_monthly_transaction_count,-2.807,avg_standing_order_amount,-1.5107,avg_transaction_amount,-1.2547
1634,0.0558,Low,avg_monthly_transaction_count,-2.5376,avg_standing_order_amount,-1.9997,avg_transaction_amount,1.5822
2180,0.0558,Low,avg_standing_order_amount,-2.367,avg_monthly_transaction_count,-2.2977,avg_transaction_amount,-1.1087
169,0.056,Low,avg_monthly_transaction_count,-1.7511,avg_transaction_amount,1.2026,client_age,-0.5767
1508,0.0637,Low,avg_monthly_transaction_count,-3.245,avg_standing_order_amount,3.1523,avg_transaction_amount,1.6656
590,0.0558,Low,avg_standing_order_amount,-2.6989,avg_monthly_transaction_count,-2.497,avg_transaction_amount,1.2536
2573,0.0559,Low,avg_standing_order_amount,-2.8328,avg_monthly_transaction_count,-2.3164,avg_transaction_amount,1.5408
1537,0.0558,Low,avg_monthly_transaction_count,-2.7177,avg_standing_order_amount,-2.1016,credit_debit_ratio,-1.331
1753,0.0558,Low,avg_standing_order_amount,-2.7628,avg_monthly_transaction_count,-2.31,transaction_trend,-1.8232
149,0.0558,Low,avg_monthly_transaction_count,-2.4028,avg_standing_order_amount,-2.2408,account_age_days,-1.2013
140,0.0558,Low,avg_standing_order_amount,-2.7599,avg_monthly_transaction_count,-2.6976,transaction_trend,-1.5215
1985,0.0558,Low,avg_standing_order_amount,-2.4795,avg_monthly_transaction_count,-2.2431,transaction_trend,-1.6379
653,0.0561,Low,avg_monthly_transaction_count,-3.7514,avg_transaction_amount,1.5884,account_age_days,1.2731
2495,0.0558,Low,avg_monthly_transaction_count,-3.285,transaction_trend,-1.4477,credit_debit_ratio,-1.1595
1807,0.0559,Low,avg_monthly_transaction_count,-3.4773,credit_debit_ratio,-1.7637,avg_transaction_amount,1.6837
801,0.0563,Low,avg_balance,1.3462,account_age_days,1.1268,avg_standing_order_amount,-0.7499
1165,0.056,Low,avg_monthly_transaction_count,-3.4716,avg_standing_order_amount,0.7561,avg_transaction_amount,0.7162
1385,0.056,Low,avg_monthly_transaction_count,-1.5869,credit_debit_ratio,-1.5262,avg_standing_order_amount,1.4231
984,0.0559,Low,avg_monthly_transaction_count,-1.8829,district_avg_salary,-0.8775,balance_volatility,-0.7631
796,0.0558,Low,avg_standing_order_amount,-3.1379,avg_monthly_transaction_count,-2.2424,avg_transaction_amount,1.4747
1138,0.0558,Low,avg_monthly_transaction_count,-2.6486,avg_standing_order_amount,-2.2854,credit_debit_ratio,-0.9565
2300,0.0558,Low,avg_monthly_transaction_count,-2.3844,avg_standing_order_amount,-2.1554,account_age_days,1.217
3560,0.0559,Low,avg_monthly_transaction_count,-3.4501,avg_standing_order_amount,0.9748,avg_balance,0.7399
2021,0.0558,Low,avg_monthly_transaction_count,-2.8395,avg_standing_order_amount,-1.9986,district_avg_salary,-1.1865
3815,0.0591,Low,avg_monthly_transaction_count,-3.5031,balance_volatility,2.1083,avg_transaction_amount,1.3136
288,0.0558,Low,avg_transaction_amount,-1.9721,balance_volatility,-0.9908,avg_monthly_transaction_count,-0.8495
2067,0.0558,Low,avg_standing_order_amount,-2.1941,transaction_trend,-2.1512,avg_monthly_transaction_count,-0.7492
2731,0.0559,Low,avg_monthly_transaction_count,-1.9692,avg_transaction_amount,1.1063,credit_debit_ratio,0.5717
3572,0.0558,Low,avg_monthly_transaction_count,-3.6758,avg_transaction_amount,-1.1033,balance_volatility,-0.8515
3640,0.0558,Low,avg_monthly_transaction_count,-3.6532,client_age,-0.8386,transaction_trend,-0.7579
3645,0.0577,Low,avg_monthly_transaction_count,2.2615,avg_standing_order_amount,1.7144,balance_volatility,-0.8222
172,0.0906,Low,account_age_days,-1.2408,avg_standing_order_amount,1.2281,district_urban_ratio,1.1389
143,0.0558,Low,avg_monthly_transaction_count,-3.3708,avg_transaction_amount,-1.8323,avg_balance,-0.609
1715,0.0558,Low,min_balance_ever,-4.2427,avg_standing_order_amount,-3.0301,balance_volatility,1.6431
1619,0.0559,Low,avg_monthly_transaction_count,-2.4166,credit_debit_ratio,-1.3375,account_age_days,0.7543
2213,0.0559,Low,balance_volatility,-1.2701,account_age_days,-0.8754,credit_debit_ratio,0.6897
802,0.0558,Low,avg_monthly_transaction_count,-3.1903,avg_transaction_amount,-1.4673,standing_order_count,0.6757
3431,0.0565,Low,avg_monthly_transaction_count,-2.3665,avg_transaction_amount,1.2607,credit_debit_ratio,0.8925
458,0.0561,Low,avg_monthly_transaction_count,-1.4843,standing_order_count,1.3658,avg_transaction_amount,1.2452
2043,0.0559,Low,avg_monthly_transaction_count,-2.0971,balance_volatility,-0.7834,credit_debit_ratio,0.607
2661,0.0559,Low,avg_monthly_transaction_count,-2.6026,balance_volatility,-0.7663,avg_balance,0.6702
2650,0.056,Low,avg_transaction_amount,1.6033,avg_monthly_transaction_count,-1.3344,client_age,0.5312
2811,0.0569,Low,avg_standing_order_amount,3.4281,avg_transaction_amount,-2.2843,avg_monthly_transaction_count,2.0544
11123,0.0558,Low,min_balance_ever,-3.3031,avg_standing_order_amount,-2.9044,avg_transaction_amount,1.5576
3345,0.0558,Low,avg_monthly_transaction_count,-2.5478,avg_standing_order_amount,-2.2265,district_crimes_count,1.7201
422,0.0558,Low,avg_standing_order_amount,-2.9693,avg_monthly_transaction_count,-2.6889,statement_frequency,0.6369
423,0.0558,Low,avg_monthly_transaction_count,-2.9896,avg_transaction_amount,-2.0388,client_age,1.3669
496,0.0558,Low,account_age_days,-1.9533,district_avg_salary,-1.4462,avg_monthly_transaction_count,-1.0606
513,0.0559,Low,avg_monthly_transaction_count,-2.0435,avg_transaction_amount,1.1291,credit_debit_ratio,-1.0175
747,0.056,Low,avg_transaction_amount,-1.4493,avg_standing_order_amount,1.3362,account_age_days,-0.929
2536,0.0558,Low,avg_monthly_transaction_count,-3.3861,balance_volatility,-1.6296,avg_transaction_amount,-1.1168
9635,0.0558,Low,min_balance_ever,-3.6854,account_age_days,-2.3853,avg_standing_order_amount,-2.3601
1754,0.0561,Low,avg_standing_order_amount,-4.6558,district_avg_salary,1.4958,avg_monthly_transaction_count,1.1046
1483,0.0558,Low,avg_standing_order_amount,-1.1462,avg_monthly_transaction_count,0.9494,credit_debit_ratio,-0.6656
2821,0.5898,Medium,avg_monthly_transaction_count,3.2858,avg_standing_order_amount,1.7627,avg_balance,1.1114
3891,0.0601,Low,account_age_days,-1.5266,avg_transaction_amount,1.0441,standing_order_count,0.8694
3889,0.0558,Low,avg_standing_order_amount,-1.4464,avg_transaction_amount,-1.4164,credit_debit_ratio,-1.3481
1132,0.0559,Low,avg_standing_order_amount,-3.014,account_age_days,-1.3626,avg_transaction_amount,-1.0302
1120,0.0558,Low,avg_transaction_amount,-1.689,avg_standing_order_amount,-1.0505,account_age_days,-0.5634
1257,0.0559,Low,avg_transaction_amount,1.39,avg_monthly_transaction_count,-1.2305,balance_volatility,-0.8138
3771,0.0589,Low,avg_monthly_transaction_count,-3.2661,balance_volatility,3.0821,standing_order_count,1.0291
2760,0.0583,Low,avg_monthly_transaction_count,2.6515,avg_standing_order_amount,1.961,account_age_days,0.8896
4484,0.0559,Low,avg_standing_order_amount,-2.6795,balance_volatility,2.4165,account_age_days,-1.6958
4514,0.0558,Low,avg_standing_order_amount,-2.9042,avg_monthly_transaction_count,-1.071,balance_volatility,0.8814
2919,0.0566,Low,avg_monthly_transaction_count,-1.5757,avg_transaction_amount,1.3195,balance_volatility,-0.8381
3383,0.0558,Low,avg_standing_order_amount,-3.6022,avg_monthly_transaction_count,1.9373,avg_transaction_amount,-0.9256
4119,0.0558,Low,avg_standing_order_amount,-2.4315,avg_monthly_transaction_count,-2.1186,transaction_trend,-1.8529
4105,0.0559,Low,avg_standing_order_amount,-3.5407,avg_monthly_transaction_count,2.1092,avg_transaction_amount,-0.7988
4171,0.0561,Low,avg_monthly_transaction_count,-2.2914,avg_standing_order_amount,1.3578,balance_volatility,1.2693
2774,0.0558,Low,avg_monthly_transaction_count,-3.7897,transaction_trend,0.6643,avg_standing_order_amount,0.6304
1297,0.0563,Low,avg_monthly_transaction_count,3.1046,account_age_days,-0.9597,avg_transaction_amount,0.7854
3510,0.0558,Low,avg_standing_order_amount,-2.8418,account_age_days,-2.5778,total_credit_amount,0.9311
4375,0.0558,Low,avg_standing_order_amount,-3.3016,balance_volatility,1.08,standing_order_count,-0.8725
715,0.1154,Low,avg_monthly_transaction_count,3.2058,avg_transaction_amount,1.1522,min_balance_ever,0.5197
741,0.0559,Low,transaction_trend,-2.5699,avg_standing_order_amount,-1.6506,avg_transaction_amount,0.8283
1272,0.0558,Low,min_balance_ever,-4.5683,avg_monthly_transaction_count,-2.3949,avg_transaction_amount,1.7945
3398,0.0558,Low,avg_monthly_transaction_count,-3.4404,balance_volatility,-1.427,avg_transaction_amount,-1.3641
3192,0.058,Low,avg_monthly_transaction_count,3.2512,account_age_days,0.5676,credit_debit_ratio,-0.4785
189,0.056,Low,avg_monthly_transaction_count,2.247,avg_standing_order_amount,-2.191,account_age_days,0.8205
184,0.056,Low,avg_monthly_transaction_count,-3.3444,avg_transaction_amount,1.8929,standing_order_count,0.9581
213,0.0577,Low,avg_monthly_transaction_count,1.1086,avg_transaction_amount,0.8333,credit_debit_ratio,0.7106
229,0.0558,Low,avg_monthly_transaction_count,-3.5426,avg_transaction_amount,-1.4255,account_age_days,0.8527
1591,0.0559,Low,avg_monthly_transaction_count,-2.9342,avg_balance,-1.1564,avg_transaction_amount,1.1409
2384,0.0562,Low,avg_monthly_transaction_count,-3.3019,balance_volatility,1.4852,total_credit_amount,0.9471
14,0.0559,Low,avg_monthly_transaction_count,-3.5985,avg_transaction_amount,1.544,account_age_days,0.7404
1633,0.0558,Low,avg_monthly_transaction_count,-3.5246,avg_transaction_amount,-1.5482,district_avg_salary,-0.8201
3899,0.0561,Low,avg_transaction_amount,1.8283,avg_balance,-0.8873,avg_monthly_transaction_count,-0.8201
1044,0.056,Low,avg_standing_order_amount,-2.3554,credit_debit_ratio,0.7317,avg_transaction_amount,0.6071
767,0.2277,Low,avg_monthly_transaction_count,6.4994,avg_standing_order_amount,-1.6205,transaction_trend,0.711
2469,0.0558,Low,avg_monthly_transaction_count,-3.4984,avg_transaction_amount,-2.1708,district_urban_ratio,0.7608
2588,0.0562,Low,avg_standing_order_amount,1.127,balance_volatility,-0.8856,avg_transaction_amount,0.8106
2276,0.0558,Low,avg_monthly_transaction_count,-3.2597,avg_transaction_amount,-1.638,standing_order_count,0.6442
2521,0.0561,Low,balance_volatility,0.5425,avg_transaction_amount,0.5117,avg_standing_order_amount,0.325
868,0.056,Low,avg_monthly_transaction_count,-2.0942,account_age_days,1.1536,avg_balance,1.0282
3498,0.0558,Low,avg_standing_order_amount,-2.8565,avg_monthly_transaction_count,1.0771,balance_volatility,-0.8634
3287,0.0559,Low,account_age_days,-1.2967,credit_debit_ratio,0.9941,balance_volatility,-0.8994
160,0.0569,Low,avg_monthly_transaction_count,4.3325,avg_standing_order_amount,1.3153,transaction_trend,-1.233
115,0.0558,Low,avg_monthly_transaction_count,-2.7906,account_age_days,-1.8329,balance_volatility,-0.661
3793,0.0559,Low,balance_volatility,-1.5206,avg_monthly_transaction_count,-1.2155,credit_debit_ratio,0.5954
928,0.056,Low,account_age_days,-1.7607,avg_standing_order_amount,1.0029,avg_balance,0.5824
812,0.0559,Low,avg_monthly_transaction_count,-2.1323,avg_transaction_amount,1.4228,avg_standing_order_amount,-1.2478
3626,0.0578,Low,avg_monthly_transaction_count,2.3765,avg_standing_order_amount,1.2945,balance_volatility,-1.0935
486,0.0558,Low,avg_monthly_transaction_count,-2.3541,avg_standing_order_amount,-1.9383,transaction_trend,-1.0688
1836,0.0572,Low,avg_monthly_transaction_count,2.4185,avg_standing_order_amount,1.1312,avg_transaction_amount,0.5683
2652,0.0567,Low,avg_monthly_transaction_count,1.3236,avg_standing_order_amount,1.0791,avg_transaction_amount,0.838
1183,0.0559,Low,avg_standing_order_amount,-1.9122,avg_monthly_transaction_count,1.3429,transaction_trend,1.2098
1182,0.056,Low,avg_monthly_transaction_count,-3.3181,avg_transaction_amount,2.1619,standing_order_count,0.9103
3939,0.0558,Low,balance_volatility,-1.825,account_age_days,-1.231,district_urban_ratio,-0.6225
2666,0.0558,Low,avg_standing_order_amount,-1.9911,account_age_days,-1.6645,avg_transaction_amount,-1.0635
11053,0.071,Low,min_balance_ever,-4.948,avg_monthly_transaction_count,3.7219,avg_standing_order_amount,2.0721
498,0.0559,Low,avg_monthly_transaction_count,-2.1786,avg_standing_order_amount,-2.0003,avg_transaction_amount,1.4843
517,0.0559,Low,avg_monthly_transaction_count,-1.4114,avg_transaction_amount,1.2548,account_age_days,-1.0527
506,0.056,Low,avg_monthly_transaction_count,5.4943,avg_standing_order_amount,-3.7219,district_avg_salary,-1.2022
512,0.0559,Low,avg_monthly_transaction_count,-2.7403,avg_standing_order_amount,-1.1795,avg_transaction_amount,1.0678
408,0.0559,Low,account_age_days,-1.2377,credit_debit_ratio,-0.8272,district_urban_ratio,-0.6235
1954,0.0558,Low,avg_monthly_transaction_count,-3.3573,avg_transaction_amount,-1.6075,credit_debit_ratio,-1.3709
3952,0.0558,Low,avg_standing_order_amount,-2.0739,avg_transaction_amount,-1.0731,transaction_trend,-0.925
2823,0.0558,Low,avg_monthly_transaction_count,-3.3271,avg_transaction_amount,-1.9814,account_age_days,-0.9154
2692,0.0558,Low,avg_monthly_transaction_count,-3.8613,avg_standing_order_amount,1.0651,balance_volatility,-0.9042
4343,0.0558,Low,avg_monthly_transaction_count,-2.2954,avg_standing_order_amount,-2.01,avg_transaction_amount,1.4393
2603,0.0558,Low,avg_monthly_transaction_count,-3.5977,avg_transaction_amount,-1.0345,balance_volatility,-0.9905
2607,0.0559,Low,avg_monthly_transaction_count,2.45,avg_standing_order_amount,-2.4438,account_age_days,1.0841
2353,0.0623,Low,avg_monthly_transaction_count,2.508,avg_standing_order_amount,1.7083,district_avg_salary,-0.9037
2422,0.0558,Low,avg_monthly_transaction_count,-3.9014,avg_transaction_amount,-1.2347,account_age_days,1.0962
2751,0.0562,Low,avg_monthly_transaction_count,2.0173,avg_standing_order_amount,-0.7514,avg_transaction_amount,-0.5085
1919,0.0559,Low,avg_balance,-2.6318,avg_monthly_transaction_count,1.9833,avg_transaction_amount,0.9211
1920,0.0558,Low,avg_monthly_transaction_count,-2.4644,credit_debit_ratio,-1.4189,balance_volatility,-0.5086
1930,0.0558,Low,avg_monthly_transaction_count,-2.0918,balance_volatility,-0.8687,account_age_days,-0.8165
2036,0.0558,Low,avg_standing_order_amount,-2.5606,avg_monthly_transaction_count,-2.0512,transaction_trend,-1.4174
4537,0.0559,Low,standing_order_count,1.265,avg_monthly_transaction_count,-1.1661,transaction_trend,-0.9661
5372,0.0559,Low,min_balance_ever,-4.018,balance_volatility,1.8547,avg_monthly_transaction_count,-1.4493
3705,0.0558,Low,avg_standing_order_amount,-3.7209,account_age_days,1.8605,avg_transaction_amount,-1.5963
1275,0.0558,Low,avg_monthly_transaction_count,-3.5963,avg_transaction_amount,-1.6772,balance_volatility,-1.2971
547,0.0558,Low,avg_monthly_transaction_count,-3.4142,avg_transaction_amount,-1.6205,credit_debit_ratio,-1.4069
273,0.0594,Low,avg_monthly_transaction_count,3.2214,standing_order_count,-1.1413,account_age_days,-0.7711
198,0.0558,Low,avg_transaction_amount,-1.8596,avg_monthly_transaction_count,-1.4083,balance_volatility,-0.6366
224,0.0558,Low,avg_monthly_transaction_count,-3.7811,avg_standing_order_amount,1.1282,avg_transaction_amount,-0.7748
3545,0.0558,Low,avg_monthly_transaction_count,-2.706,account_age_days,-2.0116,avg_transaction_amount,1.0942
65,0.058,Low,avg_monthly_transaction_count,2.9482,avg_transaction_amount,0.9242,district_urban_ratio,-0.7767
5,0.0558,Low,avg_monthly_transaction_count,-3.3066,avg_transaction_amount,-1.7469,balance_volatility,-0.9115
3026,0.0558,Low,avg_monthly_transaction_count,-2.7504,account_age_days,-2.3834,avg_transaction_amount,1.143
5758,0.0597,Low,min_balance_ever,-5.4984,avg_monthly_transaction_count,4.6828,avg_standing_order_amount,2.621
859,0.0559,Low,avg_standing_order_amount,-4.0075,avg_monthly_transaction_count,2.8797,district_urban_ratio,1.0915
774,0.0559,Low,avg_standing_order_amount,-3.6024,avg_monthly_transaction_count,2.1576,client_age,0.8045
1372,0.0558,Low,transaction_trend,-2.0478,account_age_days,-1.8519,avg_standing_order_amount,-1.7396
2264,0.0558,Low,avg_monthly_transaction_count,-3.4064,avg_transaction_amount,-1.8003,balance_volatility,-0.8876
2524,0.0558,Low,avg_monthly_transaction_count,-3.6614,avg_transaction_amount,-1.2977,client_age,-0.821
2875,0.0558,Low,avg_monthly_transaction_count,-2.7604,avg_standing_order_amount,-2.6253,avg_transaction_amount,1.2057
3467,0.7555,High,avg_monthly_transaction_count,11.2395,transaction_trend,-2.2041,avg_standing_order_amount,-1.1572
1999,0.0663,Low,avg_monthly_transaction_count,2.1282,avg_standing_order_amount,1.0455,account_age_days,-0.9632
953,0.0559,Low,avg_standing_order_amount,-2.1881,avg_monthly_transaction_count,1.6616,avg_transaction_amount,-1.3475
958,0.0558,Low,avg_monthly_transaction_count,-3.638,balance_volatility,-1.1662,avg_standing_order_amount,0.5663
366,0.0572,Low,avg_monthly_transaction_count,5.3768,district_urban_ratio,-0.9636,avg_standing_order_amount,-0.9273
3635,0.0558,Low,avg_standing_order_amount,-2.6719,avg_transaction_amount,-1.4299,account_age_days,0.935
165,0.0559,Low,avg_transaction_amount,-1.4244,standing_order_count,1.2264,avg_standing_order_amount,1.1751
96,0.7785,High,avg_monthly_transaction_count,12.0321,avg_balance,-2.2384,avg_standing_order_amount,-1.5829
135,0.0558,Low,avg_monthly_transaction_count,-2.748,avg_standing_order_amount,-1.5176,credit_debit_ratio,-1.1251
6064,0.0558,Low,min_balance_ever,-3.3298,avg_monthly_transaction_count,-2.5282,avg_standing_order_amount,-1.9947
3785,0.7328,High,avg_monthly_transaction_count,2.5092,avg_standing_order_amount,2.2855,balance_volatility,1.9917
1031,0.0561,Low,avg_monthly_transaction_count,3.4647,standing_order_count,-1.4258,district_urban_ratio,-0.946
2641,0.0559,Low,avg_balance,-1.7608,account_age_days,-1.6339,avg_standing_order_amount,0.6467
1938,0.0562,Low,avg_standing_order_amount,0.9478,avg_transaction_amount,0.8857,account_age_days,-0.6124
4743,0.0558,Low,min_balance_ever,-4.1694,avg_standing_order_amount,-3.2416,avg_monthly_transaction_count,1.6686
1180,0.0558,Low,avg_monthly_transaction_count,-2.389,avg_standing_order_amount,-1.7024,avg_transaction_amount,1.3994
1201,0.0578,Low,avg_monthly_transaction_count,2.0586,avg_standing_order_amount,1.024,account_age_days,-0.9979
3527,0.0565,Low,avg_monthly_transaction_count,-2.0494,avg_transaction_amount,1.3505,account_age_days,0.8807
2178,0.056,Low,avg_transaction_amount,0.7319,avg_standing_order_amount,-0.5461,total_transaction_count,-0.3615
9703,0.0568,Low,min_balance_ever,-5.8205,avg_monthly_transaction_count,3.6605,standing_order_count,1.6647
4263,0.0558,Low,avg_standing_order_amount,-2.9246,avg_monthly_transaction_count,-2.3371,avg_transaction_amount,1.1367
3235,0.0559,Low,avg_monthly_transaction_count,-1.8874,avg_transaction_amount,1.4036,balance_volatility,0.7609
3845,0.0562,Low,avg_transaction_amount,1.4469,avg_standing_order_amount,-1.4235,avg_monthly_transaction_count,-1.2123
4358,0.0561,Low,avg_balance,-1.4697,balance_volatility,1.2764,avg_transaction_amount,-1.2715
1253,0.0778,Low,avg_monthly_transaction_count,2.7649,avg_standing_order_amount,1.966,account_age_days,0.8676
907,0.0558,Low,avg_transaction_amount,-2.5422,avg_monthly_transaction_count,-1.0514,account_age_days,-0.8264
2614,0.0558,Low,avg_monthly_transaction_count,-3.2208,avg_transaction_amount,-1.8295,transaction_trend,-0.7054
3089,0.0559,Low,avg_standing_order_amount,-4.0637,avg_monthly_transaction_count,2.7175,transaction_trend,-1.3343
4131,0.0625,Low,avg_monthly_transaction_count,5.518,avg_balance,-2.0441,transaction_trend,-1.4923
728,0.2033,Low,standing_order_count,1.6049,avg_balance,1.5207,avg_monthly_transaction_count,1.046
3392,0.0559,Low,avg_monthly_transaction_count,-2.4568,balance_volatility,-1.337,transaction_trend,0.7707
3188,0.0559,Low,avg_monthly_transaction_count,-3.4393,avg_transaction_amount,1.164,avg_standing_order_amount,1.0058
3203,0.0558,Low,avg_monthly_transaction_count,-3.3173,avg_transaction_amount,-1.7776,avg_balance,1.0834
257,0.06,Low,avg_monthly_transaction_count,-3.1193,avg_standing_order_amount,2.2193,balance_volatility,1.6531
194,0.0559,Low,avg_transaction_amount,-1.779,avg_monthly_transaction_count,1.1539,balance_volatility,-1.0213
3909,0.0591,Low,avg_monthly_transaction_count,3.9631,account_age_days,-2.1682,avg_standing_order_amount,0.9587
1509,0.0566,Low,avg_monthly_transaction_count,1.8362,district_avg_salary,-1.1071,avg_standing_order_amount,1.0868
3972,0.0571,Low,avg_monthly_transaction_count,3.5829,avg_standing_order_amount,1.4757,avg_transaction_amount,0.6195
1245,0.0558,Low,avg_monthly_transaction_count,-3.3714,credit_debit_ratio,-1.1542,account_age_days,-1.1521
1239,0.0558,Low,avg_monthly_transaction_count,-3.7227,balance_volatility,-0.8922,avg_standing_order_amount,0.8193
1366,0.056,Low,avg_monthly_transaction_count,3.9786,avg_standing_order_amount,-2.8096,account_age_days,-1.0592
2447,0.0559,Low,avg_monthly_transaction_count,-1.848,credit_debit_ratio,-1.7337,account_age_days,0.9408
987,0.0559,Low,avg_transaction_amount,1.0633,avg_monthly_transaction_count,-0.8783,account_age_days,0.5342
3872,0.8089,High,avg_monthly_transaction_count,8.2354,avg_standing_order_amount,1.114,account_age_days,1.0321
2969,0.0558,Low,avg_monthly_transaction_count,-2.4829,avg_standing_order_amount,-2.3405,avg_transaction_amount,-1.1198
5357,0.0558,Low,min_balance_ever,-3.5814,avg_standing_order_amount,-2.3847,avg_monthly_transaction_count,-2.1047
3471,0.0563,Low,avg_monthly_transaction_count,1.4255,avg_balance,-1.2105,account_age_days,0.7282
2903,0.0559,Low,avg_monthly_transaction_count,-2.3579,avg_transaction_amount,0.8405,avg_standing_order_amount,-0.5684
1991,0.0628,Low,avg_monthly_transaction_count,2.7302,avg_transaction_amount,1.042,account_age_days,0.8488
880,0.0645,Low,avg_monthly_transaction_count,-1.9569,avg_transaction_amount,1.6824,account_age_days,0.8686
3454,0.0558,Low,avg_monthly_transaction_count,-3.8171,avg_standing_order_amount,1.0003,balance_volatility,-0.6371
3819,0.0559,Low,avg_monthly_transaction_count,-3.2778,avg_standing_order_amount,2.2299,balance_volatility,-0.9062
326,0.0559,Low,avg_monthly_transaction_count,-1.5695,avg_transaction_amount,-1.3588,avg_balance,1.0737
1682,0.0558,Low,avg_standing_order_amount,-2.2266,avg_monthly_transaction_count,-2.1844,standing_order_count,-0.893
2502,0.0558,Low,avg_monthly_transaction_count,-3.9507,balance_volatility,-0.7725,avg_standing_order_amount,0.6524
2241,0.0562,Low,avg_monthly_transaction_count,3.378,account_age_days,-1.6512,avg_standing_order_amount,-0.9198
75,0.0559,Low,avg_monthly_transaction_count,-2.2437,balance_volatility,-1.3554,avg_transaction_amount,0.9642
3057,0.0561,Low,avg_monthly_transaction_count,-3.5584,avg_transaction_amount,1.4501,account_age_days,1.2116
3621,0.0559,Low,avg_monthly_transaction_count,-2.6599,balance_volatility,-1.3295,credit_debit_ratio,0.7739
4069,0.0558,Low,avg_monthly_transaction_count,-2.6196,avg_standing_order_amount,-2.5208,avg_transaction_amount,-0.8259
594,0.0558,Low,avg_monthly_transaction_count,-3.2919,avg_transaction_amount,-2.1551,balance_volatility,-0.542
609,0.0558,Low,avg_standing_order_amount,-4.2262,avg_monthly_transaction_count,2.1862,avg_transaction_amount,-1.4267
1156,0.0558,Low,avg_standing_order_amount,-2.9567,avg_monthly_transaction_count,-2.4695,account_age_days,-1.0724
3301,0.0561,Low,avg_monthly_transaction_count,-2.5653,avg_transaction_amount,1.6781,client_age,1.1676
3935,0.0833,Low,avg_monthly_transaction_count,5.5993,account_age_days,-1.3297,avg_transaction_amount,0.849
3927,0.056,Low,avg_standing_order_amount,-2.0308,avg_monthly_transaction_count,1.7102,district_unemployment_rate,0.9294
760,0.0558,Low,avg_standing_order_amount,-1.9377,avg_monthly_transaction_count,1.7635,balance_volatility,-1.0977
2542,0.0562,Low,avg_monthly_transaction_count,3.7164,avg_standing_order_amount,-2.8091,credit_debit_ratio,0.8767
1847,0.0558,Low,avg_monthly_transaction_count,-3.5271,avg_transaction_amount,-1.5006,standing_order_count,0.6128
1349,0.056,Low,avg_balance,1.1993,balance_volatility,-0.8809,avg_monthly_transaction_count,0.614
3971,0.0563,Low,avg_monthly_transaction_count,3.965,transaction_trend,-1.1791,standing_order_count,-1.146
3968,0.0558,Low,avg_monthly_transaction_count,-2.3529,avg_standing_order_amount,-2.2618,avg_transaction_amount,1.6241
3233,0.0585,Low,avg_monthly_transaction_count,3.0508,transaction_trend,-1.2161,balance_volatility,1.0058
3841,0.0558,Low,avg_transaction_amount,-1.4395,avg_standing_order_amount,-1.4086,avg_monthly_transaction_count,-0.7874
4352,0.0559,Low,avg_transaction_amount,1.0076,avg_standing_order_amount,0.9815,account_age_days,-0.8878
1254,0.056,Low,avg_standing_order_amount,-3.2797,balance_volatility,1.4972,avg_monthly_transaction_count,1.3131
3654,0.0564,Low,balance_volatility,2.0228,account_age_days,-1.5185,avg_transaction_amount,0.8878
2157,0.0559,Low,avg_monthly_transaction_count,-2.5185,avg_transaction_amount,0.973,transaction_trend,0.511
4150,0.056,Low,avg_standing_order_amount,-2.9619,avg_monthly_transaction_count,2.1743,district_urban_ratio,1.2218
1659,0.0558,Low,avg_monthly_transaction_count,-3.8494,avg_transaction_amount,-1.3425,account_age_days,0.7485
1658,0.0558,Low,avg_transaction_amount,-2.035,account_age_days,-0.636,avg_balance,-0.4414
3515,0.0558,Low,avg_monthly_transaction_count,-3.6597,avg_transaction_amount,-0.9925,avg_balance,0.8543
710,0.0558,Low,avg_monthly_transaction_count,-3.5013,avg_transaction_amount,-1.3816,avg_standing_order_amount,0.9449
3393,0.0559,Low,avg_monthly_transaction_count,-3.5819,credit_debit_ratio,1.003,avg_transaction_amount,0.9071
10018,0.0559,Low,min_balance_ever,-4.4733,avg_monthly_transaction_count,4.0803,avg_standing_order_amount,-3.9581
3193,0.0562,Low,avg_monthly_transaction_count,-2.1418,avg_standing_order_amount,1.3086,avg_transaction_amount,0.988
3735,0.0894,Low,avg_monthly_transaction_count,3.7825,balance_volatility,1.816,transaction_trend,-1.2638
3734,0.0558,Low,min_balance_ever,-3.3626,avg_monthly_transaction_count,-2.3068,avg_standing_order_amount,-2.0564
205,0.0558,Low,avg_monthly_transaction_count,-3.6579,credit_debit_ratio,-1.327,account_age_days,1.1633
237,0.0558,Low,avg_standing_order_amount,-1.6175,avg_transaction_amount,-1.4595,avg_monthly_transaction_count,-0.8233
1593,0.0558,Low,avg_monthly_transaction_count,-3.5752,avg_transaction_amount,-1.6851,credit_debit_ratio,-1.3335
1689,0.0558,Low,avg_monthly_transaction_count,-3.2634,avg_transaction_amount,-1.7211,balance_volatility,-0.7354
2383,0.0563,Low,avg_monthly_transaction_count,3.3504,avg_standing_order_amount,-1.553,avg_balance,-0.3968
2624,0.0564,Low,avg_standing_order_amount,-1.637,avg_monthly_transaction_count,1.4631,avg_transaction_amount,0.6959
2103,0.0562,Low,avg_balance,1.4237,avg_standing_order_amount,-1.1878,avg_monthly_transaction_count,0.851
2250,0.0559,Low,avg_transaction_amount,1.1522,account_age_days,-0.9739,avg_monthly_transaction_count,-0.686
3214,0.0558,Low,avg_monthly_transaction_count,-3.5289,avg_transaction_amount,-1.2899,account_age_days,1.1034
3552,0.0565,Low,avg_monthly_transaction_count,3.1091,avg_standing_order_amount,-0.689,avg_balance,-0.6058
2084,0.0559,Low,avg_monthly_transaction_count,-2.2171,avg_transaction_amount,1.1513,total_debit_amount,-0.5965
1552,0.0569,Low,avg_transaction_amount,1.4929,avg_balance,-0.8846,avg_monthly_transaction_count,-0.7079
3691,0.0558,Low,avg_monthly_transaction_count,-3.5018,account_age_days,-1.7464,balance_volatility,-0.8833
944,0.0559,Low,account_age_days,-2.3904,balance_volatility,-0.9441,credit_debit_ratio,0.9276
780,0.0562,Low,avg_monthly_transaction_count,-1.5696,avg_transaction_amount,1.0396,balance_volatility,-0.7398
772,0.0558,Low,avg_standing_order_amount,-3.2913,avg_monthly_transaction_count,2.2791,account_age_days,-1.1999
784,0.0563,Low,avg_monthly_transaction_count,5.693,avg_standing_order_amount,-3.9119,standing_order_count,-0.7877
1102,0.0558,Low,avg_monthly_transaction_count,-2.5083,credit_debit_ratio,-1.5772,client_age,-0.5979
1373,0.0559,Low,avg_transaction_amount,-1.7924,avg_standing_order_amount,-0.9842,avg_monthly_transaction_count,-0.8558
1371,0.0558,Low,avg_monthly_transaction_count,-3.6799,avg_transaction_amount,-1.5969,balance_volatility,-0.755
970,0.0559,Low,credit_debit_ratio,-2.1729,avg_monthly_transaction_count,-1.9318,avg_transaction_amount,1.5646
3865,0.0559,Low,avg_monthly_transaction_count,-2.6433,avg_standing_order_amount,0.6175,min_balance_ever,0.6115
2012,0.0558,Low,avg_monthly_transaction_count,-3.6451,avg_standing_order_amount,0.6009,balance_volatility,-0.5421
1567,0.0606,Low,avg_monthly_transaction_count,3.7236,credit_debit_ratio,-1.4152,account_age_days,1.2464
1739,0.0567,Low,avg_monthly_transaction_count,-2.5203,avg_transaction_amount,1.2345,transaction_trend,0.5139
3801,0.0558,Low,avg_standing_order_amount,-2.9689,avg_monthly_transaction_count,-2.4416,avg_transaction_amount,0.8991
1390,0.0614,Low,avg_monthly_transaction_count,2.6834,avg_standing_order_amount,1.3995,account_age_days,0.9705
3491,0.0667,Low,avg_monthly_transaction_count,3.1291,avg_transaction_amount,0.8362,account_age_days,0.7952
323,0.0558,Low,avg_monthly_transaction_count,-3.9532,avg_standing_order_amount,0.8717,balance_volatility,-0.8481
360,0.0558,Low,avg_monthly_transaction_count,-3.1777,avg_standing_order_amount,-2.5902,standing_order_count,-0.6308
287,0.0558,Low,avg_transaction_amount,-1.6384,avg_standing_order_amount,-1.3167,balance_volatility,-0.682
2072,0.0563,Low,balance_volatility,2.5144,avg_monthly_transaction_count,-1.6497,avg_standing_order_amount,1.4325
104,0.0558,Low,avg_transaction_amount,-1.4388,avg_standing_order_amount,-1.231,account_age_days,-0.6859
114,0.0558,Low,avg_monthly_transaction_count,-2.5627,avg_transaction_amount,-1.4402,avg_balance,-0.6691
4091,0.0559,Low,avg_standing_order_amount,-1.8838,account_age_days,1.0105,avg_transaction_amount,0.8639
587,0.0558,Low,avg_monthly_transaction_count,-2.7641,avg_standing_order_amount,-2.5726,standing_order_count,-0.9777
619,0.0586,Low,avg_monthly_transaction_count,1.4422,balance_volatility,1.3592,transaction_trend,-1.1789
2302,0.0559,Low,avg_standing_order_amount,-1.0787,avg_monthly_transaction_count,1.0686,credit_debit_ratio,0.7434
4254,0.0558,Low,avg_monthly_transaction_count,-2.1011,avg_standing_order_amount,-1.9113,transaction_trend,-1.604
2945,0.0558,Low,avg_monthly_transaction_count,-3.5744,avg_transaction_amount,-0.8755,balance_volatility,-0.7341
3947,0.0558,Low,avg_standing_order_amount,-2.8767,standing_order_count,-0.762,avg_monthly_transaction_count,0.6387
1841,0.0558,Low,avg_transaction_amount,-1.3371,credit_debit_ratio,-0.9107,avg_standing_order_amount,-0.7243
1476,0.0558,Low,avg_monthly_transaction_count,-3.6334,avg_standing_order_amount,0.9031,account_age_days,-0.8409
3969,0.0559,Low,avg_monthly_transaction_count,-2.6795,avg_transaction_amount,1.5167,account_age_days,-0.9742
3226,0.0558,Low,avg_standing_order_amount,-2.4193,avg_monthly_transaction_count,1.7455,avg_transaction_amount,-1.104
2038,0.0559,Low,avg_standing_order_amount,-1.8377,avg_monthly_transaction_count,1.416,transaction_trend,0.9269
3091,0.1224,Low,avg_monthly_transaction_count,2.6601,avg_standing_order_amount,1.6143,avg_transaction_amount,0.7256
2778,0.0746,Low,avg_standing_order_amount,1.2801,credit_debit_ratio,0.9894,avg_monthly_transaction_count,0.8769
3506,0.0572,Low,avg_monthly_transaction_count,2.5408,credit_debit_ratio,-1.7571,avg_standing_order_amount,1.4477
3516,0.0558,Low,avg_standing_order_amount,-3.3693,balance_volatility,2.146,avg_transaction_amount,-1.4708
2319,0.094,Low,balance_volatility,2.524,avg_monthly_transaction_count,-2.1717,transaction_trend,1.1997
1222,0.0558,Low,avg_monthly_transaction_count,-3.4496,avg_transaction_amount,-1.1581,account_age_days,-0.9874
2336,0.0559,Low,avg_transaction_amount,-1.1728,avg_balance,1.025,account_age_days,-0.9361
897,0.2987,Low,avg_monthly_transaction_count,4.4147,transaction_trend,-2.4932,avg_standing_order_amount,2.4422
2032,0.0565,Low,avg_monthly_transaction_count,3.1924,avg_standing_order_amount,-2.9346,avg_balance,1.5395
3385,0.0558,Low,avg_monthly_transaction_count,-3.3172,credit_debit_ratio,-1.0108,avg_transaction_amount,-0.95
1650,0.0573,Low,avg_standing_order_amount,2.79,account_age_days,-1.864,standing_order_count,1.5965
1904,0.0576,Low,avg_monthly_transaction_count,2.4756,client_age,1.4469,avg_standing_order_amount,-1.3367
726,0.0558,Low,avg_monthly_transaction_count,-2.6803,balance_volatility,-1.117,avg_transaction_amount,-1.0555
379,0.0562,Low,avg_monthly_transaction_count,5.7407,avg_standing_order_amount,-4.1887,avg_transaction_amount,-1.0781
225,0.0558,Low,avg_standing_order_amount,-2.3417,avg_monthly_transaction_count,1.4695,avg_transaction_amount,-0.7399
2989,0.0558,Low,avg_monthly_transaction_count,-3.8306,avg_transaction_amount,-0.8604,balance_volatility,-0.7415
1809,0.8003,High,avg_monthly_transaction_count,5.1367,avg_standing_order_amount,3.0279,credit_debit_ratio,1.1571
3701,0.0558,Low,avg_monthly_transaction_count,-3.9442,avg_transaction_amount,-1.2984,account_age_days,-0.7871
1507,0.0559,Low,account_age_days,-1.3674,total_transaction_count,-0.6592,avg_transaction_amount,0.5836
3590,0.0559,Low,avg_monthly_transaction_count,-2.9565,avg_transaction_amount,1.0399,account_age_days,0.7281
1369,0.0566,Low,avg_monthly_transaction_count,2.586,avg_standing_order_amount,0.9448,client_age,-0.8334
3746,0.0558,Low,avg_balance,-2.9035,avg_transaction_amount,0.8198,avg_standing_order_amount,-0.7692
2593,0.0566,Low,avg_standing_order_amount,1.0349,account_age_days,0.6219,avg_transaction_amount,0.6114
2868,0.0558,Low,avg_monthly_transaction_count,-3.7293,avg_transaction_amount,-0.9044,avg_standing_order_amount,0.8475
2020,0.0558,Low,avg_monthly_transaction_count,-3.6538,avg_transaction_amount,-1.5443,account_age_days,-0.8125
3045,0.0558,Low,avg_transaction_amount,-1.8129,avg_monthly_transaction_count,-1.6572,balance_volatility,-1.1404
3466,0.056,Low,avg_monthly_transaction_count,2.1163,avg_standing_order_amount,-1.6442,avg_transaction_amount,0.843
3464,0.1007,Low,avg_monthly_transaction_count,3.6417,transaction_trend,0.7463,avg_transaction_amount,0.5943
2905,0.0558,Low,avg_monthly_transaction_count,-2.3419,avg_standing_order_amount,-1.8639,avg_transaction_amount,1.4047
1570,0.0558,Low,avg_monthly_transaction_count,-3.8143,avg_transaction_amount,-1.8058,avg_standing_order_amount,0.7163
1994,0.0561,Low,avg_monthly_transaction_count,5.2499,avg_standing_order_amount,-2.8253,transaction_trend,-2.4888
1405,0.0558,Low,avg_standing_order_amount,-2.8787,avg_monthly_transaction_count,1.4906,avg_transaction_amount,-1.3933
3799,0.057,Low,avg_monthly_transaction_count,3.7607,avg_standing_order_amount,-2.2258,standing_order_count,-1.399
875,0.0558,Low,avg_monthly_transaction_count,-3.8929,balance_volatility,-0.743,avg_standing_order_amount,0.5549
865,0.0558,Low,avg_monthly_transaction_count,-2.47,avg_transaction_amount,-1.5792,credit_debit_ratio,-1.168
1395,0.0558,Low,avg_monthly_transaction_count,-1.4635,credit_debit_ratio,-0.9736,district_urban_ratio,-0.5119
2435,0.1456,Low,avg_standing_order_amount,2.2891,credit_debit_ratio,1.446,balance_volatility,1.1125
3633,0.0573,Low,avg_monthly_transaction_count,2.2591,avg_standing_order_amount,1.4788,district_crimes_count,-0.7223
85,0.0558,Low,avg_monthly_transaction_count,-3.4821,credit_debit_ratio,-1.5119,account_age_days,0.7073
1707,0.0561,Low,avg_monthly_transaction_count,-3.9775,avg_standing_order_amount,1.5941,standing_order_count,1.2551
3995,0.0566,Low,avg_monthly_transaction_count,3.3548,avg_standing_order_amount,-3.1144,transaction_trend,0.6704
823,0.0558,Low,avg_monthly_transaction_count,-2.6509,avg_standing_order_amount,-2.3099,avg_transaction_amount,-1.3215
462,0.056,Low,credit_debit_ratio,1.0885,account_age_days,-0.6531,avg_transaction_amount,0.5621
4589,0.0558,Low,min_balance_ever,-3.2302,avg_monthly_transaction_count,-2.3378,avg_standing_order_amount,-2.0997
6897,0.0558,Low,min_balance_ever,-3.3926,avg_standing_order_amount,-2.8341,transaction_trend,-1.328
3946,0.0573,Low,avg_standing_order_amount,1.8521,avg_monthly_transaction_count,1.245,avg_transaction_amount,0.9171
3332,0.0558,Low,avg_monthly_transaction_count,-2.9147,avg_standing_order_amount,-2.198,credit_debit_ratio,-0.9635
3924,0.0558,Low,avg_monthly_transaction_count,-3.4989,avg_transaction_amount,-1.3063,balance_volatility,-0.7873
3251,0.0558,Low,avg_monthly_transaction_count,-3.5639,avg_transaction_amount,-2.09,client_age,0.7327
9707,0.0577,Low,min_balance_ever,-5.5517,avg_monthly_transaction_count,4.1828,standing_order_count,1.361
2417,0.0558,Low,avg_standing_order_amount,-1.7269,avg_transaction_amount,-1.4907,account_age_days,-0.7223
1293,0.0587,Low,avg_transaction_amount,1.5843,balance_volatility,0.8251,account_age_days,0.6106
1303,0.0558,Low,avg_monthly_transaction_count,-4.0925,account_age_days,1.5948,credit_debit_ratio,-1.108
3722,0.0559,Low,avg_monthly_transaction_count,-2.2313,avg_standing_order_amount,1.1735,avg_transaction_amount,0.7219
4383,0.0578,Low,avg_monthly_transaction_count,3.4149,avg_standing_order_amount,1.7534,transaction_trend,-0.9239
255,0.7016,High,avg_standing_order_amount,2.7793,avg_monthly_transaction_count,2.4971,balance_volatility,1.0254
3114,0.0558,Low,transaction_trend,-2.0546,avg_standing_order_amount,-1.6654,avg_transaction_amount,0.9642
1602,0.0558,Low,avg_monthly_transaction_count,-3.336,avg_transaction_amount,-1.8986,balance_volatility,-1.174
3022,0.0558,Low,avg_monthly_transaction_count,-3.6456,avg_transaction_amount,-1.0621,avg_standing_order_amount,0.9854
1512,0.0558,Low,avg_standing_order_amount,-1.735,avg_monthly_transaction_count,-1.3664,account_age_days,-0.8391
3700,0.0579,Low,account_age_days,1.4811,credit_debit_ratio,-1.1247,avg_transaction_amount,1.0485
3902,0.0566,Low,avg_monthly_transaction_count,2.2655,balance_volatility,-1.0369,avg_standing_order_amount,0.9328
3910,0.0558,Low,avg_monthly_transaction_count,-3.7625,avg_transaction_amount,-1.0776,balance_volatility,-0.8546
5726,0.0558,Low,avg_standing_order_amount,-2.9126,district_crimes_count,2.0368,min_balance_ever,-1.8615
800,0.0558,Low,avg_standing_order_amount,-1.5757,account_age_days,-1.5495,avg_transaction_amount,-1.5055
1240,0.0558,Low,avg_monthly_transaction_count,-4.0105,account_age_days,1.5176,avg_transaction_amount,0.811
3047,0.0558,Low,avg_monthly_transaction_count,-3.4974,avg_transaction_amount,-2.0183,account_age_days,-1.554
3156,0.0562,Low,avg_monthly_transaction_count,-2.1806,balance_volatility,1.6974,min_balance_ever,1.1567
702,0.0558,Low,avg_monthly_transaction_count,-3.4708,avg_transaction_amount,-1.0943,avg_balance,0.8429
693,0.0567,Low,avg_transaction_amount,0.9608,credit_debit_ratio,0.8872,district_avg_salary,-0.8373
3499,0.0558,Low,avg_standing_order_amount,-3.5292,avg_monthly_transaction_count,-2.1758,district_avg_salary,-0.9143
2374,0.0558,Low,avg_monthly_transaction_count,-3.0476,avg_transaction_amount,-2.0725,credit_debit_ratio,-1.2928
154,0.0562,Low,balance_volatility,1.0388,account_age_days,-0.7446,standing_order_count,0.7012
2212,0.0558,Low,avg_monthly_transaction_count,-3.5585,avg_transaction_amount,-1.0465,avg_standing_order_amount,0.9027
806,0.0558,Low,avg_monthly_transaction_count,-3.379,avg_transaction_amount,-1.9941,district_urban_ratio,0.9345
612,0.0558,Low,avg_monthly_transaction_count,-3.4305,avg_transaction_amount,-1.7132,credit_debit_ratio,-1.4192
602,0.0558,Low,avg_monthly_transaction_count,-3.9962,avg_balance,1.155,avg_standing_order_amount,0.8615
713,0.0558,Low,avg_monthly_transaction_count,-3.6231,avg_standing_order_amount,0.9466,balance_volatility,-0.6282
684,0.0558,Low,avg_monthly_transaction_count,-3.563,avg_transaction_amount,-1.5479,credit_debit_ratio,-1.3231
3644,0.0558,Low,avg_monthly_transaction_count,-3.4795,avg_transaction_amount,-1.9304,account_age_days,-0.8438
3328,0.0558,Low,avg_monthly_transaction_count,-3.5705,avg_transaction_amount,-0.9936,balance_volatility,-0.9794
3532,0.0558,Low,avg_standing_order_amount,-2.8126,avg_monthly_transaction_count,-2.5951,avg_transaction_amount,1.243
3540,0.0558,Low,avg_transaction_amount,-2.0509,avg_monthly_transaction_count,-1.8276,credit_debit_ratio,-1.1279
3920,0.056,Low,avg_standing_order_amount,-2.4767,avg_monthly_transaction_count,-2.3868,balance_volatility,1.751
419,0.0558,Low,avg_monthly_transaction_count,-2.6666,avg_standing_order_amount,-1.757,avg_transaction_amount,-1.1076
500,0.0561,Low,balance_volatility,1.7576,transaction_trend,-1.3115,avg_standing_order_amount,-0.8632
409,0.0559,Low,avg_monthly_transaction_count,-2.3554,client_age,1.6463,balance_volatility,-1.4142
1837,0.0559,Low,account_age_days,-1.3156,avg_balance,-1.1553,avg_standing_order_amount,0.861
5483,0.0569,Low,min_balance_ever,-3.7725,avg_transaction_amount,2.3504,district_urban_ratio,1.3893
10607,0.0558,Low,min_balance_ever,-4.4345,avg_standing_order_amount,-4.183,avg_monthly_transaction_count,2.8211
3086,0.0561,Low,avg_transaction_amount,1.4724,avg_monthly_transaction_count,-0.7557,avg_balance,-0.611
3066,0.0559,Low,avg_transaction_amount,0.9675,balance_volatility,-0.9348,avg_monthly_transaction_count,-0.7433
3082,0.0558,Low,avg_monthly_transaction_count,-2.9226,avg_standing_order_amount,1.6768,avg_transaction_amount,1.1288
3094,0.0572,Low,avg_monthly_transaction_count,5.2783,avg_standing_order_amount,-2.6705,transaction_trend,0.6647
1207,0.057,Low,avg_standing_order_amount,2.7492,district_avg_salary,-1.665,credit_debit_ratio,1.2358
1354,0.0558,Low,avg_monthly_transaction_count,-3.7441,avg_balance,1.2252,avg_standing_order_amount,0.8462
1362,0.0559,Low,avg_standing_order_amount,-3.1144,avg_monthly_transaction_count,-2.2243,avg_transaction_amount,1.9324
1490,0.0562,Low,avg_transaction_amount,1.0157,balance_volatility,0.9863,standing_order_count,0.986
1086,0.0558,Low,avg_standing_order_amount,-4.01,avg_transaction_amount,-1.3555,avg_monthly_transaction_count,1.0369
3837,0.0622,Low,avg_monthly_transaction_count,-3.079,avg_transaction_amount,2.1472,avg_standing_order_amount,1.2399
3158,0.0558,Low,avg_monthly_transaction_count,-3.4783,avg_transaction_amount,-1.964,credit_debit_ratio,-1.3331
3127,0.7469,High,avg_monthly_transaction_count,2.7925,avg_standing_order_amount,2.7563,avg_transaction_amount,1.4935
3216,0.3277,Low,avg_monthly_transaction_count,4.2884,avg_standing_order_amount,1.7806,balance_volatility,1.4396
3111,0.0562,Low,balance_volatility,-1.018,avg_transaction_amount,0.7882,credit_debit_ratio,0.6986
2558,0.0558,Low,avg_monthly_transaction_count,-3.4867,avg_transaction_amount,-1.7123,account_age_days,1.1559
2570,0.0558,Low,avg_monthly_transaction_count,-3.5688,avg_transaction_amount,-1.7832,balance_volatility,-0.6275
2703,0.0558,Low,avg_monthly_transaction_count,-3.5332,account_age_days,2.4009,avg_transaction_amount,-1.5909
4253,0.0563,Low,avg_standing_order_amount,3.0693,avg_transaction_amount,-2.1483,balance_volatility,1.6856
3996,0.0558,Low,avg_monthly_transaction_count,-3.4237,avg_transaction_amount,-1.302,standing_order_count,0.6203
3886,0.0559,Low,avg_standing_order_amount,-2.9968,avg_monthly_transaction_count,-1.9718,balance_volatility,1.606
1652,0.0558,Low,avg_monthly_transaction_count,-3.3989,avg_transaction_amount,-0.9116,balance_volatility,-0.7887
1578,0.0558,Low,avg_monthly_transaction_count,-3.5602,avg_transaction_amount,-1.8536,standing_order_count,0.6727
1677,0.0559,Low,avg_monthly_transaction_count,-1.8786,account_age_days,1.0891,district_avg_salary,-0.9318
1675,0.0558,Low,avg_monthly_transaction_count,-3.3771,avg_transaction_amount,-1.6524,account_age_days,-1.3793
1672,0.059,Low,avg_transaction_amount,1.0232,client_age,0.979,balance_volatility,-0.7098
3765,0.0558,Low,avg_standing_order_amount,-3.5849,credit_debit_ratio,-1.3868,avg_transaction_amount,-1.1775
1793,0.0579,Low,avg_monthly_transaction_count,1.1446,avg_standing_order_amount,1.0555,credit_debit_ratio,-0.9208
2485,0.0558,Low,avg_monthly_transaction_count,-3.3736,avg_transaction_amount,-1.7853,account_age_days,1.3004
2578,0.0558,Low,avg_monthly_transaction_count,-3.4668,avg_transaction_amount,-1.3113,avg_balance,0.8384
2520,0.0558,Low,avg_monthly_transaction_count,-3.8,avg_transaction_amount,-1.4067,balance_volatility,-0.5325
2583,0.0558,Low,avg_monthly_transaction_count,-2.838,avg_transaction_amount,-1.6738,avg_standing_order_amount,-1.2187
5063,0.0558,Low,min_balance_ever,-3.5254,avg_standing_order_amount,-2.9183,avg_monthly_transaction_count,-2.3457
9192,0.0558,Low,min_balance_ever,-4.3299,avg_standing_order_amount,-2.2296,avg_transaction_amount,0.9547
557,0.0558,Low,avg_monthly_transaction_count,-3.5239,avg_transaction_amount,-1.7607,balance_volatility,-0.6071
550,0.0558,Low,avg_monthly_transaction_count,-2.8587,avg_standing_order_amount,-1.6552,account_age_days,0.8791
561,0.0558,Low,avg_transaction_amount,-1.5692,avg_standing_order_amount,-1.1156,account_age_days,0.734
3578,0.0559,Low,avg_monthly_transaction_count,-1.3701,credit_debit_ratio,-1.0587,avg_transaction_amount,0.8884
3790,0.0558,Low,avg_standing_order_amount,-3.6068,avg_monthly_transaction_count,-2.2548,transaction_trend,-1.916
3322,0.0679,Low,balance_volatility,2.2949,avg_transaction_amount,1.5329,transaction_trend,-0.8606
4240,0.0558,Low,avg_standing_order_amount,-3.1149,avg_monthly_transaction_count,-2.5165,account_age_days,-1.4315
383,0.0558,Low,avg_monthly_transaction_count,-3.4587,avg_transaction_amount,-1.5209,account_age_days,1.0214
1983,0.0558,Low,avg_standing_order_amount,-2.9443,avg_monthly_transaction_count,-2.552,account_age_days,-1.0473
7465,0.0558,Low,min_balance_ever,-3.8994,avg_monthly_transaction_count,-1.8735,avg_transaction_amount,1.4634
62,0.0558,Low,avg_monthly_transaction_count,-3.5213,avg_transaction_amount,-1.7099,balance_volatility,-0.9862
3911,0.0558,Low,avg_monthly_transaction_count,-3.259,avg_transaction_amount,-1.5274,credit_debit_ratio,-0.8935
2275,0.0563,Low,avg_monthly_transaction_count,-3.1891,avg_standing_order_amount,1.9215,avg_transaction_amount,1.3653
3830,0.0641,Low,avg_monthly_transaction_count,-1.502,avg_transaction_amount,1.3885,transaction_trend,1.05
341,0.0558,Low,avg_monthly_transaction_count,-2.9553,avg_standing_order_amount,-2.9372,avg_transaction_amount,1.6817
162,0.0558,Low,avg_monthly_transaction_count,-3.9796,avg_transaction_amount,-1.0897,balance_volatility,-1.0297
168,0.0558,Low,avg_monthly_transaction_count,-3.2305,avg_transaction_amount,-1.5307,account_age_days,-0.6568
444,0.0558,Low,avg_monthly_transaction_count,-2.8933,balance_volatility,-0.645,client_age,0.6235
1878,0.0558,Low,min_balance_ever,-3.7493,avg_standing_order_amount,-2.8568,avg_monthly_transaction_count,-1.9955
1466,0.0559,Low,avg_monthly_transaction_count,-3.3541,credit_debit_ratio,-1.4667,avg_standing_order_amount,0.8868
2658,0.0558,Low,avg_monthly_transaction_count,-2.5243,avg_standing_order_amount,-2.3872,standing_order_count,1.1271
2113,0.0558,Low,avg_monthly_transaction_count,-3.1199,avg_standing_order_amount,-2.4951,avg_transaction_amount,1.1729
5692,0.0559,Low,min_balance_ever,-3.6202,avg_monthly_transaction_count,-2.6942,avg_transaction_amount,1.8762
4538,0.0558,Low,avg_monthly_transaction_count,-2.5986,avg_standing_order_amount,-2.2981,avg_transaction_amount,-1.2926
1235,0.0558,Low,avg_transaction_amount,-2.1759,avg_monthly_transaction_count,-0.7765,transaction_trend,-0.6884
1866,0.0558,Low,credit_debit_ratio,-1.2298,account_age_days,-1.1527,avg_monthly_transaction_count,-0.9844
967,0.0563,Low,avg_standing_order_amount,3.3076,avg_monthly_transaction_count,-2.6427,transaction_trend,-2.1049
2137,0.1049,Low,avg_transaction_amount,2.461,avg_standing_order_amount,2.3724,avg_monthly_transaction_count,-1.1
676,0.0558,Low,avg_monthly_transaction_count,-1.9432,avg_transaction_amount,-1.2038,avg_standing_order_amount,0.6385
177,0.0558,Low,avg_monthly_transaction_count,-2.9253,avg_standing_order_amount,-2.5119,credit_debit_ratio,-1.4901
371,0.0558,Low,avg_monthly_transaction_count,-2.8317,avg_standing_order_amount,-2.3761,avg_transaction_amount,-0.8296
1243,0.0558,Low,avg_standing_order_amount,-2.6953,avg_monthly_transaction_count,-1.9456,avg_transaction_amount,1.0383
3713,0.0559,Low,avg_standing_order_amount,-3.1549,avg_transaction_amount,-1.4437,balance_volatility,0.9744
2897,0.0569,Low,avg_monthly_transaction_count,3.3866,avg_standing_order_amount,2.8532,avg_balance,-1.4928
956,0.0559,Low,client_age,1.3402,avg_standing_order_amount,-1.3257,avg_monthly_transaction_count,-0.9237
30,0.0576,Low,avg_monthly_transaction_count,2.1005,avg_transaction_amount,-1.8317,standing_order_count,1.8281
1525,0.0558,Low,avg_monthly_transaction_count,-3.2696,avg_transaction_amount,-1.6737,balance_volatility,-0.7159
1236,0.0558,Low,avg_monthly_transaction_count,-2.4659,avg_standing_order_amount,-1.8779,client_age,1.0551
2133,0.0558,Low,avg_monthly_transaction_count,-3.6811,avg_transaction_amount,-1.4036,avg_balance,1.1223
3825,0.0558,Low,avg_monthly_transaction_count,-2.646,avg_standing_order_amount,-2.0003,transaction_trend,-1.5989
3858,0.0558,Low,avg_standing_order_amount,-2.3192,transaction_trend,-1.831,district_avg_salary,-0.9618
4132,0.0558,Low,avg_monthly_transaction_count,-2.4317,avg_standing_order_amount,-2.102,client_age,1.1219
1307,0.0559,Low,avg_monthly_transaction_count,-1.3131,transaction_trend,1.2362,balance_volatility,-1.0354
949,0.0558,Low,min_balance_ever,-3.9076,avg_standing_order_amount,-2.9331,avg_monthly_transaction_count,-1.957
1880,0.0558,Low,avg_standing_order_amount,-3.9192,avg_monthly_transaction_count,2.1034,avg_transaction_amount,-0.8417
719,0.0559,Low,avg_transaction_amount,-2.0107,credit_debit_ratio,-1.6416,avg_standing_order_amount,1.1434
2077,0.0558,Low,avg_monthly_transaction_count,-2.4757,avg_standing_order_amount,-1.9812,credit_debit_ratio,-1.0932
2714,0.0558,Low,avg_standing_order_amount,-1.9567,transaction_trend,-1.8374,avg_monthly_transaction_count,-1.8306
2900,0.0558,Low,avg_standing_order_amount,-2.9042,avg_monthly_transaction_count,-2.2062,avg_transaction_amount,1.6213
2208,0.0558,Low,avg_monthly_transaction_count,-3.5836,avg_transaction_amount,-1.6904,credit_debit_ratio,-1.128
2222,0.0559,Low,avg_monthly_transaction_count,-3.7851,balance_volatility,1.4454,account_age_days,-1.2708
264,0.0559,Low,avg_monthly_transaction_count,-1.4549,balance_volatility,-0.9448,avg_standing_order_amount,0.4116
374,0.0558,Low,account_age_days,-2.7048,avg_standing_order_amount,-2.1856,avg_monthly_transaction_count,-1.2114
235,0.0558,Low,avg_transaction_amount,-1.9055,account_age_days,-0.7678,avg_standing_order_amount,-0.7558
1685,0.0561,Low,avg_monthly_transaction_count,-2.7094,transaction_trend,-1.882,avg_transaction_amount,1.6549
2388,0.0558,Low,avg_monthly_transaction_count,-3.6478,avg_transaction_amount,-2.0302,balance_volatility,-0.8404
332,0.0558,Low,avg_transaction_amount,-2.1899,balance_volatility,-1.3116,avg_standing_order_amount,0.7187
2867,0.0559,Low,balance_volatility,1.71,avg_balance,-1.6065,avg_transaction_amount,0.9909
35,0.0558,Low,avg_transaction_amount,-1.3744,avg_standing_order_amount,-1.0474,account_age_days,-0.6949
44,0.0558,Low,avg_monthly_transaction_count,-3.5548,avg_transaction_amount,-1.7086,account_age_days,-0.7016
9,0.0558,Low,avg_standing_order_amount,-2.0887,avg_monthly_transaction_count,-1.7804,transaction_trend,-1.576
857,0.0558,Low,avg_monthly_transaction_count,-3.8472,avg_transaction_amount,-1.4459,balance_volatility,-0.7806
54,0.0558,Low,avg_monthly_transaction_count,-3.4143,avg_transaction_amount,-2.0188,balance_volatility,-0.6268
701,0.0558,Low,transaction_trend,-1.9603,avg_standing_order_amount,-1.873,avg_monthly_transaction_count,-1.0769
973,0.0558,Low,avg_monthly_transaction_count,-3.7059,avg_transaction_amount,-1.2789,balance_volatility,-1.0903
1398,0.0558,Low,avg_monthly_transaction_count,-2.6095,avg_standing_order_amount,-2.5365,avg_transaction_amount,-1.1278
1720,0.0558,Low,avg_monthly_transaction_count,-2.8535,avg_standing_order_amount,-2.276,account_age_days,1.132
6872,0.0558,Low,min_balance_ever,-4.1029,avg_standing_order_amount,-2.117,avg_transaction_amount,1.5808
3320,0.0558,Low,avg_monthly_transaction_count,-3.3429,avg_transaction_amount,-1.9765,credit_debit_ratio,-1.4364
788,0.0558,Low,avg_monthly_transaction_count,-3.6534,balance_volatility,-1.6367,avg_transaction_amount,-1.1507
869,0.0558,Low,avg_monthly_transaction_count,-2.5097,avg_standing_order_amount,-2.2517,transaction_trend,-1.2913
1171,0.0558,Low,avg_monthly_transaction_count,-3.087,credit_debit_ratio,-1.5326,avg_standing_order_amount,1.4847
2947,0.0558,Low,avg_monthly_transaction_count,-3.0315,avg_transaction_amount,-2.0666,balance_volatility,-1.4402
3870,0.0558,Low,avg_monthly_transaction_count,-3.57,avg_standing_order_amount,1.0091,avg_transaction_amount,-0.9683
64,0.0558,Low,avg_standing_order_amount,-2.7385,avg_monthly_transaction_count,-2.2413,credit_debit_ratio,-1.2804
3033,0.0558,Low,avg_monthly_transaction_count,-2.4942,avg_standing_order_amount,-2.4479,district_avg_salary,-1.2704
17,0.0559,Low,avg_monthly_transaction_count,-3.505,balance_volatility,1.857,avg_transaction_amount,1.7146
2715,0.0558,Low,avg_standing_order_amount,-2.4646,avg_transaction_amount,-1.779,account_age_days,0.9521
1860,0.0558,Low,avg_monthly_transaction_count,-3.2966,avg_transaction_amount,-1.6711,credit_debit_ratio,-1.3091
1872,0.0563,Low,credit_debit_ratio,-1.5095,account_age_days,1.1791,avg_transaction_amount,1.1652
2874,0.0558,Low,avg_monthly_transaction_count,-3.4685,avg_transaction_amount,-1.6056,credit_debit_ratio,-1.3657
79,0.0558,Low,avg_monthly_transaction_count,-3.5717,avg_transaction_amount,-1.7137,balance_volatility,-0.784
3512,0.0558,Low,avg_monthly_transaction_count,-3.5077,avg_transaction_amount,-1.9551,credit_debit_ratio,-1.0833
351,0.0558,Low,avg_standing_order_amount,-4.5073,avg_monthly_transaction_count,1.7426,transaction_trend,-1.0409
301,0.0558,Low,avg_monthly_transaction_count,-3.5909,avg_transaction_amount,-1.5777,credit_debit_ratio,-0.8943
3167,0.0558,Low,avg_monthly_transaction_count,-2.3385,avg_standing_order_amount,-1.9612,avg_transaction_amount,1.4843
1666,0.0558,Low,avg_monthly_transaction_count,-2.9745,avg_transaction_amount,-1.7524,district_avg_salary,-1.334
7774,0.0559,Low,min_balance_ever,-5.4682,avg_monthly_transaction_count,3.0829,avg_standing_order_amount,-2.4163
1706,0.0558,Low,avg_transaction_amount,-2.0856,credit_debit_ratio,-1.522,standing_order_count,1.0222
3994,0.0558,Low,avg_standing_order_amount,-3.479,avg_monthly_transaction_count,-2.2289,balance_volatility,1.5893
1036,0.062,Low,avg_transaction_amount,1.5697,district_urban_ratio,0.9421,credit_debit_ratio,-0.772
827,0.0558,Low,avg_monthly_transaction_count,-3.4427,avg_transaction_amount,-1.9378,credit_debit_ratio,-1.3301
598,0.0558,Low,avg_monthly_transaction_count,-2.5389,credit_debit_ratio,-2.1686,avg_transaction_amount,0.8185
601,0.0558,Low,avg_monthly_transaction_count,-3.376,avg_transaction_amount,-1.5401,account_age_days,-0.601
617,0.0606,Low,avg_standing_order_amount,1.7926,avg_monthly_transaction_count,-1.4189,standing_order_count,1.3079
1832,0.0578,Low,avg_monthly_transaction_count,5.8144,district_urban_ratio,-0.8702,avg_transaction_amount,0.679
3940,0.0561,Low,avg_transaction_amount,1.7518,avg_standing_order_amount,-1.5443,client_age,0.8804
2812,0.0562,Low,avg_monthly_transaction_count,-2.7766,avg_transaction_amount,1.012,avg_standing_order_amount,0.7237
509,0.056,Low,avg_monthly_transaction_count,-3.4301,account_age_days,1.4629,avg_transaction_amount,1.3798
2179,0.0558,Low,avg_standing_order_amount,-2.4558,transaction_trend,-2.1451,standing_order_count,-1.5371
2537,0.1773,Low,avg_monthly_transaction_count,4.5268,balance_volatility,2.166,avg_transaction_amount,-0.9058
1350,0.0927,Low,avg_transaction_amount,2.0247,avg_monthly_transaction_count,-1.8486,balance_volatility,1.7652
1089,0.0558,Low,avg_standing_order_amount,-1.2468,avg_monthly_transaction_count,0.883,district_urban_ratio,-0.6135
3970,0.1175,Low,avg_monthly_transaction_count,2.3942,balance_volatility,1.1258,avg_standing_order_amount,0.9532
3956,0.1789,Low,avg_monthly_transaction_count,2.8598,avg_standing_order_amount,1.7794,credit_debit_ratio,-1.5497
2571,0.0558,Low,avg_standing_order_amount,-3.2294,avg_monthly_transaction_count,-0.7304,balance_volatility,0.7285
893,0.0558,Low,avg_standing_order_amount,-2.4706,avg_monthly_transaction_count,-2.4473,avg_transaction_amount,0.6213
885,0.0559,Low,avg_standing_order_amount,-2.2241,avg_monthly_transaction_count,1.0425,standing_order_count,-0.8012
3662,0.0558,Low,avg_monthly_transaction_count,-2.7372,avg_standing_order_amount,-2.3718,avg_transaction_amount,1.4844
2156,0.0559,Low,avg_monthly_transaction_count,-2.1386,avg_standing_order_amount,-1.0967,avg_transaction_amount,0.7537
2916,0.0568,Low,avg_monthly_transaction_count,5.9765,avg_standing_order_amount,-2.8561,account_age_days,0.8167
3184,0.0558,Low,avg_monthly_transaction_count,-3.6651,avg_transaction_amount,-0.9611,avg_standing_order_amount,0.8771
3736,0.0558,Low,avg_monthly_transaction_count,-3.8466,balance_volatility,-1.1779,client_age,-0.5741
2390,0.0598,Low,avg_standing_order_amount,3.9508,avg_monthly_transaction_count,2.3023,transaction_trend,-2.2771
2263,0.0559,Low,avg_monthly_transaction_count,-1.8696,avg_transaction_amount,1.3843,transaction_trend,0.5195
3075,0.0558,Low,avg_monthly_transaction_count,-3.2411,avg_transaction_amount,-1.6814,account_age_days,0.8646
11,0.0558,Low,avg_monthly_transaction_count,-3.4029,avg_transaction_amount,-2.1748,balance_volatility,-0.9848
16,0.0558,Low,avg_standing_order_amount,-3.1528,avg_monthly_transaction_count,-2.7687,account_age_days,0.9227
31,0.0575,Low,avg_monthly_transaction_count,4.102,avg_transaction_amount,-1.8389,balance_volatility,0.8758
2090,0.0558,Low,avg_monthly_transaction_count,-3.5809,balance_volatility,-1.5014,avg_transaction_amount,-0.9318
2990,0.0558,Low,avg_standing_order_amount,-2.0803,credit_debit_ratio,-1.6127,avg_transaction_amount,-1.0814
1557,0.0558,Low,avg_monthly_transaction_count,-3.7276,avg_transaction_amount,-1.5032,district_avg_salary,-0.9886
933,0.0558,Low,avg_monthly_transaction_count,-2.3479,avg_transaction_amount,-1.2583,client_age,-0.8666
939,0.0558,Low,avg_monthly_transaction_count,-3.4582,avg_transaction_amount,-2.0527,balance_volatility,-0.662
1053,0.0563,Low,avg_monthly_transaction_count,2.8662,avg_standing_order_amount,-1.6021,balance_volatility,-0.8528
1504,0.1321,Low,avg_monthly_transaction_count,1.6756,avg_transaction_amount,1.3564,client_age,0.9201
2460,0.0559,Low,avg_monthly_transaction_count,-3.0789,standing_order_count,1.1421,client_age,0.9283
997,0.0559,Low,avg_monthly_transaction_count,3.4049,avg_standing_order_amount,-2.813,credit_debit_ratio,-1.5756
2526,0.0558,Low,avg_monthly_transaction_count,-3.7287,avg_standing_order_amount,1.3367,avg_transaction_amount,-0.8293
2871,0.0558,Low,avg_monthly_transaction_count,-3.9066,balance_volatility,-1.3223,avg_standing_order_amount,0.5003
2003,0.0574,Low,balance_volatility,1.408,avg_balance,-1.163,standing_order_count,1.142
2132,0.0558,Low,avg_monthly_transaction_count,-2.8654,avg_standing_order_amount,-2.4604,avg_transaction_amount,0.6229
3046,0.0558,Low,avg_standing_order_amount,-1.6897,avg_transaction_amount,-1.4268,account_age_days,1.199
3153,0.0575,Low,avg_monthly_transaction_count,8.3456,avg_transaction_amount,-2.992,district_avg_salary,-1.9541
1734,0.056,Low,avg_standing_order_amount,-1.4018,account_age_days,1.114,avg_transaction_amount,0.9849
1986,0.0559,Low,balance_volatility,-1.0099,avg_transaction_amount,0.6067,total_debit_amount,0.4003
2887,0.0561,Low,avg_monthly_transaction_count,-1.6248,avg_transaction_amount,0.9635,avg_standing_order_amount,0.6523
867,0.0559,Low,min_balance_ever,-4.5843,avg_standing_order_amount,2.1982,avg_monthly_transaction_count,1.748
355,0.0575,Low,avg_monthly_transaction_count,1.776,avg_standing_order_amount,1.3562,total_debit_amount,-0.6592
280,0.0564,Low,avg_monthly_transaction_count,2.4505,account_age_days,-1.4221,total_transaction_count,0.5415
1867,0.0558,Low,avg_monthly_transaction_count,-2.5648,avg_standing_order_amount,-2.2984,credit_debit_ratio,-0.5703
2430,0.0558,Low,avg_monthly_transaction_count,-3.1227,avg_standing_order_amount,-2.0523,avg_transaction_amount,0.78
2734,0.0561,Low,avg_monthly_transaction_count,3.6226,avg_standing_order_amount,-2.0831,credit_debit_ratio,-1.3825
2375,0.058,Low,avg_monthly_transaction_count,2.2864,avg_standing_order_amount,1.2775,avg_transaction_amount,0.7737
2382,0.0558,Low,avg_monthly_transaction_count,-3.7306,avg_transaction_amount,-0.8784,avg_standing_order_amount,0.8325
3130,0.0558,Low,avg_monthly_transaction_count,-3.4463,avg_transaction_amount,-1.445,balance_volatility,0.9508
3272,0.0565,Low,avg_standing_order_amount,-4.0148,avg_monthly_transaction_count,3.2858,standing_order_count,-0.6367
3277,0.0558,Low,avg_monthly_transaction_count,-1.9977,avg_standing_order_amount,-1.7092,avg_transaction_amount,1.6301
3638,0.0569,Low,avg_standing_order_amount,-2.2969,avg_transaction_amount,1.5589,balance_volatility,1.4667
180,0.0558,Low,min_balance_ever,-3.7797,avg_standing_order_amount,-2.6204,district_urban_ratio,1.0664
3053,0.0562,Low,avg_monthly_transaction_count,1.815,avg_standing_order_amount,0.9661,account_age_days,-0.8594
3791,0.7405,High,avg_monthly_transaction_count,6.0049,avg_transaction_amount,1.2212,account_age_days,0.924
1019,0.0574,Low,avg_monthly_transaction_count,4.4393,account_age_days,-1.8724,avg_standing_order_amount,1.2898
3425,0.0558,Low,avg_transaction_amount,-1.9006,credit_debit_ratio,-1.5318,avg_standing_order_amount,0.6785
3625,0.0558,Low,avg_standing_order_amount,-2.5892,avg_transaction_amount,-0.8418,transaction_trend,-0.752
480,0.0573,Low,avg_monthly_transaction_count,-1.9325,avg_transaction_amount,1.0794,account_age_days,1.0165
2644,0.0558,Low,avg_transaction_amount,-2.1369,account_age_days,1.0654,avg_monthly_transaction_count,-0.8184
4596,0.0558,Low,min_balance_ever,-3.9715,avg_standing_order_amount,-2.4227,balance_volatility,2.3738
1333,0.056,Low,avg_monthly_transaction_count,-2.2374,avg_standing_order_amount,1.1692,district_crimes_count,0.7786
1455,0.0558,Low,min_balance_ever,-2.5484,avg_monthly_transaction_count,-2.12,avg_standing_order_amount,-1.9656
2659,0.0558,Low,avg_monthly_transaction_count,-2.7263,avg_standing_order_amount,-1.9229,standing_order_count,-0.8006
1192,0.0558,Low,avg_monthly_transaction_count,-3.0958,avg_standing_order_amount,-2.6431,avg_transaction_amount,1.4489
1196,0.056,Low,balance_volatility,4.2278,avg_transaction_amount,1.8939,transaction_trend,-1.6401
2938,0.0574,Low,avg_monthly_transaction_count,6.7633,transaction_trend,-2.9151,avg_standing_order_amount,1.753
2671,0.0558,Low,avg_transaction_amount,-2.5109,balance_volatility,-1.2697,avg_monthly_transaction_count,-1.2446
9549,0.0558,Low,min_balance_ever,-4.7179,avg_standing_order_amount,-3.7115,avg_monthly_transaction_count,3.4398
1951,0.056,Low,avg_monthly_transaction_count,2.353,avg_standing_order_amount,-1.8991,credit_debit_ratio,-1.5123
1857,0.0566,Low,credit_debit_ratio,-1.3885,account_age_days,1.3081,avg_standing_order_amount,0.783
2575,0.0559,Low,avg_transaction_amount,-1.39,credit_debit_ratio,-0.6287,balance_volatility,-0.5898
4349,0.0558,Low,avg_standing_order_amount,-3.104,avg_monthly_transaction_count,-2.0819,standing_order_count,-0.6876
4332,0.0562,Low,avg_standing_order_amount,3.2556,avg_monthly_transaction_count,-2.655,balance_volatility,2.2244
1016,0.0559,Low,avg_balance,-1.9663,avg_transaction_amount,0.9061,balance_volatility,0.8762
2330,0.0558,Low,avg_transaction_amount,-2.1188,account_age_days,-1.6763,avg_monthly_transaction_count,-0.6389
3656,0.0558,Low,avg_monthly_transaction_count,-2.6275,avg_standing_order_amount,-1.9998,avg_transaction_amount,-0.9898
2759,0.0561,Low,avg_standing_order_amount,-2.0805,balance_volatility,1.8585,avg_monthly_transaction_count,-1.4609
2039,0.0558,Low,avg_standing_order_amount,-2.2394,avg_monthly_transaction_count,-1.9833,transaction_trend,-1.7312
1648,0.0558,Low,avg_standing_order_amount,-3.0735,credit_debit_ratio,-1.3803,avg_monthly_transaction_count,1.1516
2770,0.0559,Low,avg_standing_order_amount,-4.0751,avg_monthly_transaction_count,3.4078,avg_transaction_amount,-1.2745
1315,0.0816,Low,avg_monthly_transaction_count,4.221,credit_debit_ratio,0.6599,avg_transaction_amount,0.4561
1285,0.0562,Low,avg_standing_order_amount,1.5556,account_age_days,-1.2181,balance_volatility,-1.0439
3194,0.0559,Low,avg_monthly_transaction_count,-3.3112,avg_standing_order_amount,1.3026,account_age_days,1.1301
1786,0.0559,Low,avg_standing_order_amount,-1.4541,account_age_days,-1.3114,avg_transaction_amount,0.8822
1592,0.0558,Low,avg_transaction_amount,-1.8485,avg_standing_order_amount,-1.232,avg_monthly_transaction_count,-0.658
1696,0.0558,Low,avg_monthly_transaction_count,-3.2535,avg_transaction_amount,-1.7126,balance_volatility,-0.6214
2972,0.056,Low,avg_monthly_transaction_count,-2.0521,balance_volatility,1.7827,avg_standing_order_amount,1.0438
5194,0.0558,Low,min_balance_ever,-4.7916,avg_standing_order_amount,-3.9252,avg_monthly_transaction_count,3.2943
55,0.0558,Low,avg_monthly_transaction_count,-3.5386,avg_transaction_amount,-1.0727,balance_volatility,-0.6566
15,0.0573,Low,account_age_days,-1.262,avg_transaction_amount,1.1881,credit_debit_ratio,1.0503
3690,0.056,Low,avg_monthly_transaction_count,-3.3804,balance_volatility,1.5159,avg_standing_order_amount,1.3119
1045,0.0559,Low,avg_transaction_amount,-1.7819,standing_order_count,0.9368,avg_monthly_transaction_count,-0.8293
786,0.0581,Low,avg_monthly_transaction_count,2.2553,credit_debit_ratio,-0.9533,avg_balance,0.8505
1234,0.0558,Low,avg_monthly_transaction_count,-1.6514,min_balance_ever,1.1795,avg_transaction_amount,-1.0607
1380,0.056,Low,avg_monthly_transaction_count,2.1394,avg_standing_order_amount,1.193,credit_debit_ratio,-0.5784
2864,0.0571,Low,avg_monthly_transaction_count,3.6744,district_urban_ratio,-0.5011,total_transaction_count,-0.3763
2127,0.0558,Low,avg_transaction_amount,-2.4702,avg_monthly_transaction_count,-1.4391,credit_debit_ratio,-1.3397
2877,0.0579,Low,avg_standing_order_amount,2.3585,avg_monthly_transaction_count,2.1477,avg_transaction_amount,-1.9906
3612,0.0559,Low,avg_monthly_transaction_count,3.1643,standing_order_count,-1.5605,district_urban_ratio,-0.9592
700,0.0559,Low,avg_monthly_transaction_count,2.8958,avg_standing_order_amount,-1.9599,avg_transaction_amount,-0.9352
3268,0.0559,Low,avg_standing_order_amount,-3.9231,avg_monthly_transaction_count,3.0687,avg_transaction_amount,-1.0474
3459,0.0558,Low,avg_standing_order_amount,-2.7731,avg_monthly_transaction_count,-2.5199,avg_transaction_amount,1.2338
317,0.0558,Low,avg_monthly_transaction_count,-3.2304,account_age_days,-1.6647,avg_transaction_amount,-1.2104
312,0.0559,Low,avg_monthly_transaction_count,-2.0689,avg_transaction_amount,1.1337,avg_standing_order_amount,-0.7893
3178,0.0558,Low,avg_monthly_transaction_count,-1.4013,credit_debit_ratio,-1.3012,avg_transaction_amount,-1.2945
1773,0.0558,Low,avg_monthly_transaction_count,-3.5646,avg_transaction_amount,-1.0593,account_age_days,-0.8667
179,0.5822,Medium,avg_monthly_transaction_count,5.3793,avg_standing_order_amount,1.8851,client_age,1.0508
122,0.0558,Low,avg_monthly_transaction_count,-3.2309,avg_standing_order_amount,-2.4131,standing_order_count,-0.7652
3782,0.0599,Low,avg_monthly_transaction_count,3.0473,avg_standing_order_amount,1.6,account_age_days,0.62
467,0.0569,Low,avg_monthly_transaction_count,2.9297,avg_standing_order_amount,0.9453,district_urban_ratio,-0.8351
2288,0.0559,Low,avg_monthly_transaction_count,-0.969,district_avg_salary,-0.7905,avg_transaction_amount,0.7591
2642,0.0558,Low,min_balance_ever,-4.983,avg_monthly_transaction_count,2.5244,avg_standing_order_amount,-2.095
1468,0.0559,Low,avg_transaction_amount,-2.2196,balance_volatility,-0.4925,min_balance_ever,0.4897
1184,0.0558,Low,avg_standing_order_amount,-2.6395,avg_transaction_amount,-1.5135,total_credit_amount,0.7977
2680,0.0558,Low,min_balance_ever,-4.4053,avg_standing_order_amount,-1.9937,avg_transaction_amount,1.3856
3242,0.0581,Low,avg_monthly_transaction_count,2.2418,avg_standing_order_amount,1.0717,account_age_days,0.9966
1756,0.0559,Low,avg_monthly_transaction_count,-1.8961,avg_transaction_amount,1.2113,avg_standing_order_amount,0.6838
4264,0.0559,Low,avg_monthly_transaction_count,-2.727,avg_standing_order_amount,-2.1271,client_age,0.6816
1088,0.0558,Low,avg_monthly_transaction_count,-3.6752,avg_transaction_amount,-1.0824,balance_volatility,-0.6956
1078,0.0558,Low,avg_monthly_transaction_count,-3.6815,avg_standing_order_amount,0.9118,balance_volatility,-0.761
2333,0.0559,Low,avg_standing_order_amount,-1.8469,avg_transaction_amount,1.1917,client_age,1.0309
2340,0.0558,Low,avg_monthly_transaction_count,-3.0331,avg_standing_order_amount,-1.5274,credit_debit_ratio,-1.2386
3764,0.0558,Low,avg_transaction_amount,-1.7128,district_avg_salary,-1.5408,balance_volatility,-1.1287
2851,0.0559,Low,avg_standing_order_amount,-3.9187,avg_monthly_transaction_count,1.8652,credit_debit_ratio,0.8173
1921,0.0558,Low,avg_transaction_amount,-1.9502,credit_debit_ratio,-1.3258,avg_standing_order_amount,-0.9234
4156,0.0558,Low,min_balance_ever,-3.9953,avg_standing_order_amount,-3.0577,avg_monthly_transaction_count,-1.0163
1654,0.0564,Low,avg_standing_order_amount,-2.5966,avg_transaction_amount,2.0043,balance_volatility,0.9401
3709,0.0663,Low,avg_monthly_transaction_count,6.5847,avg_standing_order_amount,-1.0213,standing_order_count,-0.7214
733,0.0561,Low,avg_standing_order_amount,-4.0958,avg_monthly_transaction_count,2.4583,district_avg_salary,1.1907
738,0.0559,Low,avg_standing_order_amount,-2.5969,avg_monthly_transaction_count,2.0996,avg_balance,-1.1968
536,0.0558,Low,avg_transaction_amount,-1.9053,avg_monthly_transaction_count,-1.3042,avg_standing_order_amount,-0.7502
244,0.0559,Low,avg_monthly_transaction_count,3.7214,avg_standing_order_amount,-3.5072,avg_transaction_amount,-1.2237
253,0.0558,Low,min_balance_ever,-3.1396,avg_monthly_transaction_count,-2.372,avg_standing_order_amount,-2.1891
1495,0.0565,Low,avg_monthly_transaction_count,1.556,avg_transaction_amount,1.0638,avg_standing_order_amount,-1.0527
3973,0.0561,Low,avg_monthly_transaction_count,-3.424,avg_standing_order_amount,1.8111,avg_transaction_amount,1.1305
1111,0.0559,Low,avg_monthly_transaction_count,-2.3998,avg_transaction_amount,1.5402,credit_debit_ratio,0.423
1367,0.0563,Low,avg_monthly_transaction_count,5.6166,avg_standing_order_amount,-2.5614,standing_order_count,-0.6852
1378,0.0561,Low,avg_monthly_transaction_count,5.141,avg_standing_order_amount,-2.212,avg_balance,-1.8222
2442,0.0558,Low,avg_monthly_transaction_count,-3.031,account_age_days,1.1035,credit_debit_ratio,-0.9897
2475,0.0564,Low,avg_monthly_transaction_count,3.892,district_avg_salary,-1.5593,account_age_days,0.7136
2863,0.0587,Low,avg_monthly_transaction_count,2.2641,avg_standing_order_amount,0.687,client_age,0.4175
3468,0.0558,Low,credit_debit_ratio,-1.7176,avg_monthly_transaction_count,1.0928,avg_balance,-0.6467
3463,0.0573,Low,avg_monthly_transaction_count,2.2325,account_age_days,0.7049,avg_standing_order_amount,0.6584
2911,0.056,Low,avg_monthly_transaction_count,3.2815,district_urban_ratio,-0.9604,standing_order_count,-0.8881
2879,0.0559,Low,avg_monthly_transaction_count,-3.1685,avg_standing_order_amount,1.8455,account_age_days,0.8142
2881,0.0559,Low,account_age_days,-3.361,avg_standing_order_amount,1.3996,district_urban_ratio,-0.4976
2893,0.0558,Low,avg_transaction_amount,-2.1188,credit_debit_ratio,-1.2766,balance_volatility,-0.6219
1434,0.0558,Low,avg_monthly_transaction_count,-3.3786,account_age_days,1.4639,avg_transaction_amount,-1.1374
1392,0.0963,Low,avg_monthly_transaction_count,2.0366,avg_standing_order_amount,1.3738,transaction_trend,1.0942
3483,0.0558,Low,avg_monthly_transaction_count,-3.2407,avg_transaction_amount,-2.1546,client_age,0.6836
3261,0.0593,Low,avg_monthly_transaction_count,4.036,account_age_days,-0.9671,avg_standing_order_amount,0.9414
3822,0.0558,Low,avg_standing_order_amount,-2.8592,avg_monthly_transaction_count,-1.6955,account_age_days,-1.1435
636,0.0558,Low,avg_monthly_transaction_count,-3.5744,avg_balance,0.9811,account_age_days,0.9567
307,0.0558,Low,avg_monthly_transaction_count,-3.0465,avg_standing_order_amount,-2.3753,account_age_days,1.0865
1861,0.0559,Low,avg_standing_order_amount,-1.6773,balance_volatility,-0.8997,account_age_days,-0.7905
2061,0.0559,Low,avg_standing_order_amount,-2.4625,avg_monthly_transaction_count,1.3595,avg_transaction_amount,-1.0283
3286,0.0571,Low,avg_monthly_transaction_count,2.0961,avg_standing_order_amount,-1.9771,balance_volatility,1.1075
81,0.0558,Low,avg_standing_order_amount,-3.266,avg_monthly_transaction_count,2.9937,credit_debit_ratio,-1.5023
1700,0.056,Low,avg_monthly_transaction_count,-1.9662,avg_transaction_amount,1.2438,client_age,0.7652
1882,0.0658,Low,avg_monthly_transaction_count,3.2787,avg_standing_order_amount,-3.1304,avg_balance,2.4804
2192,0.0562,Low,avg_monthly_transaction_count,2.4918,standing_order_count,-1.2541,avg_standing_order_amount,-0.8626
1136,0.8004,High,avg_monthly_transaction_count,4.0686,avg_standing_order_amount,2.6906,credit_debit_ratio,1.0188
836,0.0559,Low,credit_debit_ratio,-1.3314,transaction_trend,0.8796,avg_monthly_transaction_count,-0.4741
3614,0.056,Low,avg_monthly_transaction_count,2.6305,transaction_trend,-1.5144,avg_balance,-1.1508
1168,0.3651,Low,avg_monthly_transaction_count,7.2909,avg_standing_order_amount,-1.9853,credit_debit_ratio,0.7759
3312,0.0562,Low,avg_monthly_transaction_count,6.6933,avg_standing_order_amount,-3.5857,credit_debit_ratio,-1.4497
2640,0.0559,Low,avg_monthly_transaction_count,-1.698,avg_transaction_amount,1.6099,avg_standing_order_amount,-1.3319
1340,0.0558,Low,avg_standing_order_amount,-4.2449,account_age_days,2.5458,avg_transaction_amount,-1.4144
1467,0.0558,Low,avg_monthly_transaction_count,-2.7306,avg_transaction_amount,1.0329,avg_standing_order_amount,0.5384
1469,0.0558,Low,avg_monthly_transaction_count,-3.7194,balance_volatility,-1.1837,district_avg_salary,-1.0189
1199,0.0561,Low,avg_standing_order_amount,-1.553,transaction_trend,1.3513,credit_debit_ratio,-1.1351
4245,0.056,Low,avg_monthly_transaction_count,-2.1739,avg_transaction_amount,1.3811,avg_standing_order_amount,0.5576
3302,0.0559,Low,avg_monthly_transaction_count,4.1553,avg_standing_order_amount,-3.6671,credit_debit_ratio,-1.3602
3936,0.0559,Low,avg_monthly_transaction_count,3.8684,avg_standing_order_amount,-3.2133,avg_transaction_amount,-1.2661
522,0.06,Low,avg_monthly_transaction_count,2.8973,district_avg_salary,-1.5057,credit_debit_ratio,0.7643
393,0.0585,Low,avg_monthly_transaction_count,1.9849,avg_standing_order_amount,0.712,min_balance_ever,0.6489
1962,0.0569,Low,avg_standing_order_amount,-2.4129,avg_monthly_transaction_count,2.3303,balance_volatility,0.6688
1127,0.0602,Low,account_age_days,-1.6613,avg_balance,-1.1471,credit_debit_ratio,1.0134
1260,0.0567,Low,avg_monthly_transaction_count,-1.8398,avg_transaction_amount,1.4418,account_age_days,1.0524
2842,0.0559,Low,avg_standing_order_amount,-3.5228,avg_monthly_transaction_count,3.0296,avg_transaction_amount,-1.2976
2850,0.0558,Low,avg_monthly_transaction_count,-3.3445,avg_transaction_amount,-1.5421,avg_standing_order_amount,0.9141
1915,0.0587,Low,avg_monthly_transaction_count,-0.9135,avg_standing_order_amount,0.9099,standing_order_count,0.877
4511,0.056,Low,account_age_days,-1.0183,avg_standing_order_amount,0.693,avg_transaction_amount,0.6109
3100,0.0564,Low,avg_monthly_transaction_count,-1.4443,avg_transaction_amount,1.0609,balance_volatility,-0.9952
1437,0.0558,Low,avg_standing_order_amount,-4.8564,avg_monthly_transaction_count,3.7728,avg_transaction_amount,-1.1384
1279,0.0559,Low,avg_monthly_transaction_count,-3.893,avg_standing_order_amount,1.3131,account_age_days,1.0446
3199,0.0562,Low,avg_standing_order_amount,-1.7053,account_age_days,0.874,transaction_trend,0.845
3738,0.0558,Low,avg_monthly_transaction_count,-2.3114,account_age_days,-1.0727,avg_transaction_amount,1.0652
268,0.057,Low,avg_monthly_transaction_count,-1.9158,balance_volatility,1.76,transaction_trend,-1.3941
275,0.0558,Low,avg_standing_order_amount,-2.0841,avg_transaction_amount,-1.5436,balance_volatility,-0.7126
1686,0.0558,Low,avg_monthly_transaction_count,2.5574,avg_standing_order_amount,-2.3053,avg_transaction_amount,-1.0083
2386,0.0563,Low,credit_debit_ratio,-1.6773,avg_transaction_amount,1.0607,avg_monthly_transaction_count,0.9078
2398,0.0558,Low,avg_standing_order_amount,-3.1393,avg_transaction_amount,-1.3192,credit_debit_ratio,-1.2921
2985,0.0558,Low,avg_monthly_transaction_count,-1.9219,avg_transaction_amount,-1.86,account_age_days,-1.0095
3205,0.0558,Low,avg_monthly_transaction_count,-3.4329,avg_transaction_amount,-1.6728,balance_volatility,-0.6499
3551,0.0559,Low,avg_standing_order_amount,-3.7089,avg_monthly_transaction_count,3.4384,avg_transaction_amount,-1.2567
5250,0.0558,Low,min_balance_ever,-3.4377,avg_standing_order_amount,-3.2518,avg_monthly_transaction_count,-1.3684
22,0.0559,Low,avg_monthly_transaction_count,-2.2081,avg_transaction_amount,1.223,credit_debit_ratio,0.6443
3016,0.0558,Low,avg_monthly_transaction_count,-1.6296,avg_standing_order_amount,-1.3595,avg_transaction_amount,1.0063
936,0.0558,Low,avg_transaction_amount,-1.6786,avg_balance,0.6802,avg_standing_order_amount,-0.6573
3981,0.0558,Low,avg_standing_order_amount,-4.0701,avg_monthly_transaction_count,1.5924,avg_balance,1.258
2455,0.0558,Low,avg_monthly_transaction_count,-3.6975,balance_volatility,-1.5271,avg_standing_order_amount,0.6321
981,0.0558,Low,avg_balance,-1.9402,avg_monthly_transaction_count,1.4559,district_avg_salary,-1.1408
3753,0.0558,Low,avg_transaction_amount,-1.5524,avg_monthly_transaction_count,-1.2954,standing_order_count,0.9675
2016,0.0558,Low,avg_standing_order_amount,-4.5702,avg_monthly_transaction_count,2.7822,credit_debit_ratio,-1.5663
2009,0.0559,Low,district_avg_salary,-1.4506,avg_monthly_transaction_count,1.323,avg_standing_order_amount,-0.729
3032,0.0558,Low,avg_monthly_transaction_count,-2.8747,avg_transaction_amount,-1.1456,account_age_days,-0.907
2901,0.0558,Low,avg_monthly_transaction_count,-2.3888,credit_debit_ratio,-1.6365,account_age_days,0.7864
1425,0.0559,Low,account_age_days,-1.3005,credit_debit_ratio,-1.0033,avg_standing_order_amount,0.8148
3810,0.0558,Low,avg_monthly_transaction_count,-3.7731,avg_transaction_amount,-1.1171,avg_standing_order_amount,0.8139
3813,0.0559,Low,avg_monthly_transaction_count,1.0792,account_age_days,0.8466,balance_volatility,-0.5772
689,0.0572,Low,avg_monthly_transaction_count,7.6274,transaction_trend,-4.1076,avg_transaction_amount,0.8472
677,0.0558,Low,avg_standing_order_amount,-2.9598,avg_monthly_transaction_count,-2.5675,account_age_days,1.047
680,0.0559,Low,avg_monthly_transaction_count,-3.5434,account_age_days,1.5337,avg_transaction_amount,1.3548
358,0.0559,Low,avg_standing_order_amount,-4.6535,avg_monthly_transaction_count,3.412,avg_transaction_amount,-1.0516
626,0.0559,Low,balance_volatility,-1.2903,account_age_days,-0.7974,avg_monthly_transaction_count,0.4683
313,0.0558,Low,avg_monthly_transaction_count,-3.2652,avg_transaction_amount,-1.6481,credit_debit_ratio,-1.378
2066,0.0558,Low,avg_monthly_transaction_count,-2.9574,avg_transaction_amount,-2.1334,avg_balance,-1.147
1770,0.0562,Low,district_urban_ratio,0.811,account_age_days,-0.7783,avg_transaction_amount,0.6249
2504,0.056,Low,avg_monthly_transaction_count,-1.7807,avg_transaction_amount,1.3735,account_age_days,-0.8195
2741,0.0558,Low,avg_standing_order_amount,-2.5253,avg_monthly_transaction_count,-2.4918,transaction_trend,-1.5354
2727,0.0558,Low,avg_standing_order_amount,-2.5599,avg_monthly_transaction_count,-2.5586,avg_transaction_amount,1.4744
3565,0.0558,Low,avg_standing_order_amount,-3.342,avg_monthly_transaction_count,3.0233,credit_debit_ratio,-1.3727
2365,0.0558,Low,avg_monthly_transaction_count,-3.5738,avg_transaction_amount,-1.2064,balance_volatility,-0.9
3288,0.0558,Low,avg_monthly_transaction_count,-3.4903,avg_transaction_amount,-1.3771,client_age,-0.8212
166,0.0558,Low,avg_monthly_transaction_count,-3.5461,avg_transaction_amount,-1.3639,district_avg_salary,-1.0564
83,0.0612,Low,avg_monthly_transaction_count,2.5997,account_age_days,-0.9973,avg_standing_order_amount,0.972
1540,0.0578,Low,avg_monthly_transaction_count,1.5452,avg_transaction_amount,1.1292,avg_standing_order_amount,0.7017
824,0.0558,Low,avg_monthly_transaction_count,-2.4427,credit_debit_ratio,-0.7218,district_urban_ratio,-0.3052
829,0.0558,Low,avg_monthly_transaction_count,-3.4809,avg_transaction_amount,-2.0153,credit_debit_ratio,-1.0442
4078,0.0558,Low,avg_monthly_transaction_count,-2.6839,avg_standing_order_amount,-2.3983,avg_balance,-1.0392
1160,0.0561,Low,avg_balance,-1.5538,avg_standing_order_amount,-1.3486,avg_monthly_transaction_count,1.2786
2052,0.0559,Low,avg_monthly_transaction_count,3.2892,avg_standing_order_amount,-3.2465,standing_order_count,-0.9466
2949,0.0559,Low,avg_standing_order_amount,-3.033,avg_monthly_transaction_count,1.5911,credit_debit_ratio,0.87
2668,0.0559,Low,avg_monthly_transaction_count,-2.3111,avg_transaction_amount,1.4439,avg_standing_order_amount,-1.3588
2814,0.0558,Low,avg_monthly_transaction_count,-3.8339,avg_transaction_amount,-1.4831,account_age_days,-0.649
1968,0.0558,Low,avg_standing_order_amount,-2.9993,avg_monthly_transaction_count,-2.2683,avg_transaction_amount,1.5564
1231,0.0663,Low,avg_transaction_amount,2.2991,avg_standing_order_amount,1.6132,transaction_trend,-0.8277
2825,0.0561,Low,avg_monthly_transaction_count,-2.2939,avg_transaction_amount,1.0301,client_age,0.7791
3232,0.0558,Low,avg_monthly_transaction_count,-3.7312,avg_transaction_amount,-1.3398,avg_balance,1.0283
1018,0.0559,Low,avg_standing_order_amount,-2.7042,avg_transaction_amount,-1.6382,avg_monthly_transaction_count,1.2832
1262,0.0558,Low,avg_monthly_transaction_count,-3.7513,avg_standing_order_amount,0.7853,balance_volatility,-0.7386
2027,0.0558,Low,avg_monthly_transaction_count,-3.9025,avg_standing_order_amount,1.1574,avg_transaction_amount,-0.8763
4526,0.0558,Low,avg_monthly_transaction_count,-2.4809,avg_standing_order_amount,-2.4013,avg_transaction_amount,1.2179
3101,0.0558,Low,avg_monthly_transaction_count,-3.6152,avg_transaction_amount,-1.7735,balance_volatility,-0.644
2800,0.0564,Low,account_age_days,1.2945,avg_transaction_amount,1.2409,total_debit_amount,0.7413
1655,0.0586,Low,avg_monthly_transaction_count,1.804,avg_standing_order_amount,1.3358,total_debit_amount,-0.7642
2779,0.0565,Low,avg_monthly_transaction_count,4.1299,account_age_days,-1.0309,standing_order_count,-0.9958
1320,0.056,Low,avg_standing_order_amount,-2.6285,avg_monthly_transaction_count,2.2937,standing_order_count,-1.2806
3505,0.0559,Low,account_age_days,-1.5327,balance_volatility,1.1745,avg_transaction_amount,0.9978
3714,0.0718,Low,avg_monthly_transaction_count,6.2177,avg_standing_order_amount,-2.1092,avg_transaction_amount,0.6956
3412,0.0558,Low,avg_standing_order_amount,-1.9411,avg_monthly_transaction_count,-1.0677,avg_balance,0.7589
238,0.0558,Low,avg_monthly_transaction_count,-3.2675,avg_transaction_amount,-1.6341,account_age_days,-0.821
259,0.0558,Low,avg_standing_order_amount,-1.8862,avg_transaction_amount,-1.0453,district_avg_salary,-0.9714
1599,0.0562,Low,avg_monthly_transaction_count,1.5978,avg_transaction_amount,0.7083,credit_debit_ratio,-0.6725
1699,0.0558,Low,avg_transaction_amount,-1.8327,account_age_days,-1.1121,avg_monthly_transaction_count,-0.6967
2395,0.0559,Low,avg_monthly_transaction_count,-1.3636,balance_volatility,-0.8234,credit_debit_ratio,-0.5801
2978,0.0558,Low,avg_monthly_transaction_count,-1.7125,avg_transaction_amount,-1.3365,balance_volatility,-0.9178
401,0.0563,Low,avg_monthly_transaction_count,2.3111,account_age_days,-1.8851,credit_debit_ratio,0.7146
3246,0.0559,Low,avg_monthly_transaction_count,-1.5731,balance_volatility,-1.2245,credit_debit_ratio,0.8089
2836,0.0559,Low,avg_monthly_transaction_count,-2.208,avg_transaction_amount,1.0769,credit_debit_ratio,1.02
2559,0.0561,Low,avg_monthly_transaction_count,-1.5556,avg_transaction_amount,1.3677,total_debit_amount,0.5387
2700,0.0583,Low,avg_monthly_transaction_count,6.1021,avg_standing_order_amount,1.3605,transaction_trend,-1.1349
1268,0.0558,Low,avg_transaction_amount,-2.1955,account_age_days,-1.1415,standing_order_count,1.0171
2756,0.0562,Low,avg_monthly_transaction_count,-3.7045,account_age_days,2.2444,avg_transaction_amount,1.4471
3372,0.0559,Low,avg_monthly_transaction_count,-2.0929,avg_transaction_amount,1.4822,avg_standing_order_amount,0.9595
1653,0.0565,Low,avg_monthly_transaction_count,-2.4342,avg_transaction_amount,1.1541,client_age,0.7606
1306,0.0589,Low,avg_monthly_transaction_count,3.2537,transaction_trend,-0.8066,avg_transaction_amount,0.6196
3395,0.0559,Low,avg_monthly_transaction_count,-1.9675,credit_debit_ratio,-1.5013,avg_transaction_amount,1.4847
236,0.0558,Low,avg_monthly_transaction_count,-3.0113,avg_standing_order_amount,-1.8067,standing_order_count,-0.9479
1976,0.0562,Low,account_age_days,1.1435,avg_monthly_transaction_count,1.0318,avg_transaction_amount,0.9236
2324,0.0559,Low,avg_monthly_transaction_count,-3.5896,avg_transaction_amount,1.2821,account_age_days,0.9686
2307,0.0558,Low,avg_transaction_amount,-2.0314,balance_volatility,-0.6389,avg_standing_order_amount,-0.5352
1597,0.0559,Low,avg_transaction_amount,-1.1485,avg_standing_order_amount,1.0905,client_age,-0.7894
2987,0.0559,Low,avg_monthly_transaction_count,-1.8682,account_age_days,-1.2752,avg_transaction_amount,0.8596
3549,0.0558,Low,avg_monthly_transaction_count,-3.7849,avg_standing_order_amount,0.9427,balance_volatility,-0.7249
3546,0.0566,Low,avg_balance,-2.256,avg_monthly_transaction_count,1.7275,avg_standing_order_amount,1.0641
52,0.0659,Low,avg_transaction_amount,1.2061,account_age_days,1.0218,avg_standing_order_amount,-0.7648
26,0.0558,Low,avg_standing_order_amount,-2.7364,avg_monthly_transaction_count,-2.7073,account_age_days,-0.8742
3008,0.0558,Low,account_age_days,-2.0246,avg_transaction_amount,-1.2926,client_age,-0.9188
1524,0.0558,Low,avg_monthly_transaction_count,-3.7317,avg_transaction_amount,-1.2917,avg_balance,0.9424
1550,0.0558,Low,avg_monthly_transaction_count,-2.1149,balance_volatility,-1.3261,client_age,0.5104
977,0.0559,Low,balance_volatility,1.986,account_age_days,-1.9806,avg_monthly_transaction_count,-0.7438
2272,0.0558,Low,avg_monthly_transaction_count,-4.0272,account_age_days,1.1118,balance_volatility,-0.7558
2270,0.0558,Low,avg_monthly_transaction_count,-3.7373,balance_volatility,-1.3529,avg_transaction_amount,-0.866
1728,0.0559,Low,avg_monthly_transaction_count,-2.7418,total_debit_amount,0.7856,balance_volatility,-0.5576
2001,0.0567,Low,avg_monthly_transaction_count,2.6318,avg_standing_order_amount,-1.0719,avg_transaction_amount,-1.0575
696,0.0558,Low,avg_monthly_transaction_count,-2.6761,avg_standing_order_amount,-1.6692,account_age_days,-1.6039
687,0.8097,High,avg_monthly_transaction_count,3.2118,avg_standing_order_amount,2.0547,avg_balance,1.2377
878,0.0564,Low,avg_transaction_amount,0.8027,standing_order_count,0.6536,avg_monthly_transaction_count,0.4825
952,0.0558,Low,avg_monthly_transaction_count,-3.144,credit_debit_ratio,-1.0664,account_age_days,-1.0004
3456,0.0558,Low,avg_monthly_transaction_count,-3.1541,avg_transaction_amount,-1.3084,client_age,-0.8308
364,0.0558,Low,avg_monthly_transaction_count,-3.2279,avg_transaction_amount,-2.0927,credit_debit_ratio,-1.0974
306,0.0558,Low,avg_monthly_transaction_count,-3.0781,account_age_days,-0.8551,avg_transaction_amount,-0.8522
2069,0.056,Low,avg_monthly_transaction_count,2.4072,avg_standing_order_amount,-1.9249,credit_debit_ratio,-1.7165
183,0.0572,Low,avg_monthly_transaction_count,1.9204,avg_standing_order_amount,1.0744,credit_debit_ratio,0.6871
118,0.0558,Low,avg_monthly_transaction_count,-3.7013,avg_transaction_amount,-1.8469,account_age_days,1.1048
1719,0.0558,Low,avg_monthly_transaction_count,-3.7085,avg_transaction_amount,-1.653,balance_volatility,-0.5821
833,0.0558,Low,avg_monthly_transaction_count,-3.8464,client_age,1.0,avg_standing_order_amount,0.9845
485,0.0589,Low,avg_monthly_transaction_count,5.6527,account_age_days,-3.3979,avg_standing_order_amount,1.8968
476,0.0558,Low,avg_monthly_transaction_count,-2.8423,avg_standing_order_amount,-2.7189,standing_order_count,-0.9904
581,0.0558,Low,avg_monthly_transaction_count,-3.4972,avg_transaction_amount,-1.7397,standing_order_count,0.5356
4753,0.0558,Low,min_balance_ever,-4.0635,avg_monthly_transaction_count,-2.6378,avg_transaction_amount,1.642
3306,0.057,Low,avg_monthly_transaction_count,2.0575,account_age_days,-0.8,credit_debit_ratio,0.6033
2813,0.0571,Low,avg_monthly_transaction_count,5.7964,avg_standing_order_amount,-2.4762,transaction_trend,-0.9594
432,0.0558,Low,avg_monthly_transaction_count,-2.8413,avg_standing_order_amount,-1.975,standing_order_count,-0.6588
518,0.0558,Low,avg_transaction_amount,-1.3051,client_age,-0.7847,balance_volatility,-0.7707
751,0.0558,Low,avg_monthly_transaction_count,-3.1988,avg_transaction_amount,-1.7508,balance_volatility,-0.7185
403,0.0558,Low,avg_monthly_transaction_count,-3.1882,avg_transaction_amount,-1.6991,balance_volatility,0.6593
1450,0.0558,Low,avg_monthly_transaction_count,-3.5048,avg_transaction_amount,-0.9922,avg_standing_order_amount,0.407
560,0.0559,Low,balance_volatility,-1.7236,district_urban_ratio,-0.639,transaction_trend,0.4805
1271,0.0558,Low,avg_monthly_transaction_count,-1.8935,district_avg_salary,-1.5886,balance_volatility,-0.7341
3361,0.0559,Low,account_age_days,-1.4126,avg_monthly_transaction_count,-0.9517,avg_standing_order_amount,0.8952
7231,0.0559,Low,min_balance_ever,-3.9072,balance_volatility,2.2214,account_age_days,-1.5882
2401,0.0558,Low,avg_monthly_transaction_count,-3.7545,balance_volatility,-0.6891,avg_transaction_amount,-0.4232
2078,0.0563,Low,account_age_days,-1.2393,balance_volatility,-1.0141,district_urban_ratio,0.8816
3004,0.0558,Low,avg_monthly_transaction_count,-2.7486,avg_transaction_amount,-1.3022,avg_standing_order_amount,-1.0089
1502,0.0918,Low,avg_standing_order_amount,4.7905,avg_monthly_transaction_count,-3.0463,balance_volatility,2.3218
864,0.0558,Low,avg_monthly_transaction_count,-3.5114,credit_debit_ratio,-1.3318,account_age_days,1.2572
3259,0.0558,Low,avg_monthly_transaction_count,2.0254,avg_standing_order_amount,-1.9202,credit_debit_ratio,-1.5234
350,0.0558,Low,avg_monthly_transaction_count,-3.7482,avg_standing_order_amount,0.8613,balance_volatility,-0.8404
2733,0.0558,Low,avg_transaction_amount,-2.1207,balance_volatility,-0.8419,avg_standing_order_amount,-0.4026
1621,0.0559,Low,avg_transaction_amount,0.789,account_age_days,-0.7036,avg_monthly_transaction_count,-0.6317
3781,0.0559,Low,avg_monthly_transaction_count,-2.1924,account_age_days,-1.1636,avg_transaction_amount,1.0542
2206,0.0559,Low,avg_monthly_transaction_count,-1.6414,balance_volatility,-0.7409,credit_debit_ratio,-0.4718
3680,0.0558,Low,avg_transaction_amount,-1.9693,transaction_trend,-0.6701,avg_monthly_transaction_count,-0.6533
596,0.0558,Low,avg_standing_order_amount,-2.0908,avg_monthly_transaction_count,-2.0345,avg_transaction_amount,1.2793
3681,0.056,Low,avg_monthly_transaction_count,-2.1042,avg_transaction_amount,1.3596,account_age_days,0.7664
3697,0.0568,Low,avg_monthly_transaction_count,2.6526,account_age_days,-1.147,avg_standing_order_amount,1.0479
3928,0.0558,Low,avg_standing_order_amount,-2.2371,avg_monthly_transaction_count,-1.9987,transaction_trend,-1.5582
9528,0.056,Low,avg_standing_order_amount,-4.5226,avg_monthly_transaction_count,2.8172,district_crimes_count,2.1466
418,0.0559,Low,avg_standing_order_amount,-1.6443,avg_monthly_transaction_count,-1.45,avg_transaction_amount,0.8385
508,0.0558,Low,avg_transaction_amount,-2.179,credit_debit_ratio,-1.4742,avg_monthly_transaction_count,-1.3819
745,0.0558,Low,avg_monthly_transaction_count,-3.7414,avg_transaction_amount,-1.8107,balance_volatility,-1.0468
3244,0.0558,Low,avg_standing_order_amount,-2.1762,avg_transaction_amount,-1.7476,balance_volatility,-0.5645
2183,0.0558,Low,avg_monthly_transaction_count,-2.8133,avg_standing_order_amount,-2.5021,avg_transaction_amount,1.6938
3048,0.0559,Low,avg_monthly_transaction_count,-2.8809,balance_volatility,1.6821,avg_transaction_amount,1.6686
3080,0.0558,Low,avg_monthly_transaction_count,-3.8464,avg_balance,1.0051,balance_volatility,-0.8625
3009,0.0558,Low,avg_monthly_transaction_count,-3.4848,avg_transaction_amount,-1.7052,balance_volatility,-0.7488
2979,0.0558,Low,avg_monthly_transaction_count,-3.6319,avg_balance,1.4062,avg_standing_order_amount,0.979
1215,0.0558,Low,avg_monthly_transaction_count,-3.8236,avg_transaction_amount,-1.3552,avg_balance,-0.8191
1230,0.0559,Low,balance_volatility,1.5879,avg_monthly_transaction_count,-1.2833,transaction_trend,-0.9603
1346,0.0558,Low,avg_standing_order_amount,-3.4383,avg_transaction_amount,-1.4276,avg_monthly_transaction_count,1.083
1353,0.0571,Low,avg_monthly_transaction_count,2.1655,avg_standing_order_amount,1.5704,district_avg_salary,-1.2982
1360,0.0559,Low,avg_standing_order_amount,-1.618,transaction_trend,-1.0305,avg_monthly_transaction_count,-0.8655
3835,0.0567,Low,avg_monthly_transaction_count,2.3134,account_age_days,-1.7789,avg_standing_order_amount,1.4553
3842,0.0558,Low,avg_monthly_transaction_count,-3.7041,avg_transaction_amount,-1.6246,credit_debit_ratio,-0.5502
3195,0.0559,Low,avg_standing_order_amount,-3.4763,avg_monthly_transaction_count,3.3802,avg_transaction_amount,-0.9505
3116,0.0559,Low,avg_monthly_transaction_count,-2.6765,avg_transaction_amount,1.2951,avg_standing_order_amount,-0.9122
3209,0.0558,Low,avg_monthly_transaction_count,-3.2622,account_age_days,-1.6362,avg_transaction_amount,1.5074
3157,0.0558,Low,avg_standing_order_amount,-2.1792,avg_monthly_transaction_count,1.6918,avg_transaction_amount,-0.844
3958,0.0558,Low,avg_standing_order_amount,-3.0749,avg_monthly_transaction_count,-2.5287,account_age_days,-0.8234
3990,0.0565,Low,balance_volatility,3.7591,avg_standing_order_amount,-2.2463,avg_monthly_transaction_count,-1.4022
3877,0.0561,Low,avg_monthly_transaction_count,-3.5675,avg_transaction_amount,1.3968,account_age_days,0.7556
8212,0.056,Low,min_balance_ever,-5.0271,avg_monthly_transaction_count,2.756,standing_order_count,1.7982
1263,0.0559,Low,avg_standing_order_amount,-3.0426,balance_volatility,1.1808,standing_order_count,-0.8771
2612,0.0559,Low,avg_monthly_transaction_count,-3.334,avg_transaction_amount,1.615,avg_standing_order_amount,0.8135
2598,0.0558,Low,min_balance_ever,-4.0831,avg_standing_order_amount,-3.3961,avg_monthly_transaction_count,1.3292
1795,0.056,Low,avg_monthly_transaction_count,-2.3968,account_age_days,1.7513,avg_transaction_amount,1.27
1727,0.0972,Low,account_age_days,1.2368,avg_transaction_amount,1.0679,balance_volatility,1.0487
2582,0.0579,Low,avg_monthly_transaction_count,2.3405,avg_standing_order_amount,-2.2068,transaction_trend,1.214
3438,0.0558,Low,avg_monthly_transaction_count,-3.8397,avg_transaction_amount,-1.3147,avg_standing_order_amount,1.1182
2745,0.0567,Low,avg_monthly_transaction_count,2.8856,credit_debit_ratio,-1.6375,standing_order_count,-0.774
3074,0.0558,Low,min_balance_ever,-4.7226,avg_standing_order_amount,-3.1065,avg_monthly_transaction_count,1.3197
4543,0.0558,Low,min_balance_ever,-3.1971,avg_monthly_transaction_count,-2.3599,avg_standing_order_amount,-1.7808
1918,0.0559,Low,avg_monthly_transaction_count,-2.9318,balance_volatility,-0.8192,total_debit_amount,0.7143
2028,0.0558,Low,avg_standing_order_amount,-3.3969,avg_monthly_transaction_count,-2.5626,balance_volatility,2.5345
4102,0.0558,Low,avg_monthly_transaction_count,-2.4996,avg_standing_order_amount,-2.3281,credit_debit_ratio,-0.7538
2254,0.0598,Low,avg_monthly_transaction_count,4.1005,avg_standing_order_amount,1.5806,avg_balance,-0.9678
2211,0.0566,Low,avg_standing_order_amount,2.9675,avg_monthly_transaction_count,-2.2974,balance_volatility,1.4498
620,0.0558,Low,avg_monthly_transaction_count,-2.7779,avg_standing_order_amount,-2.2542,credit_debit_ratio,-1.1439
2298,0.0558,Low,avg_monthly_transaction_count,-1.3788,balance_volatility,-1.1338,avg_transaction_amount,0.9513
2646,0.0559,Low,avg_monthly_transaction_count,2.1061,transaction_trend,-2.0594,avg_balance,-1.5342
1334,0.0558,Low,avg_monthly_transaction_count,-2.8349,avg_standing_order_amount,-1.2746,standing_order_count,-0.7844
1193,0.0559,Low,avg_monthly_transaction_count,-2.3279,avg_transaction_amount,1.3086,credit_debit_ratio,0.981
3836,0.0559,Low,account_age_days,-1.7837,avg_monthly_transaction_count,1.545,credit_debit_ratio,-1.4953
4161,0.0558,Low,avg_monthly_transaction_count,-2.9061,avg_standing_order_amount,-2.0853,avg_transaction_amount,1.0704
1323,0.0563,Low,avg_monthly_transaction_count,-2.0094,avg_transaction_amount,1.0766,avg_standing_order_amount,0.8408
249,0.303,Low,avg_monthly_transaction_count,2.4,avg_standing_order_amount,1.5841,account_age_days,1.0462
220,0.0558,Low,avg_monthly_transaction_count,-3.6142,avg_transaction_amount,-0.9783,account_age_days,-0.8538
852,0.0559,Low,avg_monthly_transaction_count,-2.7829,account_age_days,2.2019,avg_transaction_amount,-0.9997
338,0.0558,Low,avg_monthly_transaction_count,-3.1726,avg_transaction_amount,-1.4298,transaction_trend,-0.5926
2381,0.0559,Low,avg_monthly_transaction_count,-2.1258,avg_transaction_amount,1.3843,avg_standing_order_amount,-1.2631
134,0.0558,Low,avg_standing_order_amount,-2.4404,avg_monthly_transaction_count,-2.3791,avg_transaction_amount,1.0353
2205,0.0558,Low,avg_monthly_transaction_count,-3.6223,avg_standing_order_amount,1.0027,avg_transaction_amount,-0.9153
925,0.0559,Low,avg_monthly_transaction_count,-2.5868,account_age_days,-2.4078,avg_transaction_amount,1.2
3308,0.0558,Low,avg_standing_order_amount,-2.7757,avg_monthly_transaction_count,-2.7068,avg_transaction_amount,1.5289
3296,0.0593,Low,avg_standing_order_amount,4.2402,avg_monthly_transaction_count,3.011,avg_balance,-1.3614
1960,0.0558,Low,avg_monthly_transaction_count,-2.8151,avg_balance,1.1522,avg_transaction_amount,-1.0972
6927,0.0558,Low,min_balance_ever,-3.9628,avg_standing_order_amount,-2.6988,avg_monthly_transaction_count,-1.8514
387,0.0558,Low,avg_standing_order_amount,-3.293,avg_monthly_transaction_count,-2.1392,avg_transaction_amount,1.2429
3317,0.0558,Low,avg_monthly_transaction_count,-3.5543,avg_transaction_amount,-1.5723,balance_volatility,-0.6489
2261,0.0558,Low,min_balance_ever,-3.8017,avg_standing_order_amount,-3.0258,avg_monthly_transaction_count,-2.1083
1039,0.0558,Low,avg_standing_order_amount,-4.1009,avg_monthly_transaction_count,1.3976,transaction_trend,-1.0773
9203,0.0558,Low,avg_standing_order_amount,-4.0824,min_balance_ever,-3.9346,avg_monthly_transaction_count,2.745
918,0.0572,Low,avg_standing_order_amount,3.7704,avg_monthly_transaction_count,-3.6257,avg_transaction_amount,1.7471
2784,0.0558,Low,avg_monthly_transaction_count,-3.5206,account_age_days,2.2892,balance_volatility,-1.122
155,0.0559,Low,avg_monthly_transaction_count,-1.3493,avg_transaction_amount,-1.3345,district_crimes_count,0.9034
3519,0.0558,Low,avg_standing_order_amount,-1.8662,avg_transaction_amount,-1.4224,transaction_trend,-0.8021
615,0.0558,Low,avg_transaction_amount,-2.0285,credit_debit_ratio,-1.4207,balance_volatility,-0.5978
3333,0.0558,Low,avg_monthly_transaction_count,-2.605,avg_standing_order_amount,-2.318,account_age_days,-1.2447
1387,0.0558,Low,avg_standing_order_amount,-2.7317,avg_monthly_transaction_count,-2.6727,avg_transaction_amount,-1.3996
91,0.0558,Low,avg_standing_order_amount,-2.9534,avg_monthly_transaction_count,-2.4087,district_crimes_count,1.8663
3310,0.0558,Low,avg_monthly_transaction_count,-3.6074,avg_standing_order_amount,1.0129,avg_transaction_amount,-0.907
6306,0.0558,Low,min_balance_ever,-3.6919,avg_standing_order_amount,-2.7773,avg_monthly_transaction_count,-1.839
1997,0.0558,Low,avg_standing_order_amount,-2.645,avg_monthly_transaction_count,0.9215,client_age,-0.8007
1868,0.0558,Low,avg_monthly_transaction_count,-2.5,client_age,1.0338,account_age_days,-0.7677
3827,0.0558,Low,avg_monthly_transaction_count,-2.9611,avg_standing_order_amount,-1.5896,standing_order_count,-0.5896
2763,0.315,Low,avg_standing_order_amount,4.7939,avg_monthly_transaction_count,3.3422,avg_transaction_amount,-1.3106
2648,0.0558,Low,avg_monthly_transaction_count,-2.5224,avg_standing_order_amount,-1.8928,transaction_trend,-1.2121
2136,0.0558,Low,avg_monthly_transaction_count,-2.9673,avg_standing_order_amount,-2.4188,avg_transaction_amount,1.1769
2633,0.0559,Low,avg_standing_order_amount,-4.2546,avg_monthly_transaction_count,2.5715,balance_volatility,1.7482
2392,0.0558,Low,avg_standing_order_amount,-2.7509,avg_monthly_transaction_count,-2.3395,avg_transaction_amount,1.6042
2269,0.056,Low,balance_volatility,-1.2205,avg_standing_order_amount,0.8307,avg_monthly_transaction_count,0.8253
3741,0.0559,Low,avg_monthly_transaction_count,-2.6956,balance_volatility,-0.9135,district_crimes_count,0.5268
204,0.0558,Low,avg_monthly_transaction_count,-3.4153,avg_transaction_amount,-1.5834,credit_debit_ratio,-1.2293
2404,0.0563,Low,avg_monthly_transaction_count,-1.9629,avg_transaction_amount,1.1152,account_age_days,0.8885
2974,0.0558,Low,avg_monthly_transaction_count,-3.2552,avg_transaction_amount,-1.4035,account_age_days,-1.1151
298,0.0558,Low,avg_monthly_transaction_count,-2.6891,avg_standing_order_amount,-2.4138,avg_transaction_amount,1.3502
3487,0.0595,Low,avg_monthly_transaction_count,3.2119,account_age_days,-2.0699,avg_standing_order_amount,1.3985
163,0.0558,Low,avg_standing_order_amount,-1.8437,account_age_days,-0.9788,balance_volatility,-0.9271
969,0.0558,Low,avg_standing_order_amount,-2.9582,transaction_trend,-2.4036,avg_monthly_transaction_count,0.5501
4255,0.0559,Low,avg_standing_order_amount,-2.6777,total_credit_amount,0.9173,avg_balance,-0.7728
10227,0.0559,Low,min_balance_ever,-3.7358,avg_standing_order_amount,-3.353,avg_monthly_transaction_count,1.9692
459,0.0558,Low,avg_monthly_transaction_count,-2.2299,avg_standing_order_amount,-1.9336,transaction_trend,-1.4889
32,0.0558,Low,avg_monthly_transaction_count,-2.9054,avg_standing_order_amount,-2.2354,avg_transaction_amount,1.233
2935,0.0558,Low,avg_monthly_transaction_count,-3.7814,avg_transaction_amount,-1.6409,balance_volatility,-0.6323
1135,0.0558,Low,avg_monthly_transaction_count,-3.2583,avg_transaction_amount,-1.9314,standing_order_count,0.6042
2965,0.0558,Low,avg_monthly_transaction_count,-3.987,avg_transaction_amount,-1.081,balance_volatility,-0.7592
479,0.0558,Low,avg_monthly_transaction_count,-3.5719,avg_transaction_amount,-1.8138,balance_volatility,-0.6558
1543,0.0559,Low,avg_standing_order_amount,-2.2701,transaction_trend,-1.2828,client_age,1.0739
1935,0.0558,Low,avg_standing_order_amount,-3.4104,avg_monthly_transaction_count,-2.3802,balance_volatility,1.2043
1033,0.0558,Low,avg_monthly_transaction_count,-2.2858,avg_standing_order_amount,-2.1483,transaction_trend,-1.5118
934,0.0558,Low,avg_monthly_transaction_count,-3.2282,account_age_days,-1.2485,district_crimes_count,0.7808
2706,0.0558,Low,avg_monthly_transaction_count,-2.5272,avg_standing_order_amount,-1.7969,credit_debit_ratio,-0.8395
5870,0.0558,Low,min_balance_ever,-3.5482,avg_standing_order_amount,-2.8347,avg_monthly_transaction_count,-0.9496
1895,0.057,Low,avg_transaction_amount,1.4627,standing_order_count,1.0326,avg_monthly_transaction_count,-0.9756
1060,0.0558,Low,avg_standing_order_amount,-3.298,avg_monthly_transaction_count,-2.0069,transaction_trend,-1.687
182,0.0558,Low,avg_monthly_transaction_count,-2.4098,avg_standing_order_amount,-1.8812,transaction_trend,-1.1949
329,0.056,Low,account_age_days,1.2269,avg_transaction_amount,0.9339,avg_monthly_transaction_count,0.7835
624,0.0559,Low,avg_standing_order_amount,-3.8188,avg_monthly_transaction_count,1.7663,avg_transaction_amount,-1.2488
3180,0.0558,Low,avg_standing_order_amount,-2.766,avg_transaction_amount,0.9667,transaction_trend,-0.8677
3168,0.0558,Low,avg_monthly_transaction_count,-2.9279,account_age_days,-1.6193,balance_volatility,-1.4144
2065,0.0559,Low,avg_monthly_transaction_count,-2.4132,avg_transaction_amount,1.5625,credit_debit_ratio,0.8955
2074,0.0564,Low,avg_transaction_amount,0.9815,avg_monthly_transaction_count,0.9324,min_balance_ever,0.4876
1681,0.3877,Low,avg_monthly_transaction_count,3.9111,avg_standing_order_amount,1.5021,account_age_days,0.8385
1764,0.0558,Low,credit_debit_ratio,-2.1113,avg_monthly_transaction_count,-2.0191,account_age_days,1.2422
2505,0.0558,Low,avg_standing_order_amount,-1.7403,avg_transaction_amount,-1.7281,avg_monthly_transaction_count,-0.8267
8957,0.0558,Low,min_balance_ever,-5.3641,balance_volatility,2.3495,transaction_trend,-2.0125
3648,0.0559,Low,avg_monthly_transaction_count,4.0574,avg_standing_order_amount,-3.406,avg_transaction_amount,-1.0377
116,0.0562,Low,avg_transaction_amount,1.7738,avg_monthly_transaction_count,-1.633,standing_order_count,0.8291
1889,0.0558,Low,avg_monthly_transaction_count,-3.7339,avg_transaction_amount,-0.9431,avg_standing_order_amount,0.8322
1897,0.0576,Low,avg_monthly_transaction_count,4.9703,transaction_trend,-1.2565,avg_balance,-1.2114
1618,0.0559,Low,avg_transaction_amount,-2.2088,balance_volatility,-1.4419,avg_standing_order_amount,1.0329
1610,0.451,Medium,avg_standing_order_amount,2.087,balance_volatility,1.6586,avg_transaction_amount,1.3611
3779,0.0559,Low,avg_monthly_transaction_count,3.1946,avg_standing_order_amount,-2.6872,district_urban_ratio,-0.5207
3794,0.056,Low,avg_monthly_transaction_count,-2.1009,avg_transaction_amount,1.5438,account_age_days,0.826
2207,0.0558,Low,avg_monthly_transaction_count,-2.8282,avg_standing_order_amount,-2.6919,client_age,0.7086
2216,0.0572,Low,avg_monthly_transaction_count,2.292,avg_standing_order_amount,2.0734,transaction_trend,-1.8404
810,0.0558,Low,avg_monthly_transaction_count,-3.3396,avg_transaction_amount,-1.9243,avg_balance,-0.8643
3676,0.0558,Low,avg_monthly_transaction_count,-3.6059,avg_standing_order_amount,1.0162,balance_volatility,-0.6432
4082,0.0558,Low,min_balance_ever,-4.1719,avg_standing_order_amount,-2.6355,balance_volatility,2.4547
10906,0.0558,Low,min_balance_ever,-4.0772,avg_standing_order_amount,-4.0511,avg_monthly_transaction_count,2.0551
2934,0.0565,Low,avg_standing_order_amount,-3.4632,avg_monthly_transaction_count,1.4474,balance_volatility,1.31
2674,0.0558,Low,avg_standing_order_amount,-2.2214,transaction_trend,-2.1677,standing_order_count,-0.7013
2801,0.0558,Low,avg_monthly_transaction_count,-3.8539,balance_volatility,-1.2117,district_urban_ratio,0.9182
2806,0.0558,Low,avg_monthly_transaction_count,-3.9058,account_age_days,0.7846,balance_volatility,-0.7595
2802,0.0558,Low,avg_transaction_amount,-1.8469,balance_volatility,-1.2156,standing_order_count,0.8791
3339,0.0558,Low,avg_monthly_transaction_count,-2.5017,balance_volatility,-1.2841,total_credit_amount,-0.3986
3348,0.0559,Low,avg_transaction_amount,0.5678,avg_monthly_transaction_count,-0.5577,account_age_days,-0.5345
1959,0.0558,Low,avg_standing_order_amount,-2.6866,avg_monthly_transaction_count,0.9649,avg_transaction_amount,-0.694
4329,0.0559,Low,avg_standing_order_amount,-2.5811,client_age,0.7893,avg_transaction_amount,0.7512
3965,0.056,Low,min_balance_ever,-2.0291,district_crimes_count,1.8229,avg_standing_order_amount,-1.6532
2830,0.2344,Low,avg_monthly_transaction_count,4.243,avg_standing_order_amount,1.6211,avg_transaction_amount,0.955
4355,0.0558,Low,avg_standing_order_amount,-2.6454,transaction_trend,-2.5014,account_age_days,-1.6597
8132,0.0558,Low,min_balance_ever,-4.1882,avg_standing_order_amount,-3.3332,avg_monthly_transaction_count,1.7128
1118,0.057,Low,avg_monthly_transaction_count,2.292,account_age_days,-0.9026,total_debit_amount,-0.5928
1117,0.0558,Low,avg_transaction_amount,-1.8984,avg_monthly_transaction_count,-1.5542,balance_volatility,-0.6507
884,0.0558,Low,avg_monthly_transaction_count,-3.4092,avg_transaction_amount,-2.1018,account_age_days,-0.563
2615,0.0558,Low,avg_monthly_transaction_count,-2.413,avg_standing_order_amount,-2.3227,avg_transaction_amount,0.9543
3650,0.0559,Low,avg_standing_order_amount,-0.7535,avg_transaction_amount,0.6583,account_age_days,-0.62
2344,0.0558,Low,avg_transaction_amount,-2.0619,avg_standing_order_amount,-0.8828,balance_volatility,-0.8407
1441,0.0558,Low,avg_transaction_amount,-1.8122,avg_monthly_transaction_count,-1.5624,balance_volatility,-1.3214
1302,0.0558,Low,avg_monthly_transaction_count,-3.5558,avg_standing_order_amount,1.0778,balance_volatility,-1.0731
3507,0.0561,Low,avg_monthly_transaction_count,8.3132,avg_standing_order_amount,-2.6029,avg_transaction_amount,-1.7585
4377,0.0559,Low,avg_monthly_transaction_count,-2.3432,balance_volatility,1.3408,account_age_days,-1.3187
712,0.0562,Low,avg_monthly_transaction_count,2.1593,avg_transaction_amount,-1.7165,standing_order_count,1.6845
529,0.0558,Low,avg_monthly_transaction_count,-2.3945,credit_debit_ratio,-1.4458,account_age_days,1.4101
3362,0.0559,Low,balance_volatility,-1.5603,transaction_trend,0.7119,credit_debit_ratio,0.6274
274,0.0559,Low,account_age_days,-1.1511,credit_debit_ratio,0.841,balance_volatility,-0.8105
218,0.0563,Low,min_balance_ever,-4.9203,avg_monthly_transaction_count,2.5002,avg_standing_order_amount,1.468
1782,0.0558,Low,avg_monthly_transaction_count,-3.6798,avg_transaction_amount,-1.1457,account_age_days,-0.832
2310,0.0559,Low,avg_monthly_transaction_count,-2.1353,credit_debit_ratio,-0.5908,total_debit_amount,-0.4235
2111,0.7711,High,avg_monthly_transaction_count,3.4411,avg_standing_order_amount,2.0604,standing_order_count,1.542
943,0.0558,Low,avg_monthly_transaction_count,-3.071,avg_transaction_amount,-2.1402,account_age_days,-1.4253
1040,0.0566,Low,transaction_trend,-2.452,avg_transaction_amount,1.9268,avg_standing_order_amount,1.5361
3587,0.056,Low,avg_standing_order_amount,-1.8844,avg_monthly_transaction_count,1.7508,avg_balance,1.2992
1248,0.0558,Low,avg_monthly_transaction_count,-3.355,avg_standing_order_amount,1.0131,balance_volatility,-0.8075
976,0.056,Low,avg_monthly_transaction_count,-1.6651,avg_transaction_amount,0.8758,transaction_trend,0.5374
974,0.0558,Low,avg_monthly_transaction_count,-2.7732,avg_standing_order_amount,-2.5285,standing_order_count,-0.6015
2510,0.1144,Low,avg_monthly_transaction_count,3.9055,avg_standing_order_amount,1.2422,account_age_days,-0.9539
2017,0.0559,Low,avg_standing_order_amount,-2.786,avg_monthly_transaction_count,1.662,avg_transaction_amount,-1.0557
2140,0.0559,Low,avg_transaction_amount,-1.9401,balance_volatility,-1.1073,standing_order_count,0.8097
3479,0.0573,Low,avg_monthly_transaction_count,2.537,avg_standing_order_amount,1.4843,avg_transaction_amount,0.6245
3600,0.0559,Low,avg_transaction_amount,-1.3008,avg_standing_order_amount,1.1918,standing_order_count,0.9262
697,0.0559,Low,account_age_days,-2.7812,avg_monthly_transaction_count,-1.5445,avg_transaction_amount,1.1816
658,0.0558,Low,avg_monthly_transaction_count,-3.8178,avg_transaction_amount,-1.632,balance_volatility,-0.6992
3484,0.0568,Low,avg_transaction_amount,1.5363,avg_monthly_transaction_count,-1.3406,credit_debit_ratio,0.7698
3442,0.0558,Low,avg_monthly_transaction_count,-3.6443,avg_transaction_amount,-1.4499,credit_debit_ratio,-1.4323
5868,0.0558,Low,min_balance_ever,-5.0703,account_age_days,-1.8439,balance_volatility,1.3282
82,0.0558,Low,avg_standing_order_amount,-3.4611,avg_transaction_amount,-1.2179,total_credit_amount,1.1841
146,0.0558,Low,avg_monthly_transaction_count,-3.716,balance_volatility,-0.9939,account_age_days,-0.5642
2200,0.0559,Low,avg_monthly_transaction_count,-3.0145,credit_debit_ratio,-1.6409,avg_transaction_amount,1.4165
1609,0.0558,Low,avg_monthly_transaction_count,-3.3014,avg_transaction_amount,-1.9506,credit_debit_ratio,-1.3688
3993,0.0559,Low,avg_monthly_transaction_count,-1.401,avg_transaction_amount,1.3542,avg_standing_order_amount,-0.6925
7101,0.0558,Low,min_balance_ever,-3.5462,avg_standing_order_amount,-3.0841,avg_monthly_transaction_count,-1.6823
622,0.0573,Low,avg_monthly_transaction_count,2.7445,standing_order_count,-1.1473,account_age_days,0.8129
1159,0.056,Low,avg_standing_order_amount,0.7475,avg_monthly_transaction_count,-0.7425,account_age_days,-0.7365
1153,0.0559,Low,avg_monthly_transaction_count,1.7594,avg_standing_order_amount,0.9339,transaction_trend,-0.7344
460,0.0558,Low,avg_monthly_transaction_count,-3.7615,avg_transaction_amount,-0.97,avg_standing_order_amount,0.6714
1944,0.0559,Low,account_age_days,-2.2846,credit_debit_ratio,0.9921,balance_volatility,-0.9568
1950,0.0558,Low,avg_monthly_transaction_count,-1.8158,balance_volatility,-1.6199,account_age_days,1.0804
1337,0.0561,Low,account_age_days,-1.5068,avg_standing_order_amount,1.3071,avg_transaction_amount,-0.7471
1327,0.0558,Low,avg_standing_order_amount,-2.6113,avg_monthly_transaction_count,-2.195,client_age,1.1742
1463,0.0558,Low,avg_transaction_amount,-1.4943,avg_standing_order_amount,-1.4553,credit_debit_ratio,-1.3876
2664,0.0564,Low,avg_monthly_transaction_count,2.8046,credit_debit_ratio,-1.0247,avg_transaction_amount,0.8339
2163,0.0562,Low,avg_monthly_transaction_count,2.7032,district_avg_salary,-1.7655,avg_transaction_amount,0.7971
1477,0.0558,Low,avg_monthly_transaction_count,-3.4427,avg_transaction_amount,-1.623,account_age_days,-1.2492
3957,0.0558,Low,avg_standing_order_amount,-3.0453,avg_monthly_transaction_count,-2.2788,avg_transaction_amount,1.3784
3227,0.0562,Low,avg_monthly_transaction_count,3.418,standing_order_count,-1.1372,avg_transaction_amount,0.8026
3848,0.0559,Low,credit_debit_ratio,-2.3633,avg_standing_order_amount,0.6432,account_age_days,0.6364
1130,0.0558,Low,avg_monthly_transaction_count,-3.7294,avg_transaction_amount,-1.5018,balance_volatility,-0.824
1266,0.0563,Low,avg_monthly_transaction_count,0.8492,account_age_days,0.6876,balance_volatility,-0.665
2483,0.2113,Low,avg_monthly_transaction_count,2.992,avg_standing_order_amount,2.5036,avg_transaction_amount,0.8112
2797,0.0559,Low,avg_standing_order_amount,-2.8372,avg_monthly_transaction_count,-2.3245,avg_transaction_amount,1.7159
1440,0.0558,Low,avg_standing_order_amount,-4.946,avg_monthly_transaction_count,3.1153,avg_transaction_amount,-1.3463
1647,0.0558,Low,avg_standing_order_amount,-2.9685,avg_monthly_transaction_count,2.8671,credit_debit_ratio,-1.658
559,0.0558,Low,avg_monthly_transaction_count,-1.9142,account_age_days,-1.8849,avg_transaction_amount,-1.6593
8896,0.0639,Low,avg_monthly_transaction_count,3.1575,district_crimes_count,2.1682,min_balance_ever,-2.1014
210,0.056,Low,avg_monthly_transaction_count,-1.779,avg_transaction_amount,1.2954,balance_volatility,-1.0552
1981,0.0558,Low,avg_transaction_amount,-2.3341,account_age_days,-0.5412,balance_volatility,-0.5282
2323,0.0559,Low,transaction_trend,-0.6967,balance_volatility,-0.6873,avg_transaction_amount,0.5226
2109,0.0558,Low,avg_monthly_transaction_count,-2.7043,avg_standing_order_amount,-1.8664,credit_debit_ratio,-0.9559
2107,0.0564,Low,avg_monthly_transaction_count,1.1687,account_age_days,1.1035,avg_standing_order_amount,1.0316
3548,0.0558,Low,avg_monthly_transaction_count,-3.4602,balance_volatility,-1.2875,avg_standing_order_amount,0.7673
58,0.0558,Low,avg_monthly_transaction_count,-2.5387,avg_standing_order_amount,-2.4881,district_crimes_count,2.0398
12,0.0558,Low,avg_monthly_transaction_count,-1.6519,avg_transaction_amount,-1.59,credit_debit_ratio,-0.6531
3,0.0573,Low,avg_monthly_transaction_count,3.0904,avg_standing_order_amount,-2.3111,avg_transaction_amount,1.1406
3001,0.0558,Low,avg_standing_order_amount,-3.5293,avg_monthly_transaction_count,1.938,account_age_days,-0.862
1522,0.0558,Low,avg_standing_order_amount,-2.5639,avg_monthly_transaction_count,-2.4116,credit_debit_ratio,-1.0978
856,0.0559,Low,avg_monthly_transaction_count,3.3759,avg_standing_order_amount,-3.3659,credit_debit_ratio,-0.6247
931,0.0968,Low,avg_monthly_transaction_count,6.7971,avg_standing_order_amount,-3.457,credit_debit_ratio,0.8499
935,0.0558,Low,avg_monthly_transaction_count,-3.1073,avg_transaction_amount,-1.6643,credit_debit_ratio,-1.2311
792,0.0558,Low,avg_standing_order_amount,-3.4007,avg_transaction_amount,-1.2565,avg_monthly_transaction_count,1.2393
791,0.0558,Low,avg_monthly_transaction_count,-3.874,avg_transaction_amount,-1.2671,avg_standing_order_amount,0.8532
3581,0.056,Low,standing_order_count,1.0226,avg_standing_order_amount,0.9863,district_avg_salary,-0.8201
1109,0.0558,Low,avg_monthly_transaction_count,-2.7453,avg_standing_order_amount,-2.4039,avg_transaction_amount,1.2518
1108,0.0558,Low,avg_transaction_amount,-2.0367,avg_monthly_transaction_count,-1.2001,avg_standing_order_amount,-0.7714
998,0.0561,Low,avg_monthly_transaction_count,-2.2003,avg_transaction_amount,1.0273,avg_standing_order_amount,-0.9406
2711,0.0562,Low,avg_standing_order_amount,1.7561,account_age_days,-1.3347,credit_debit_ratio,0.9811
3750,0.0563,Low,avg_transaction_amount,0.8217,balance_volatility,0.7185,total_transaction_count,-0.5009
2274,0.0558,Low,avg_standing_order_amount,-2.274,transaction_trend,-1.5399,avg_transaction_amount,-1.0561
3042,0.0581,Low,avg_monthly_transaction_count,1.6621,avg_standing_order_amount,1.4202,transaction_trend,-0.8826
4434,0.0574,Low,avg_monthly_transaction_count,2.8815,avg_balance,-1.8116,avg_transaction_amount,-1.5706
1410,0.0559,Low,account_age_days,-1.3216,avg_balance,-1.1024,avg_transaction_amount,0.9133
293,0.0563,Low,avg_standing_order_amount,-3.1116,avg_monthly_transaction_count,2.9376,account_age_days,0.986
311,0.0568,Low,avg_monthly_transaction_count,6.6911,avg_standing_order_amount,-1.7463,credit_debit_ratio,-1.6812
3170,0.0558,Low,avg_monthly_transaction_count,-1.8713,balance_volatility,-1.4488,client_age,0.6043
3275,0.0559,Low,avg_standing_order_amount,-2.1797,avg_monthly_transaction_count,1.3894,credit_debit_ratio,0.8235
89,0.0558,Low,avg_monthly_transaction_count,-3.0167,avg_standing_order_amount,-2.1138,standing_order_count,-0.8051
1545,0.0559,Low,account_age_days,-1.8353,avg_standing_order_amount,-1.8327,balance_volatility,1.2112
1142,0.0558,Low,avg_transaction_amount,-2.6041,avg_standing_order_amount,1.2064,balance_volatility,-0.6214
815,0.0558,Low,avg_monthly_transaction_count,-3.5835,avg_transaction_amount,-1.6478,avg_balance,0.7804
614,0.0558,Low,avg_monthly_transaction_count,-3.2639,avg_transaction_amount,-1.3669,standing_order_count,0.6226
1164,0.0558,Low,avg_standing_order_amount,-3.6847,avg_monthly_transaction_count,2.1682,transaction_trend,-0.8343
1172,0.0558,Low,avg_standing_order_amount,-3.0353,avg_monthly_transaction_count,-2.0285,avg_transaction_amount,1.4556
1757,0.0558,Low,avg_standing_order_amount,-3.1213,avg_monthly_transaction_count,-1.1158,avg_transaction_amount,-1.1103
1058,0.0563,Low,avg_monthly_transaction_count,1.9129,avg_transaction_amount,0.9145,client_age,-0.7336
2834,0.0579,Low,avg_monthly_transaction_count,5.4344,standing_order_count,-1.0464,avg_standing_order_amount,-0.9344
2701,0.0571,Low,avg_monthly_transaction_count,2.3733,account_age_days,-0.9254,district_urban_ratio,0.2527
4336,0.0603,Low,avg_standing_order_amount,4.3873,avg_monthly_transaction_count,1.7041,district_avg_salary,-1.6002
882,0.0558,Low,account_age_days,-2.0113,avg_monthly_transaction_count,-1.7036,credit_debit_ratio,-0.4664
3778,0.0559,Low,avg_balance,-1.1595,avg_standing_order_amount,-0.9113,account_age_days,-0.8841
3097,0.0558,Low,avg_transaction_amount,-1.8193,account_age_days,1.1805,avg_monthly_transaction_count,-1.0006
1662,0.0559,Low,avg_monthly_transaction_count,-1.6709,account_age_days,1.3884,avg_standing_order_amount,-1.3627
705,0.0558,Low,avg_monthly_transaction_count,-2.608,account_age_days,1.4927,balance_volatility,-0.8799
185,0.0559,Low,avg_monthly_transaction_count,-1.679,avg_transaction_amount,1.3642,account_age_days,1.0644
201,0.0559,Low,balance_volatility,-0.6949,credit_debit_ratio,0.6838,avg_transaction_amount,0.5698
771,0.0609,Low,avg_monthly_transaction_count,1.6031,avg_transaction_amount,1.048,avg_standing_order_amount,1.0105
3588,0.0558,Low,avg_monthly_transaction_count,-3.3652,standing_order_count,0.6526,credit_debit_ratio,-0.4522
2461,0.0558,Low,avg_monthly_transaction_count,-2.3647,avg_standing_order_amount,-2.0705,avg_transaction_amount,-1.196
994,0.0558,Low,avg_standing_order_amount,-2.9905,transaction_trend,-2.4374,avg_monthly_transaction_count,0.9088
3745,0.0608,Low,avg_standing_order_amount,4.1534,avg_monthly_transaction_count,3.5645,avg_balance,-2.4612
2515,0.0559,Low,avg_standing_order_amount,-3.012,avg_monthly_transaction_count,-2.4837,avg_transaction_amount,1.607
2865,0.0566,Low,avg_monthly_transaction_count,5.7188,avg_standing_order_amount,-3.9058,credit_debit_ratio,0.532
2908,0.0559,Low,avg_monthly_transaction_count,-1.9879,avg_transaction_amount,1.5138,credit_debit_ratio,-1.1871
2878,0.0558,Low,avg_monthly_transaction_count,-3.4525,account_age_days,0.9597,balance_volatility,-0.6915
1412,0.0562,Low,avg_standing_order_amount,-3.2731,avg_monthly_transaction_count,2.972,account_age_days,-0.77
1419,0.0558,Low,avg_monthly_transaction_count,-3.2677,avg_transaction_amount,-0.9747,balance_volatility,-0.786
3806,0.0565,Low,avg_monthly_transaction_count,1.9873,client_age,0.899,district_urban_ratio,-0.8935
5092,0.0558,Low,min_balance_ever,-3.8453,avg_standing_order_amount,-1.7834,transaction_trend,-1.1676
651,0.0562,Low,avg_balance,-1.9705,avg_monthly_transaction_count,1.7076,avg_standing_order_amount,1.0249
328,0.0558,Low,account_age_days,1.2082,avg_monthly_transaction_count,-1.1134,avg_standing_order_amount,-0.802
362,0.0876,Low,avg_monthly_transaction_count,4.3359,account_age_days,-0.8713,total_transaction_count,0.6514
356,0.0559,Low,avg_monthly_transaction_count,-2.0433,avg_transaction_amount,1.4767,client_age,-0.4645
629,0.0559,Low,avg_balance,1.4079,avg_transaction_amount,-1.3044,balance_volatility,-0.6252
2063,0.0559,Low,avg_transaction_amount,-1.813,standing_order_count,1.1205,avg_monthly_transaction_count,-0.8267
2429,0.0672,Low,avg_monthly_transaction_count,2.7942,account_age_days,-1.4308,avg_standing_order_amount,1.2985
1667,0.0558,Low,avg_monthly_transaction_count,-3.0456,avg_standing_order_amount,-2.2985,standing_order_count,-1.0616
1674,0.0558,Low,avg_monthly_transaction_count,-1.5047,balance_volatility,-0.5491,district_urban_ratio,-0.3714
152,0.0559,Low,avg_standing_order_amount,-2.4153,avg_monthly_transaction_count,1.3648,transaction_trend,0.9232
98,0.0559,Low,avg_transaction_amount,-1.6814,avg_balance,1.2942,account_age_days,0.8751
3059,0.0561,Low,avg_standing_order_amount,-2.764,avg_monthly_transaction_count,1.9535,avg_transaction_amount,0.8735
2189,0.0584,Low,avg_monthly_transaction_count,2.7213,avg_standing_order_amount,-2.5488,avg_transaction_amount,0.7039
1529,0.0558,Low,avg_standing_order_amount,-4.5567,avg_monthly_transaction_count,2.9462,avg_transaction_amount,-1.3888
4010,0.056,Low,avg_monthly_transaction_count,-1.2361,avg_transaction_amount,0.9806,standing_order_count,0.9149
3999,0.0559,Low,avg_monthly_transaction_count,3.4545,transaction_trend,-0.86,account_age_days,-0.7678
922,0.0559,Low,avg_standing_order_amount,-3.9374,avg_monthly_transaction_count,3.7978,credit_debit_ratio,-0.9839
926,0.0558,Low,avg_monthly_transaction_count,-3.1491,avg_transaction_amount,-1.7504,balance_volatility,-0.7097
2210,0.0558,Low,avg_monthly_transaction_count,-3.894,avg_transaction_amount,-1.2815,credit_debit_ratio,-0.5875
821,0.0558,Low,avg_monthly_transaction_count,2.571,avg_standing_order_amount,-2.4141,avg_transaction_amount,-1.4828
3432,0.0559,Low,avg_monthly_transaction_count,-2.3175,avg_transaction_amount,-1.1794,avg_balance,1.0695
3426,0.0604,Low,avg_standing_order_amount,3.841,avg_monthly_transaction_count,3.1203,transaction_trend,-1.3264
436,0.0597,Low,avg_monthly_transaction_count,2.6935,avg_standing_order_amount,-1.5324,standing_order_count,1.1302
3324,0.0572,Low,avg_standing_order_amount,1.0444,district_urban_ratio,1.0395,transaction_trend,-1.0003
2655,0.0559,Low,avg_standing_order_amount,-3.047,avg_monthly_transaction_count,2.0632,standing_order_count,-1.1927
3347,0.0558,Low,avg_monthly_transaction_count,-4.0365,avg_transaction_amount,-1.0652,balance_volatility,-0.7621
3528,0.0561,Low,credit_debit_ratio,1.0874,avg_transaction_amount,0.7466,transaction_trend,-0.6439
488,0.0558,Low,avg_monthly_transaction_count,-2.9383,avg_standing_order_amount,-2.5903,transaction_trend,-1.3136
757,0.0559,Low,avg_standing_order_amount,-2.3177,avg_monthly_transaction_count,0.953,account_age_days,-0.7682
3256,0.0562,Low,standing_order_count,1.0373,account_age_days,0.9432,avg_standing_order_amount,0.8527
1759,0.0559,Low,avg_standing_order_amount,-1.2681,transaction_trend,0.6736,balance_volatility,-0.6406
1095,0.0562,Low,avg_monthly_transaction_count,2.6341,standing_order_count,-1.5314,account_age_days,0.9863
2829,0.0558,Low,avg_standing_order_amount,-2.1747,avg_transaction_amount,-1.3405,district_avg_salary,-0.9709
3236,0.0558,Low,avg_monthly_transaction_count,-2.4284,avg_transaction_amount,-1.7076,avg_standing_order_amount,-1.3007
3878,0.0558,Low,avg_standing_order_amount,-4.5625,avg_monthly_transaction_count,3.1715,avg_transaction_amount,-1.3268
2604,0.0558,Low,avg_monthly_transaction_count,-3.7474,avg_standing_order_amount,1.194,balance_volatility,-0.8593
2149,0.0558,Low,avg_monthly_transaction_count,-3.7338,avg_transaction_amount,-1.1725,balance_volatility,-0.75
1917,0.0558,Low,avg_monthly_transaction_count,-3.6271,avg_transaction_amount,-1.1443,avg_balance,0.8961
1931,0.7805,High,avg_monthly_transaction_count,4.1464,avg_balance,1.8912,standing_order_count,1.3475
2915,0.0558,Low,avg_standing_order_amount,-3.691,avg_transaction_amount,-1.4414,balance_volatility,0.9273
4143,0.056,Low,avg_monthly_transaction_count,-3.1499,avg_standing_order_amount,1.2395,credit_debit_ratio,-1.0586
1657,0.0558,Low,avg_monthly_transaction_count,-3.4893,account_age_days,2.3353,avg_transaction_amount,-1.5736
4408,0.056,Low,transaction_trend,-2.6331,avg_balance,-1.9049,avg_standing_order_amount,1.7825
1274,0.0558,Low,min_balance_ever,-4.8962,avg_standing_order_amount,-3.3603,avg_monthly_transaction_count,1.4586
370,0.0558,Low,avg_standing_order_amount,-4.2074,avg_transaction_amount,-1.4707,avg_monthly_transaction_count,1.2275
2318,0.6292,Medium,avg_monthly_transaction_count,7.3799,credit_debit_ratio,0.9523,avg_transaction_amount,0.8761
3218,0.0558,Low,avg_transaction_amount,-1.6306,transaction_trend,-0.5645,account_age_days,-0.5552
2998,0.0559,Low,avg_standing_order_amount,-2.0423,account_age_days,-1.6224,avg_monthly_transaction_count,0.9274
3894,0.0558,Low,avg_transaction_amount,-1.464,avg_monthly_transaction_count,-1.3915,avg_standing_order_amount,-0.9157
1379,0.0558,Low,avg_monthly_transaction_count,-3.3124,credit_debit_ratio,-1.8354,avg_standing_order_amount,1.5184
2590,0.0559,Low,avg_standing_order_amount,-4.0438,avg_monthly_transaction_count,2.4592,avg_transaction_amount,-1.1538
3151,0.0559,Low,credit_debit_ratio,-1.0891,avg_monthly_transaction_count,0.8129,balance_volatility,0.7552
2896,0.0558,Low,avg_transaction_amount,-1.6457,avg_standing_order_amount,-0.8015,account_age_days,-0.7309
1575,0.0558,Low,avg_monthly_transaction_count,-3.551,account_age_days,-1.2923,avg_transaction_amount,-1.2494
1584,0.0558,Low,avg_monthly_transaction_count,-3.5983,avg_transaction_amount,-1.8832,balance_volatility,-0.6576
2882,0.0562,Low,avg_standing_order_amount,3.612,min_balance_ever,-2.9861,avg_monthly_transaction_count,-2.6477
872,0.0559,Low,avg_monthly_transaction_count,-2.0374,district_urban_ratio,1.2346,avg_transaction_amount,-1.199
954,0.0559,Low,avg_monthly_transaction_count,3.2144,avg_standing_order_amount,-2.0563,avg_transaction_amount,-0.9095
327,0.7314,High,avg_monthly_transaction_count,5.0558,avg_standing_order_amount,1.6335,total_transaction_count,0.966
294,0.0562,Low,avg_monthly_transaction_count,3.5916,avg_standing_order_amount,-2.5216,standing_order_count,-0.9009
1870,0.0558,Low,avg_monthly_transaction_count,-3.0468,avg_standing_order_amount,-2.4291,standing_order_count,-0.6063
1875,0.0558,Low,avg_monthly_transaction_count,-3.6488,avg_transaction_amount,-1.1134,account_age_days,-0.7504
73,0.0565,Low,account_age_days,-0.9608,avg_standing_order_amount,0.8562,credit_debit_ratio,0.5614
1701,0.0568,Low,avg_standing_order_amount,2.74,account_age_days,-1.4127,balance_volatility,1.1515
1532,0.0559,Low,credit_debit_ratio,-2.1193,avg_monthly_transaction_count,-1.9024,avg_transaction_amount,1.2407
1536,0.0559,Low,account_age_days,-2.5382,avg_standing_order_amount,-1.854,credit_debit_ratio,0.8472
1614,0.0585,Low,avg_monthly_transaction_count,2.8241,avg_balance,-1.413,avg_standing_order_amount,1.2592
927,0.056,Low,district_avg_salary,-1.1882,avg_transaction_amount,1.1873,avg_standing_order_amount,1.1655
3311,0.0805,Low,avg_monthly_transaction_count,4.1743,standing_order_count,-1.0873,balance_volatility,0.8909
1826,0.0558,Low,avg_monthly_transaction_count,-2.477,avg_transaction_amount,0.8073,transaction_trend,-0.754
1949,0.0803,Low,avg_monthly_transaction_count,6.3296,avg_standing_order_amount,-1.404,standing_order_count,-0.5937
420,0.056,Low,avg_monthly_transaction_count,-2.2098,total_debit_amount,0.7875,balance_volatility,0.7619
402,0.0595,Low,account_age_days,1.8008,avg_transaction_amount,1.1277,avg_monthly_transaction_count,0.6555
4269,0.056,Low,avg_standing_order_amount,-3.4388,transaction_trend,-1.4006,avg_transaction_amount,1.3241
3954,0.0558,Low,avg_monthly_transaction_count,-1.7472,avg_transaction_amount,-1.7155,balance_volatility,-0.9729
2327,0.0558,Low,avg_monthly_transaction_count,-3.1099,avg_standing_order_amount,-1.6808,avg_transaction_amount,1.037
2491,0.0559,Low,avg_monthly_transaction_count,2.9386,avg_standing_order_amount,-2.3602,transaction_trend,0.6647
2410,0.0558,Low,avg_monthly_transaction_count,-3.6681,credit_debit_ratio,-0.8268,account_age_days,-0.7095
2920,0.056,Low,avg_monthly_transaction_count,-3.4316,avg_standing_order_amount,1.5207,min_balance_ever,1.0333
3096,0.0569,Low,avg_monthly_transaction_count,4.3006,account_age_days,-1.1211,standing_order_count,-0.9058
2799,0.0569,Low,avg_monthly_transaction_count,3.521,transaction_trend,-0.9778,credit_debit_ratio,0.7414
2792,0.0558,Low,avg_transaction_amount,-2.3743,credit_debit_ratio,-1.0815,avg_standing_order_amount,0.9286
1439,0.0558,Low,avg_monthly_transaction_count,-3.6419,avg_transaction_amount,-1.772,balance_volatility,-0.6586
2766,0.0558,Low,avg_monthly_transaction_count,-3.5555,credit_debit_ratio,-1.1709,avg_standing_order_amount,0.7116
3501,0.0559,Low,min_balance_ever,-4.3914,avg_standing_order_amount,2.4542,standing_order_count,1.4764
4389,0.0558,Low,avg_standing_order_amount,-2.8202,avg_monthly_transaction_count,-2.3728,avg_transaction_amount,1.4728
722,0.0558,Low,min_balance_ever,-3.7532,avg_standing_order_amount,-3.0849,avg_monthly_transaction_count,-1.964
3413,0.0563,Low,avg_monthly_transaction_count,4.7335,avg_standing_order_amount,-2.02,standing_order_count,-1.0603
1848,0.0558,Low,avg_monthly_transaction_count,-3.5347,avg_standing_order_amount,0.9086,avg_transaction_amount,-0.899
2820,0.0558,Low,avg_monthly_transaction_count,-2.6909,avg_transaction_amount,-1.5156,account_age_days,-0.8141
909,0.0558,Low,avg_monthly_transaction_count,-3.3267,avg_transaction_amount,-1.67,account_age_days,1.3175
906,0.0558,Low,avg_monthly_transaction_count,-3.3287,avg_transaction_amount,-1.6835,credit_debit_ratio,-0.9744
899,0.058,Low,avg_monthly_transaction_count,-2.9356,avg_transaction_amount,2.35,avg_standing_order_amount,1.2291
902,0.056,Low,avg_monthly_transaction_count,3.0174,avg_standing_order_amount,-2.2126,account_age_days,-0.8219
913,0.7675,High,avg_monthly_transaction_count,5.7525,avg_standing_order_amount,1.4623,account_age_days,0.8199
3652,0.0558,Low,avg_monthly_transaction_count,-3.7237,avg_transaction_amount,-0.9961,avg_standing_order_amount,0.8931
1444,0.0559,Low,avg_transaction_amount,-2.6049,avg_standing_order_amount,1.7372,credit_debit_ratio,-1.3134
1907,0.3664,Low,avg_monthly_transaction_count,2.7118,avg_standing_order_amount,2.681,account_age_days,1.0795
1908,0.0559,Low,avg_monthly_transaction_count,-2.6915,avg_standing_order_amount,0.7971,balance_volatility,-0.7849
1287,0.4407,Medium,avg_monthly_transaction_count,5.0387,avg_standing_order_amount,2.0366,avg_transaction_amount,0.9013
541,0.1592,Low,avg_monthly_transaction_count,3.673,credit_debit_ratio,0.9892,avg_standing_order_amount,0.976
3415,0.0558,Low,avg_monthly_transaction_count,-3.1918,credit_debit_ratio,-1.1324,balance_volatility,-1.0808
8628,0.0559,Low,min_balance_ever,-4.0954,avg_standing_order_amount,-3.7402,avg_monthly_transaction_count,3.0381
3197,0.0558,Low,avg_monthly_transaction_count,-3.4542,avg_transaction_amount,-2.2013,balance_volatility,-0.6804
1587,0.0558,Low,avg_standing_order_amount,-2.7469,avg_monthly_transaction_count,-2.4403,avg_transaction_amount,1.8215
2389,0.0588,Low,avg_monthly_transaction_count,1.4631,avg_transaction_amount,0.9887,account_age_days,0.9565
10343,0.0558,Low,min_balance_ever,-4.2799,avg_standing_order_amount,-3.1639,avg_monthly_transaction_count,1.1849
3558,0.0562,Low,avg_monthly_transaction_count,4.1512,avg_standing_order_amount,-2.6529,avg_balance,-1.3733
68,0.056,Low,avg_monthly_transaction_count,5.8881,avg_standing_order_amount,-3.6358,avg_balance,-1.9121
1514,0.0558,Low,avg_transaction_amount,-1.4916,avg_monthly_transaction_count,-1.1668,balance_volatility,-1.0021
3904,0.0558,Low,avg_monthly_transaction_count,-3.6674,avg_transaction_amount,-1.8558,credit_debit_ratio,-1.3735
1497,0.0632,Low,avg_standing_order_amount,1.7213,account_age_days,-1.1267,transaction_trend,0.9345
975,0.0558,Low,avg_monthly_transaction_count,-3.6752,avg_standing_order_amount,0.8884,avg_balance,0.8047
2265,0.0558,Low,avg_standing_order_amount,-4.5305,avg_monthly_transaction_count,1.5008,avg_transaction_amount,-1.4123
3152,0.0559,Low,avg_monthly_transaction_count,-3.4449,avg_standing_order_amount,1.2364,avg_transaction_amount,0.9644
1742,0.061,Low,avg_transaction_amount,1.223,credit_debit_ratio,0.9446,balance_volatility,0.7525
1723,0.0563,Low,avg_monthly_transaction_count,2.5912,account_age_days,2.22,credit_debit_ratio,-1.4916
963,0.056,Low,avg_monthly_transaction_count,-3.409,avg_transaction_amount,1.721,client_age,0.743
648,0.0562,Low,balance_volatility,1.9566,transaction_trend,1.4181,avg_balance,-1.4005
685,0.0559,Low,avg_monthly_transaction_count,-2.9859,avg_transaction_amount,1.6455,transaction_trend,-1.5749
1668,0.0558,Low,avg_monthly_transaction_count,-3.7367,avg_standing_order_amount,1.075,balance_volatility,-0.9074
2509,0.059,Low,avg_monthly_transaction_count,5.9019,avg_standing_order_amount,1.6555,avg_balance,-1.4552
3141,0.0566,Low,avg_standing_order_amount,1.4711,balance_volatility,1.3699,avg_transaction_amount,1.0882
164,0.0558,Low,avg_standing_order_amount,-2.9211,avg_monthly_transaction_count,-2.1892,avg_transaction_amount,1.2885
76,0.0559,Low,avg_monthly_transaction_count,-2.9669,balance_volatility,-0.9214,credit_debit_ratio,0.6975
142,0.0558,Low,avg_monthly_transaction_count,-3.0643,avg_transaction_amount,-1.6414,account_age_days,-1.477
809,0.0558,Low,avg_monthly_transaction_count,-2.8147,avg_standing_order_amount,-1.0011,avg_transaction_amount,0.8803
831,0.0558,Low,avg_monthly_transaction_count,-3.5957,avg_transaction_amount,-1.5935,credit_debit_ratio,-0.9629
484,0.0903,Low,avg_monthly_transaction_count,7.4898,avg_standing_order_amount,-2.3591,credit_debit_ratio,0.7331
447,0.0559,Low,avg_monthly_transaction_count,-3.1715,avg_transaction_amount,1.3123,avg_standing_order_amount,0.8195
2050,0.1847,Low,avg_monthly_transaction_count,5.3927,standing_order_count,-0.7799,client_age,0.7786
2634,0.0558,Low,avg_standing_order_amount,-3.017,avg_monthly_transaction_count,-2.8783,avg_transaction_amount,1.6699
1948,0.7701,High,avg_monthly_transaction_count,5.82,balance_volatility,2.2351,avg_standing_order_amount,1.5555
1947,0.0558,Low,avg_monthly_transaction_count,-3.5204,avg_standing_order_amount,0.7509,client_age,-0.6988
1205,0.0558,Low,avg_monthly_transaction_count,-3.5731,balance_volatility,-1.6341,avg_transaction_amount,-1.6137
416,0.0558,Low,avg_standing_order_amount,-2.5632,avg_transaction_amount,-1.2703,balance_volatility,-0.6813
3241,0.0558,Low,avg_monthly_transaction_count,-3.8415,avg_transaction_amount,-1.231,account_age_days,-0.9315
1952,0.0558,Low,min_balance_ever,-3.5508,avg_standing_order_amount,-2.1691,avg_monthly_transaction_count,-1.8858
1265,0.0558,Low,avg_monthly_transaction_count,-3.7168,standing_order_count,0.6774,credit_debit_ratio,-0.5588
3668,0.0558,Low,avg_monthly_transaction_count,-2.7588,avg_standing_order_amount,-1.9762,credit_debit_ratio,-0.8717
2362,0.0558,Low,avg_monthly_transaction_count,-3.449,avg_transaction_amount,-1.9399,credit_debit_ratio,-0.9733
1449,0.0559,Low,avg_monthly_transaction_count,3.3527,avg_standing_order_amount,-2.3553,account_age_days,-0.722
570,0.0559,Low,avg_monthly_transaction_count,-3.3478,avg_standing_order_amount,1.4659,account_age_days,1.0164
377,0.0558,Low,min_balance_ever,-4.5226,avg_standing_order_amount,-3.7907,avg_monthly_transaction_count,1.7538
1972,0.0558,Low,avg_monthly_transaction_count,-2.5259,account_age_days,-2.4048,avg_transaction_amount,-1.322
1690,0.0558,Low,avg_monthly_transaction_count,-2.5395,balance_volatility,-1.4368,min_balance_ever,1.0998
2391,0.0558,Low,avg_monthly_transaction_count,-3.2175,district_avg_salary,-0.9346,account_age_days,-0.8515
2260,0.0558,Low,min_balance_ever,-4.0251,avg_standing_order_amount,-1.3703,avg_monthly_transaction_count,-0.8201
9790,0.812,High,avg_monthly_transaction_count,14.5246,avg_standing_order_amount,2.0,credit_debit_ratio,0.8595
9814,0.8119,High,avg_monthly_transaction_count,7.019,balance_volatility,2.8605,avg_standing_order_amount,2.3438
9006,0.7888,High,avg_monthly_transaction_count,6.7992,avg_standing_order_amount,3.0329,transaction_trend,-2.4851
10644,0.811,High,avg_standing_order_amount,4.2825,avg_monthly_transaction_count,3.9778,district_avg_salary,1.1511
4259,0.8117,High,avg_monthly_transaction_count,7.1484,avg_standing_order_amount,3.3836,credit_debit_ratio,0.9806
4116,0.1729,Low,avg_standing_order_amount,3.9172,avg_monthly_transaction_count,3.0986,avg_transaction_amount,-2.3243
2345,0.2198,Low,avg_monthly_transaction_count,2.6502,avg_standing_order_amount,1.6948,credit_debit_ratio,0.822
2413,0.81,High,account_age_days,3.3989,avg_transaction_amount,2.2775,avg_standing_order_amount,2.0783
1928,0.811,High,avg_transaction_amount,3.0746,avg_standing_order_amount,2.8345,avg_monthly_transaction_count,2.034
8533,0.8115,High,avg_monthly_transaction_count,5.4838,avg_standing_order_amount,2.6706,standing_order_count,1.8464
8558,0.8107,High,avg_standing_order_amount,2.4267,balance_volatility,2.2384,avg_monthly_transaction_count,1.8397
8041,0.8114,High,avg_monthly_transaction_count,5.0753,standing_order_count,2.0742,avg_transaction_amount,1.6235
6363,0.8113,High,avg_standing_order_amount,3.9371,avg_transaction_amount,2.9462,standing_order_count,1.8325
4448,0.8117,High,avg_monthly_transaction_count,4.3409,avg_standing_order_amount,3.6786,balance_volatility,1.6955
11244,0.8111,High,avg_monthly_transaction_count,4.8653,avg_standing_order_amount,4.7041,standing_order_count,1.4966
8038,0.8088,High,avg_monthly_transaction_count,2.3157,avg_standing_order_amount,1.6545,account_age_days,1.4626
10005,0.8109,High,avg_standing_order_amount,4.5254,avg_transaction_amount,2.6298,balance_volatility,1.9768
7559,0.811,High,avg_monthly_transaction_count,2.6254,district_urban_ratio,1.9308,avg_standing_order_amount,1.6412
6461,0.8119,High,avg_monthly_transaction_count,5.3531,avg_standing_order_amount,2.2811,standing_order_count,1.5409
1862,0.7998,High,avg_standing_order_amount,3.0951,avg_monthly_transaction_count,2.9166,district_avg_salary,1.5349
7769,0.811,High,avg_monthly_transaction_count,4.5745,standing_order_count,2.1446,avg_standing_order_amount,1.871
10954,0.0775,Low,avg_transaction_amount,1.8195,standing_order_count,1.7288,avg_monthly_transaction_count,1.4276
9337,0.1188,Low,avg_monthly_transaction_count,5.0717,min_balance_ever,-4.0978,balance_volatility,1.9142
1270,0.8116,High,avg_monthly_transaction_count,2.962,avg_standing_order_amount,2.5125,avg_balance,1.895
5891,0.8114,High,avg_monthly_transaction_count,4.1225,avg_standing_order_amount,3.0596,balance_volatility,1.8746
2187,0.0591,Low,avg_monthly_transaction_count,2.4929,avg_standing_order_amount,1.9212,standing_order_count,1.5319
7401,0.8114,High,avg_monthly_transaction_count,6.1786,avg_standing_order_amount,4.5124,credit_debit_ratio,1.1067
4907,0.0732,Low,avg_monthly_transaction_count,5.661,avg_standing_order_amount,-1.0397,standing_order_count,-0.9609
2496,0.8111,High,avg_balance,2.7632,avg_standing_order_amount,2.6307,avg_monthly_transaction_count,1.835
10807,0.8114,High,balance_volatility,2.9748,avg_transaction_amount,2.9325,avg_standing_order_amount,2.8535
3562,0.8117,High,avg_standing_order_amount,3.7963,avg_monthly_transaction_count,3.7064,balance_volatility,2.2091
5180,0.0574,Low,avg_monthly_transaction_count,-3.4967,balance_volatility,1.9846,avg_standing_order_amount,1.1346
6950,0.8113,High,avg_standing_order_amount,3.8312,avg_monthly_transaction_count,2.7646,standing_order_count,1.9006
176,0.812,High,avg_monthly_transaction_count,12.7609,credit_debit_ratio,0.8396,balance_volatility,0.8167
4715,0.3778,Low,balance_volatility,1.8029,avg_standing_order_amount,1.2655,avg_monthly_transaction_count,1.1757
6902,0.8109,High,avg_monthly_transaction_count,4.1229,account_age_days,1.3336,avg_standing_order_amount,1.208
1083,0.3185,Low,avg_monthly_transaction_count,5.6942,account_age_days,0.9935,credit_debit_ratio,0.626
8159,0.0567,Low,avg_monthly_transaction_count,3.5542,district_urban_ratio,-0.6755,transaction_trend,0.5531
7997,0.8117,High,avg_monthly_transaction_count,4.4834,avg_standing_order_amount,3.8375,balance_volatility,2.0592
10068,0.8115,High,avg_monthly_transaction_count,4.6106,avg_standing_order_amount,3.398,balance_volatility,2.0471
7437,0.8118,High,avg_monthly_transaction_count,7.2323,account_age_days,1.4984,total_credit_amount,0.8617
2988,0.8113,High,avg_standing_order_amount,3.5527,avg_monthly_transaction_count,2.8484,balance_volatility,2.634
9242,0.8113,High,avg_monthly_transaction_count,5.256,standing_order_count,1.998,avg_standing_order_amount,1.5359
3862,0.8107,High,avg_monthly_transaction_count,6.6591,avg_standing_order_amount,2.5776,balance_volatility,1.1578
6472,0.6903,Medium,avg_monthly_transaction_count,3.0075,standing_order_count,2.1571,avg_standing_order_amount,1.6443
6688,0.8116,High,avg_monthly_transaction_count,8.6201,account_age_days,0.9311,avg_standing_order_amount,-0.7985
9140,0.8117,High,avg_monthly_transaction_count,6.8674,avg_balance,1.5725,account_age_days,1.5647
4447,0.8116,High,avg_standing_order_amount,3.5876,avg_monthly_transaction_count,3.2892,balance_volatility,1.6253
9833,0.8115,High,avg_monthly_transaction_count,6.2248,avg_standing_order_amount,5.1023,balance_volatility,1.0815
8475,0.811,High,avg_monthly_transaction_count,8.1575,transaction_trend,0.9598,district_urban_ratio,0.8394
5991,0.8094,High,avg_monthly_transaction_count,4.6072,avg_standing_order_amount,1.4272,total_transaction_count,1.1338
7176,0.1072,Low,avg_monthly_transaction_count,2.4039,avg_standing_order_amount,1.999,account_age_days,1.0141
3679,0.8112,High,avg_monthly_transaction_count,5.9258,avg_standing_order_amount,4.2081,standing_order_count,1.4296
2824,0.0623,Low,avg_monthly_transaction_count,2.3624,avg_standing_order_amount,1.0534,balance_volatility,0.862
8158,0.8111,High,avg_standing_order_amount,4.6116,avg_monthly_transaction_count,4.4695,balance_volatility,0.9493
2343,0.8108,High,avg_monthly_transaction_count,3.507,avg_standing_order_amount,2.9885,client_age,1.5172
718,0.8118,High,avg_monthly_transaction_count,8.3574,avg_standing_order_amount,3.9438,credit_debit_ratio,1.2471
7926,0.8065,High,avg_monthly_transaction_count,3.536,balance_volatility,3.1663,standing_order_count,1.963
2080,0.8109,High,avg_standing_order_amount,6.1346,avg_monthly_transaction_count,2.634,balance_volatility,0.9752
2143,0.7061,High,avg_standing_order_amount,2.3159,avg_monthly_transaction_count,2.0001,client_age,1.1305
3143,0.811,High,avg_monthly_transaction_count,3.3792,avg_standing_order_amount,3.1382,account_age_days,1.1441
4033,0.8109,High,avg_monthly_transaction_count,3.661,avg_standing_order_amount,1.6462,account_age_days,1.2599
1480,0.8107,High,balance_volatility,3.0096,avg_transaction_amount,2.8434,avg_standing_order_amount,1.5468
3834,0.8118,High,avg_monthly_transaction_count,13.5161,account_age_days,-1.4444,credit_debit_ratio,0.7197
8092,0.1147,Low,avg_balance,1.8871,standing_order_count,1.3011,avg_standing_order_amount,1.2287
7957,0.8118,High,avg_monthly_transaction_count,9.7866,avg_standing_order_amount,3.9774,district_avg_salary,-1.2394
4863,0.8115,High,avg_monthly_transaction_count,6.297,avg_standing_order_amount,4.955,avg_balance,-1.5288
3754,0.8118,High,avg_monthly_transaction_count,11.5124,avg_transaction_amount,0.934,transaction_trend,0.6872
2134,0.056,Low,avg_monthly_transaction_count,3.13,avg_standing_order_amount,-2.3643,transaction_trend,0.5786
11271,0.8115,High,avg_monthly_transaction_count,5.1633,avg_standing_order_amount,2.0071,avg_balance,1.4865
8377,0.8112,High,avg_monthly_transaction_count,4.5524,avg_standing_order_amount,3.0138,balance_volatility,1.4633
349,0.8113,High,avg_balance,2.831,avg_monthly_transaction_count,2.6114,avg_standing_order_amount,2.6001
290,0.8111,High,avg_monthly_transaction_count,6.3632,balance_volatility,1.8413,avg_standing_order_amount,1.5872
2064,0.811,High,avg_standing_order_amount,3.0726,avg_transaction_amount,3.0538,client_age,1.6017
6097,0.056,Low,account_age_days,1.0241,balance_volatility,-0.8775,avg_standing_order_amount,0.7921
6358,0.8115,High,avg_standing_order_amount,4.4397,avg_monthly_transaction_count,3.9861,standing_order_count,1.4821
4937,0.8112,High,avg_monthly_transaction_count,6.559,avg_standing_order_amount,1.6759,balance_volatility,1.4516
8411,0.811,High,avg_monthly_transaction_count,8.2041,avg_standing_order_amount,2.5175,credit_debit_ratio,1.1171
7123,0.7482,High,avg_monthly_transaction_count,4.762,avg_standing_order_amount,4.1468,balance_volatility,1.6836
10650,0.8109,High,avg_standing_order_amount,4.9791,avg_monthly_transaction_count,2.1211,district_avg_salary,1.6994
2055,0.0586,Low,avg_monthly_transaction_count,-3.854,avg_standing_order_amount,2.457,standing_order_count,1.7743
3229,0.7939,High,avg_monthly_transaction_count,4.7237,avg_standing_order_amount,3.999,transaction_trend,-1.665
2699,0.5956,Medium,avg_monthly_transaction_count,3.2673,avg_standing_order_amount,1.5049,credit_debit_ratio,1.0622
8027,0.8116,High,avg_standing_order_amount,3.378,avg_monthly_transaction_count,3.1833,district_avg_salary,1.8318
10063,0.812,High,avg_monthly_transaction_count,11.2513,avg_standing_order_amount,1.6628,credit_debit_ratio,1.1136
10049,0.8118,High,avg_monthly_transaction_count,5.4153,avg_standing_order_amount,2.8164,avg_balance,2.6399
7274,0.8114,High,avg_standing_order_amount,2.6659,balance_volatility,2.1437,avg_monthly_transaction_count,1.705
10493,0.1311,Low,avg_monthly_transaction_count,4.0315,avg_standing_order_amount,2.3388,balance_volatility,1.0304
10613,0.8119,High,avg_standing_order_amount,2.8129,account_age_days,2.5618,avg_transaction_amount,2.2573
10404,0.0562,Low,avg_monthly_transaction_count,5.0853,avg_standing_order_amount,-2.47,account_age_days,0.955
1698,0.8109,High,avg_standing_order_amount,4.7035,avg_monthly_transaction_count,3.6722,standing_order_count,1.2984
4851,0.2246,Low,avg_standing_order_amount,4.1997,avg_monthly_transaction_count,2.6539,avg_transaction_amount,1.1166
1244,0.066,Low,avg_monthly_transaction_count,6.265,avg_standing_order_amount,-3.7612,standing_order_count,1.1117
2142,0.8095,High,avg_standing_order_amount,3.9752,account_age_days,2.2598,standing_order_count,1.5187
8268,0.0603,Low,avg_monthly_transaction_count,4.5876,credit_debit_ratio,-1.0727,avg_standing_order_amount,0.6826
4585,0.8107,High,avg_monthly_transaction_count,3.2603,avg_standing_order_amount,1.5151,avg_transaction_amount,1.4001
6738,0.8103,High,avg_transaction_amount,2.4552,avg_standing_order_amount,1.7695,client_age,1.5568
5541,0.0561,Low,avg_monthly_transaction_count,3.4627,avg_standing_order_amount,-2.8062,avg_transaction_amount,0.696
2350,0.8108,High,avg_monthly_transaction_count,4.8494,avg_standing_order_amount,1.6344,balance_volatility,1.531
3403,0.8114,High,avg_monthly_transaction_count,4.5185,standing_order_count,2.3965,avg_standing_order_amount,1.3865
7523,0.8118,High,avg_monthly_transaction_count,7.1736,avg_standing_order_amount,3.0757,credit_debit_ratio,0.9693
4473,0.811,High,avg_monthly_transaction_count,5.2325,avg_standing_order_amount,2.7221,avg_transaction_amount,0.9508
1886,0.8093,High,avg_monthly_transaction_count,3.3764,avg_standing_order_amount,3.0435,avg_transaction_amount,1.2237
3329,0.8118,High,avg_standing_order_amount,4.8378,avg_monthly_transaction_count,3.4421,standing_order_count,1.1967
501,0.8109,High,avg_monthly_transaction_count,3.5591,balance_volatility,2.3704,avg_standing_order_amount,2.3117
3418,0.8108,High,avg_monthly_transaction_count,5.2478,avg_standing_order_amount,2.4988,standing_order_count,1.5786
8260,0.8109,High,avg_standing_order_amount,3.3858,avg_monthly_transaction_count,2.7369,balance_volatility,1.3507
11327,0.0561,Low,avg_transaction_amount,1.9258,credit_debit_ratio,-1.855,avg_monthly_transaction_count,-1.3369
5837,0.0872,Low,transaction_trend,-2.9436,balance_volatility,2.0896,avg_standing_order_amount,1.879
10280,0.8112,High,avg_standing_order_amount,3.373,avg_transaction_amount,2.851,balance_volatility,1.7843
11042,0.8118,High,avg_monthly_transaction_count,5.2664,avg_standing_order_amount,4.9396,balance_volatility,1.0657
5126,0.8108,High,avg_monthly_transaction_count,4.2092,credit_debit_ratio,1.1272,avg_standing_order_amount,0.9656
1772,0.8107,High,avg_standing_order_amount,4.4113,avg_monthly_transaction_count,4.0705,total_credit_amount,1.3262
6157,0.7269,High,avg_standing_order_amount,4.9268,avg_monthly_transaction_count,4.1004,transaction_trend,-1.8775
10911,0.8119,High,avg_monthly_transaction_count,5.9588,avg_standing_order_amount,4.8405,avg_transaction_amount,1.1064
9455,0.7867,High,avg_monthly_transaction_count,7.2947,avg_standing_order_amount,2.2732,avg_balance,-0.8324
1318,0.8116,High,standing_order_count,3.329,avg_standing_order_amount,2.88,avg_balance,2.34
10079,0.783,High,avg_monthly_transaction_count,2.8697,standing_order_count,2.5327,balance_volatility,1.3205
2516,0.8094,High,avg_standing_order_amount,3.4463,avg_transaction_amount,1.5741,balance_volatility,0.9133
6699,0.81,High,avg_monthly_transaction_count,5.6797,avg_standing_order_amount,4.4977,standing_order_count,1.0939
873,0.8115,High,avg_monthly_transaction_count,4.8176,avg_balance,2.6807,standing_order_count,1.8629
9828,0.8113,High,avg_standing_order_amount,3.1148,avg_monthly_transaction_count,2.3236,avg_transaction_amount,1.8906
8316,0.8119,High,avg_monthly_transaction_count,5.9322,avg_standing_order_amount,4.0983,balance_volatility,1.8213
2073,0.8115,High,avg_transaction_amount,3.035,avg_standing_order_amount,2.8103,account_age_days,1.8456
9030,0.8108,High,avg_monthly_transaction_count,6.8095,transaction_trend,1.2967,avg_transaction_amount,1.0893
6226,0.5015,Medium,avg_standing_order_amount,3.1623,avg_monthly_transaction_count,2.1484,balance_volatility,1.4329
6930,0.8114,High,avg_standing_order_amount,3.7053,avg_transaction_amount,2.7401,avg_monthly_transaction_count,2.0938
5593,0.8112,High,avg_monthly_transaction_count,6.8328,avg_standing_order_amount,2.9298,balance_volatility,1.3147
10411,0.8117,High,avg_monthly_transaction_count,7.2713,avg_standing_order_amount,2.7292,balance_volatility,1.7301
7262,0.061,Low,avg_monthly_transaction_count,2.2623,avg_transaction_amount,0.643,avg_standing_order_amount,0.6375
9225,0.8118,High,avg_monthly_transaction_count,5.7575,balance_volatility,2.0753,avg_standing_order_amount,1.8413
1242,0.8117,High,avg_monthly_transaction_count,11.1286,avg_standing_order_amount,1.8484,transaction_trend,-1.6308
3752,0.0559,Low,avg_transaction_amount,0.8403,district_urban_ratio,-0.6598,avg_monthly_transaction_count,0.6279
2912,0.8111,High,avg_monthly_transaction_count,4.4299,avg_standing_order_amount,3.8914,balance_volatility,1.5189
2000,0.8114,High,avg_monthly_transaction_count,6.8717,client_age,1.5693,account_age_days,1.2272
7636,0.0637,Low,avg_monthly_transaction_count,2.71,credit_debit_ratio,1.2252,balance_volatility,1.2237
7614,0.5389,Medium,avg_standing_order_amount,3.1446,avg_monthly_transaction_count,2.0997,avg_balance,-1.1144
5362,0.8116,High,avg_monthly_transaction_count,5.304,avg_standing_order_amount,5.0587,standing_order_count,1.2234
9159,0.812,High,avg_monthly_transaction_count,13.6746,account_age_days,0.6972,transaction_trend,0.5979
1580,0.8113,High,avg_standing_order_amount,3.1532,balance_volatility,2.0992,avg_monthly_transaction_count,2.015
666,0.7902,High,avg_monthly_transaction_count,7.5712,district_urban_ratio,1.0574,transaction_trend,0.7055
8489,0.8119,High,avg_monthly_transaction_count,6.8334,avg_standing_order_amount,4.9681,standing_order_count,1.1108
1166,0.0643,Low,avg_monthly_transaction_count,2.2537,avg_standing_order_amount,1.4893,account_age_days,-0.9918
4260,0.8109,High,avg_standing_order_amount,3.4566,avg_monthly_transaction_count,1.6654,standing_order_count,1.6075
5572,0.8116,High,avg_standing_order_amount,3.883,balance_volatility,1.9818,account_age_days,1.9024
2694,0.8116,High,avg_monthly_transaction_count,6.2375,avg_standing_order_amount,4.798,account_age_days,-1.1508
4354,0.7555,High,avg_standing_order_amount,3.7267,avg_monthly_transaction_count,2.5957,standing_order_count,1.6958
2754,0.8106,High,avg_monthly_transaction_count,3.7599,avg_standing_order_amount,2.4716,balance_volatility,1.4084
4580,0.7937,High,avg_monthly_transaction_count,5.2399,avg_standing_order_amount,4.623,transaction_trend,-1.2859
5422,0.8115,High,avg_monthly_transaction_count,11.2179,balance_volatility,1.476,avg_standing_order_amount,1.0596
4415,0.812,High,avg_monthly_transaction_count,13.6095,avg_standing_order_amount,1.9229,transaction_trend,-1.0143
7859,0.8109,High,avg_standing_order_amount,3.0287,avg_transaction_amount,2.5259,balance_volatility,2.4643
25,0.8119,High,avg_monthly_transaction_count,12.4742,avg_standing_order_amount,1.0257,credit_debit_ratio,0.9138
1808,0.8105,High,avg_standing_order_amount,3.0395,avg_transaction_amount,2.9135,balance_volatility,2.4602
4948,0.2302,Low,avg_standing_order_amount,1.7649,balance_volatility,1.6216,avg_transaction_amount,1.138
7815,0.8119,High,avg_monthly_transaction_count,12.9605,avg_standing_order_amount,1.5984,avg_transaction_amount,0.7096
10812,0.8114,High,balance_volatility,3.4072,avg_transaction_amount,2.4032,avg_standing_order_amount,1.9173
1811,0.6761,Medium,avg_monthly_transaction_count,4.6247,avg_standing_order_amount,3.0768,credit_debit_ratio,0.9392
8926,0.812,High,avg_monthly_transaction_count,13.9616,avg_standing_order_amount,1.4929,standing_order_count,0.8216
10065,0.8117,High,avg_monthly_transaction_count,6.0639,avg_standing_order_amount,4.1959,district_avg_salary,1.2618
226,0.8108,High,avg_standing_order_amount,3.3243,standing_order_count,2.4849,avg_monthly_transaction_count,1.9908
7485,0.8032,High,avg_standing_order_amount,4.531,avg_monthly_transaction_count,3.843,standing_order_count,1.1994
7606,0.8119,High,avg_monthly_transaction_count,10.9701,avg_standing_order_amount,2.4224,credit_debit_ratio,0.8183
6397,0.8092,High,avg_standing_order_amount,2.3181,avg_monthly_transaction_count,2.1365,avg_transaction_amount,1.9748
3448,0.8109,High,avg_transaction_amount,2.7632,avg_standing_order_amount,2.3919,client_age,2.0969
8330,0.8098,High,avg_monthly_transaction_count,4.9145,avg_transaction_amount,1.0855,transaction_trend,1.0038
8919,0.799,High,avg_monthly_transaction_count,7.3168,standing_order_count,1.9803,account_age_days,1.3672
7546,0.8099,High,avg_monthly_transaction_count,6.6502,credit_debit_ratio,1.3346,avg_transaction_amount,1.0006
7454,0.8114,High,avg_monthly_transaction_count,4.4748,avg_balance,2.7923,credit_debit_ratio,1.5224
3005,0.0661,Low,avg_standing_order_amount,3.4626,avg_monthly_transaction_count,-2.9476,balance_volatility,1.5141
4361,0.7986,High,avg_standing_order_amount,2.9611,avg_monthly_transaction_count,2.5998,avg_transaction_amount,1.5783
9104,0.8115,High,avg_monthly_transaction_count,5.376,avg_standing_order_amount,2.6236,standing_order_count,1.7597
276,0.0561,Low,account_age_days,-1.8188,avg_monthly_transaction_count,-1.5733,avg_standing_order_amount,1.2049
5133,0.3563,Low,avg_monthly_transaction_count,5.7296,account_age_days,0.8813,balance_volatility,0.8345
5698,0.8107,High,avg_standing_order_amount,5.0625,avg_monthly_transaction_count,2.7456,avg_transaction_amount,1.5878
11027,0.8106,High,avg_monthly_transaction_count,2.8667,avg_standing_order_amount,1.8939,transaction_trend,1.4488
4467,0.0565,Low,avg_transaction_amount,1.3837,avg_monthly_transaction_count,-1.2534,account_age_days,1.0797
7632,0.4329,Medium,avg_standing_order_amount,3.2385,standing_order_count,1.7705,avg_monthly_transaction_count,1.2041
6495,0.811,High,avg_standing_order_amount,3.9528,avg_monthly_transaction_count,3.0604,standing_order_count,1.8359
1498,0.6511,Medium,avg_monthly_transaction_count,2.3677,balance_volatility,1.879,account_age_days,1.5602
7133,0.8116,High,avg_monthly_transaction_count,12.1704,avg_standing_order_amount,-2.6739,standing_order_count,1.4331
10973,0.7358,High,avg_monthly_transaction_count,3.7032,balance_volatility,2.2012,standing_order_count,1.978
2018,0.8114,High,avg_balance,2.993,avg_standing_order_amount,2.2198,avg_monthly_transaction_count,2.0113
4746,0.8115,High,avg_monthly_transaction_count,4.4564,balance_volatility,2.8782,avg_standing_order_amount,2.1504
938,0.0558,Low,avg_transaction_amount,-1.4472,avg_monthly_transaction_count,-1.329,account_age_days,-1.2776
309,0.8113,High,avg_standing_order_amount,3.2697,avg_transaction_amount,3.1255,client_age,1.4181
1718,0.0559,Low,avg_monthly_transaction_count,-1.3802,balance_volatility,1.1203,account_age_days,0.836
7045,0.0983,Low,avg_standing_order_amount,2.5025,avg_transaction_amount,2.1919,district_avg_salary,-1.4496
816,0.8109,High,avg_monthly_transaction_count,4.6229,avg_standing_order_amount,2.4342,balance_volatility,1.4145
11069,0.8111,High,avg_monthly_transaction_count,2.827,balance_volatility,2.2728,avg_transaction_amount,2.0949
9433,0.8105,High,avg_transaction_amount,2.9031,avg_standing_order_amount,2.7004,account_age_days,1.8319
4337,0.7551,High,avg_monthly_transaction_count,3.5996,standing_order_count,2.4341,avg_transaction_amount,1.4564
7445,0.11,Low,min_balance_ever,-4.1503,avg_monthly_transaction_count,3.9,standing_order_count,1.7099
378,0.8117,High,avg_monthly_transaction_count,12.259,avg_balance,-1.0437,avg_standing_order_amount,0.8042
9093,0.7812,High,avg_monthly_transaction_count,7.5325,credit_debit_ratio,1.0226,avg_transaction_amount,1.0083
3489,0.8096,High,avg_monthly_transaction_count,3.0866,avg_standing_order_amount,1.9798,transaction_trend,1.7576
9859,0.8112,High,avg_monthly_transaction_count,6.393,district_urban_ratio,1.1884,account_age_days,1.1584
11359,0.8109,High,avg_monthly_transaction_count,5.6098,avg_standing_order_amount,2.233,credit_debit_ratio,1.1298
4052,0.811,High,avg_transaction_amount,2.1618,avg_standing_order_amount,2.1019,account_age_days,1.7552
9631,0.8114,High,avg_monthly_transaction_count,2.619,avg_standing_order_amount,2.0971,avg_transaction_amount,1.8429
7990,0.8109,High,avg_standing_order_amount,4.8758,avg_monthly_transaction_count,4.6199,balance_volatility,1.2834
6510,0.8113,High,avg_monthly_transaction_count,4.855,avg_standing_order_amount,2.4363,standing_order_count,1.6544
2725,0.8114,High,avg_monthly_transaction_count,7.2021,account_age_days,1.3442,total_debit_amount,0.8946
10799,0.0558,Low,avg_transaction_amount,-1.1009,standing_order_count,1.0992,account_age_days,0.9754
6792,0.071,Low,avg_monthly_transaction_count,6.9481,avg_standing_order_amount,-2.2878,account_age_days,0.8023
4476,0.8098,High,avg_monthly_transaction_count,7.5273,credit_debit_ratio,1.227,min_balance_ever,0.5829
1906,0.811,High,avg_monthly_transaction_count,4.3912,avg_standing_order_amount,2.1103,balance_volatility,1.8186
2962,0.8113,High,avg_monthly_transaction_count,3.6812,standing_order_count,2.6732,balance_volatility,1.5036
2279,0.0895,Low,avg_standing_order_amount,2.712,balance_volatility,2.0565,district_avg_salary,-1.2521
7753,0.109,Low,avg_monthly_transaction_count,3.3175,transaction_trend,-2.4691,balance_volatility,2.3727
11362,0.8115,High,avg_monthly_transaction_count,11.9348,credit_debit_ratio,0.8764,district_avg_salary,-0.7299
6148,0.789,High,avg_monthly_transaction_count,5.1418,avg_standing_order_amount,4.2756,avg_balance,-1.4288
10645,0.0596,Low,avg_transaction_amount,-1.7262,avg_standing_order_amount,1.725,avg_balance,-1.5293
3353,0.8116,High,avg_monthly_transaction_count,7.4567,avg_standing_order_amount,3.0679,credit_debit_ratio,1.4461
9422,0.8115,High,avg_monthly_transaction_count,7.5859,avg_standing_order_amount,2.1102,balance_volatility,1.2398
9591,0.8113,High,avg_monthly_transaction_count,4.7933,avg_standing_order_amount,3.4437,balance_volatility,1.5562
4144,0.8115,High,avg_standing_order_amount,4.6519,avg_monthly_transaction_count,3.4613,balance_volatility,1.4752
4413,0.797,High,avg_standing_order_amount,4.3603,avg_monthly_transaction_count,3.5908,avg_transaction_amount,1.0038
2986,0.4616,Medium,avg_monthly_transaction_count,4.174,transaction_trend,0.807,avg_transaction_amount,0.7962
1638,0.8112,High,avg_standing_order_amount,4.2241,avg_transaction_amount,2.1475,avg_monthly_transaction_count,-1.9372
5305,0.0582,Low,avg_monthly_transaction_count,-2.1431,avg_transaction_amount,1.1647,balance_volatility,0.8639
319,0.8113,High,avg_monthly_transaction_count,11.71,avg_balance,-1.2346,avg_transaction_amount,0.9516
7674,0.8114,High,avg_monthly_transaction_count,8.7842,avg_standing_order_amount,2.8924,balance_volatility,1.062
173,0.812,High,avg_monthly_transaction_count,12.7275,avg_standing_order_amount,1.9146,district_avg_salary,-0.9363
6985,0.2812,Low,avg_standing_order_amount,4.4299,avg_monthly_transaction_count,3.545,transaction_trend,-2.9706
8094,0.8114,High,avg_standing_order_amount,5.0529,avg_monthly_transaction_count,2.4946,account_age_days,1.3207
4550,0.8111,High,avg_monthly_transaction_count,7.6905,account_age_days,1.0819,client_age,0.8846
8680,0.8068,High,avg_monthly_transaction_count,5.3233,avg_standing_order_amount,2.895,avg_balance,2.6405
2334,0.8112,High,avg_standing_order_amount,5.2231,avg_monthly_transaction_count,4.3333,standing_order_count,1.1732
4825,0.8115,High,avg_standing_order_amount,3.503,avg_transaction_amount,2.8653,standing_order_count,1.7201
330,0.8104,High,avg_standing_order_amount,2.7916,avg_transaction_amount,2.4548,avg_monthly_transaction_count,-1.5364
6062,0.8118,High,avg_monthly_transaction_count,5.318,avg_standing_order_amount,4.2109,balance_volatility,1.2592
9731,0.727,High,avg_monthly_transaction_count,4.2895,avg_standing_order_amount,1.7435,avg_transaction_amount,0.7891
1843,0.8102,High,avg_monthly_transaction_count,3.59,avg_standing_order_amount,3.0629,total_transaction_count,1.439
10445,0.0559,Low,avg_balance,-2.2422,avg_monthly_transaction_count,1.7698,account_age_days,0.7833
8127,0.8119,High,avg_standing_order_amount,5.613,avg_monthly_transaction_count,5.5663,balance_volatility,1.2893
3161,0.0563,Low,avg_monthly_transaction_count,-4.0811,balance_volatility,1.5755,avg_transaction_amount,0.8743
7156,0.8116,High,avg_standing_order_amount,2.3527,avg_monthly_transaction_count,2.2003,account_age_days,2.1859
9504,0.088,Low,avg_standing_order_amount,2.3391,balance_volatility,1.8308,avg_monthly_transaction_count,-1.1799
3021,0.0562,Low,avg_transaction_amount,1.5691,avg_monthly_transaction_count,-1.0959,credit_debit_ratio,0.6499
8173,0.6075,Medium,avg_standing_order_amount,3.1603,avg_monthly_transaction_count,2.4267,balance_volatility,1.0815
7180,0.8117,High,avg_standing_order_amount,4.399,avg_monthly_transaction_count,2.4691,balance_volatility,1.5309
10148,0.0572,Low,avg_monthly_transaction_count,2.846,credit_debit_ratio,-1.8026,district_urban_ratio,-0.9574
1876,0.8104,High,avg_monthly_transaction_count,2.9475,avg_standing_order_amount,2.2522,account_age_days,1.956
10257,0.8111,High,avg_monthly_transaction_count,6.8906,avg_standing_order_amount,3.8287,avg_transaction_amount,-1.4604
9265,0.812,High,avg_monthly_transaction_count,11.8073,avg_standing_order_amount,3.1239,account_age_days,-1.0059
7049,0.2466,Low,balance_volatility,1.8353,avg_transaction_amount,1.8225,avg_monthly_transaction_count,-1.6551
817,0.811,High,avg_standing_order_amount,5.0064,avg_monthly_transaction_count,3.3292,standing_order_count,1.3215
10630,0.6867,Medium,avg_monthly_transaction_count,3.8989,avg_standing_order_amount,3.8173,standing_order_count,1.3709
7733,0.7972,High,avg_standing_order_amount,3.167,avg_monthly_transaction_count,3.0142,district_avg_salary,1.0242
3674,0.8118,High,avg_monthly_transaction_count,6.6451,avg_standing_order_amount,5.0599,balance_volatility,1.3125
10738,0.8113,High,avg_monthly_transaction_count,6.7367,balance_volatility,2.1132,avg_standing_order_amount,2.0962
1967,0.8046,High,avg_standing_order_amount,5.6255,avg_monthly_transaction_count,2.7928,avg_transaction_amount,1.1022
4533,0.0701,Low,avg_standing_order_amount,4.3975,avg_monthly_transaction_count,3.1309,avg_transaction_amount,-2.0375
7965,0.8116,High,avg_standing_order_amount,5.226,avg_monthly_transaction_count,4.0123,balance_volatility,1.4482
4803,0.0561,Low,standing_order_count,1.4948,avg_transaction_amount,-1.2445,balance_volatility,-0.7666
9307,0.8119,High,avg_monthly_transaction_count,11.2833,avg_standing_order_amount,1.5217,balance_volatility,0.9456
11231,0.8118,High,avg_standing_order_amount,5.2086,avg_monthly_transaction_count,4.8448,balance_volatility,1.4863
303,0.8107,High,avg_monthly_transaction_count,2.5081,avg_standing_order_amount,1.8995,account_age_days,1.4172
2165,0.7984,High,avg_standing_order_amount,3.9343,avg_monthly_transaction_count,3.1761,standing_order_count,1.646
9656,0.8091,High,avg_monthly_transaction_count,6.1017,avg_standing_order_amount,4.5474,standing_order_count,1.3446
4293,0.3966,Low,avg_standing_order_amount,2.4232,avg_monthly_transaction_count,1.6547,balance_volatility,1.0022
1071,0.811,High,balance_volatility,2.4274,avg_monthly_transaction_count,2.0548,avg_standing_order_amount,1.9411
2486,0.8113,High,avg_monthly_transaction_count,4.8285,standing_order_count,2.2622,avg_transaction_amount,1.316
8742,0.8111,High,avg_monthly_transaction_count,8.4713,account_age_days,1.0739,transaction_trend,1.0625
3354,0.811,High,avg_monthly_transaction_count,7.8506,avg_standing_order_amount,-1.328,credit_debit_ratio,0.972
2322,0.8119,High,avg_monthly_transaction_count,12.8268,credit_debit_ratio,0.8321,avg_standing_order_amount,-0.7815
6353,0.8099,High,avg_monthly_transaction_count,5.2948,avg_standing_order_amount,1.38,credit_debit_ratio,1.2101
5794,0.8115,High,balance_volatility,3.7481,avg_transaction_amount,3.059,avg_standing_order_amount,2.4875
846,0.7731,High,avg_monthly_transaction_count,4.1853,avg_standing_order_amount,2.3113,balance_volatility,1.9846
11138,0.811,High,avg_monthly_transaction_count,6.1761,balance_volatility,2.3659,avg_standing_order_amount,2.3031
344,0.8078,High,avg_monthly_transaction_count,3.6518,avg_standing_order_amount,1.7747,avg_transaction_amount,1.1269
7745,0.6615,Medium,avg_standing_order_amount,4.6491,avg_monthly_transaction_count,2.6222,transaction_trend,-2.2069
3543,0.0558,Low,avg_monthly_transaction_count,-3.4306,avg_transaction_amount,-1.7493,balance_volatility,-0.8103
36,0.0564,Low,account_age_days,-1.5918,avg_transaction_amount,0.9785,avg_standing_order_amount,0.6531
2076,0.0558,Low,avg_standing_order_amount,-2.2777,avg_transaction_amount,-1.0552,client_age,-0.5643
3898,0.0558,Low,avg_monthly_transaction_count,-2.3322,avg_transaction_amount,-1.3996,credit_debit_ratio,-0.9031
793,0.0559,Low,avg_standing_order_amount,-3.6381,avg_monthly_transaction_count,3.438,account_age_days,-2.0499
2005,0.0558,Low,avg_standing_order_amount,-3.101,avg_monthly_transaction_count,3.068,credit_debit_ratio,-1.5284
2898,0.0564,Low,avg_monthly_transaction_count,-2.4151,avg_transaction_amount,1.5784,account_age_days,1.1953
691,0.0558,Low,avg_monthly_transaction_count,-4.0575,avg_balance,0.9945,avg_standing_order_amount,0.8833
1393,0.0558,Low,avg_monthly_transaction_count,-3.8906,balance_volatility,-0.9486,account_age_days,0.6432
678,0.0615,Low,avg_monthly_transaction_count,3.8541,avg_standing_order_amount,-3.0901,district_avg_salary,-1.4497
3561,0.0558,Low,avg_monthly_transaction_count,-3.2881,avg_transaction_amount,-1.6951,account_age_days,1.011
3049,0.056,Low,avg_transaction_amount,-2.1202,avg_monthly_transaction_count,1.3086,credit_debit_ratio,-1.2823
4026,0.2534,Low,avg_monthly_transaction_count,2.4146,avg_standing_order_amount,2.3993,avg_transaction_amount,0.9724
1137,0.0558,Low,avg_monthly_transaction_count,-3.6627,avg_transaction_amount,-1.7174,balance_volatility,-0.6439
807,0.0559,Low,avg_standing_order_amount,-1.5086,credit_debit_ratio,0.6681,avg_transaction_amount,0.6006
10656,0.0558,Low,min_balance_ever,-4.3982,avg_standing_order_amount,-2.1636,avg_transaction_amount,1.4987
665,0.0562,Low,credit_debit_ratio,-2.1576,avg_monthly_transaction_count,1.8775,balance_volatility,1.2682
608,0.0558,Low,avg_monthly_transaction_count,-3.6947,avg_transaction_amount,-1.2942,avg_standing_order_amount,0.8707
633,0.0558,Low,avg_monthly_transaction_count,-3.6433,balance_volatility,-0.8236,avg_balance,0.7687
3673,0.0558,Low,avg_transaction_amount,-2.6667,avg_standing_order_amount,1.2437,avg_monthly_transaction_count,-1.0291
3687,0.0558,Low,avg_monthly_transaction_count,-2.029,avg_transaction_amount,0.7715,account_age_days,-0.5063
3521,0.056,Low,avg_standing_order_amount,-3.9087,avg_monthly_transaction_count,2.3077,balance_volatility,2.1453
3524,0.0558,Low,avg_monthly_transaction_count,-3.6229,account_age_days,0.9073,avg_transaction_amount,-0.8901
3533,0.0558,Low,avg_transaction_amount,-2.5767,avg_monthly_transaction_count,-1.4029,balance_volatility,-1.2361
3922,0.0559,Low,avg_monthly_transaction_count,-3.741,account_age_days,2.3166,avg_standing_order_amount,0.8215
3918,0.0559,Low,avg_monthly_transaction_count,-2.8676,total_debit_amount,0.5265,account_age_days,-0.5181
433,0.0558,Low,avg_monthly_transaction_count,-2.3096,avg_standing_order_amount,-2.051,transaction_trend,-1.6172
415,0.0558,Low,account_age_days,-2.2009,avg_monthly_transaction_count,-1.8012,avg_transaction_amount,0.6989
5505,0.0562,Low,min_balance_ever,-5.7802,balance_volatility,2.6045,avg_monthly_transaction_count,1.2897
3090,0.0565,Low,transaction_trend,-3.0266,avg_monthly_transaction_count,2.8606,avg_standing_order_amount,1.4464
2997,0.0558,Low,avg_transaction_amount,-2.5539,balance_volatility,-1.3867,avg_standing_order_amount,1.317
3013,0.0558,Low,avg_monthly_transaction_count,-3.3513,avg_balance,1.1279,avg_transaction_amount,-1.0029
1228,0.0558,Low,avg_monthly_transaction_count,-3.4959,avg_transaction_amount,-2.0089,client_age,-0.7743
1214,0.0559,Low,avg_monthly_transaction_count,-3.2851,avg_transaction_amount,1.4516,account_age_days,0.8883
1226,0.0558,Low,avg_monthly_transaction_count,-3.8311,balance_volatility,-0.7355,avg_standing_order_amount,0.6012
1356,0.0558,Low,avg_monthly_transaction_count,-2.6079,avg_standing_order_amount,-2.2834,standing_order_count,-0.8184
1057,0.0558,Low,avg_monthly_transaction_count,-3.6782,avg_transaction_amount,-1.3404,avg_standing_order_amount,0.7584
1067,0.0583,Low,avg_monthly_transaction_count,3.1862,avg_standing_order_amount,2.3917,avg_transaction_amount,-1.8302
1056,0.136,Low,avg_monthly_transaction_count,-2.9193,avg_transaction_amount,2.0519,balance_volatility,2.0234
1087,0.0558,Low,avg_monthly_transaction_count,-2.7979,avg_standing_order_amount,-2.566,avg_transaction_amount,1.4284
4330,0.121,Low,avg_monthly_transaction_count,1.8118,balance_volatility,1.4479,avg_standing_order_amount,1.2879
3977,0.0558,Low,avg_monthly_transaction_count,-3.5625,avg_transaction_amount,-1.2182,avg_standing_order_amount,0.7888
3944,0.0565,Low,avg_monthly_transaction_count,2.0856,avg_transaction_amount,0.906,district_unemployment_rate,-0.7864
3975,0.0558,Low,avg_monthly_transaction_count,-3.5135,avg_transaction_amount,-1.9864,balance_volatility,-0.5364
2328,0.0559,Low,avg_transaction_amount,-1.5285,avg_monthly_transaction_count,-1.3133,standing_order_count,1.0174
2341,0.0558,Low,avg_standing_order_amount,-1.5428,avg_transaction_amount,-1.3954,client_age,0.8662
894,0.0558,Low,avg_monthly_transaction_count,-4.0079,avg_standing_order_amount,1.1338,transaction_trend,1.087
1704,0.0558,Low,avg_monthly_transaction_count,-3.3756,balance_volatility,-0.9176,client_age,-0.5666
1688,0.0558,Low,avg_monthly_transaction_count,-3.2382,avg_transaction_amount,-1.4352,account_age_days,-1.3668
1799,0.0558,Low,avg_monthly_transaction_count,-4.0612,avg_transaction_amount,-1.3258,client_age,0.8366
2493,0.0559,Low,avg_monthly_transaction_count,-1.664,account_age_days,-1.5897,balance_volatility,1.2271
2513,0.0558,Low,avg_transaction_amount,-1.9459,avg_monthly_transaction_count,-1.7435,account_age_days,-0.8594
3406,0.0558,Low,avg_monthly_transaction_count,-3.5338,min_balance_ever,1.0622,account_age_days,-0.8518
3401,0.0568,Low,avg_monthly_transaction_count,-3.4761,balance_volatility,1.6277,avg_transaction_amount,0.9525
3429,0.0558,Low,avg_standing_order_amount,-2.6299,avg_monthly_transaction_count,1.841,avg_transaction_amount,-0.9979
3408,0.0558,Low,avg_standing_order_amount,-2.8275,avg_monthly_transaction_count,-2.751,avg_transaction_amount,1.7076
3428,0.0558,Low,avg_monthly_transaction_count,-2.8871,avg_standing_order_amount,-2.7446,avg_transaction_amount,1.1925
3373,0.0738,Low,avg_standing_order_amount,1.4282,avg_transaction_amount,1.0026,standing_order_count,0.6663
2407,0.0559,Low,avg_monthly_transaction_count,-2.1043,balance_volatility,-1.2954,transaction_trend,0.5107
4659,0.0558,Low,min_balance_ever,-3.494,avg_standing_order_amount,-2.4712,district_urban_ratio,1.0818
4130,0.0558,Low,min_balance_ever,-3.602,avg_standing_order_amount,-2.9891,avg_monthly_transaction_count,-2.0715
2022,0.0558,Low,avg_monthly_transaction_count,-3.6846,avg_transaction_amount,-1.7719,balance_volatility,-1.0506
739,0.0564,Low,avg_monthly_transaction_count,-2.1954,avg_transaction_amount,1.4094,credit_debit_ratio,0.5569
3200,0.0558,Low,avg_standing_order_amount,-3.2777,balance_volatility,3.0047,avg_monthly_transaction_count,-2.4447
186,0.8068,High,avg_standing_order_amount,3.0862,avg_monthly_transaction_count,2.5158,avg_transaction_amount,2.2903
3589,0.0575,Low,avg_monthly_transaction_count,1.7726,avg_transaction_amount,1.5212,avg_standing_order_amount,1.3114
2013,0.0558,Low,avg_standing_order_amount,-3.2943,avg_monthly_transaction_count,-2.5874,balance_volatility,1.0685
737,0.0558,Low,avg_monthly_transaction_count,-3.6148,avg_transaction_amount,-1.6034,balance_volatility,-0.8222
215,0.0558,Low,avg_monthly_transaction_count,-3.3902,avg_transaction_amount,-1.4455,credit_debit_ratio,-0.9744
2256,0.0558,Low,avg_monthly_transaction_count,-3.7478,account_age_days,-1.503,avg_transaction_amount,-1.1788
773,0.0558,Low,min_balance_ever,-3.9459,avg_standing_order_amount,-3.6993,avg_monthly_transaction_count,3.2053
3582,0.0558,Low,avg_monthly_transaction_count,-3.1387,avg_transaction_amount,-2.0885,avg_balance,-0.6641
1403,0.0558,Low,avg_monthly_transaction_count,-2.345,avg_transaction_amount,1.1767,district_avg_salary,-1.0245
1417,0.056,Low,balance_volatility,2.1968,avg_balance,-1.4277,avg_monthly_transaction_count,-0.794
359,0.0558,Low,avg_monthly_transaction_count,-3.827,balance_volatility,-0.9954,avg_standing_order_amount,0.8367
304,0.0559,Low,avg_monthly_transaction_count,-2.1803,avg_standing_order_amount,-1.6319,balance_volatility,1.2023
178,0.0558,Low,avg_monthly_transaction_count,-2.3129,avg_standing_order_amount,-1.7223,account_age_days,1.1489
1145,0.0558,Low,avg_standing_order_amount,-2.491,avg_transaction_amount,-1.5034,account_age_days,-0.6495
2297,0.0559,Low,avg_standing_order_amount,-3.9231,avg_monthly_transaction_count,1.8319,avg_transaction_amount,-0.9282
1871,0.0559,Low,avg_standing_order_amount,-2.1844,avg_monthly_transaction_count,-0.9941,avg_transaction_amount,0.8435
2718,0.0558,Low,avg_standing_order_amount,-2.3324,avg_monthly_transaction_count,-2.0867,transaction_trend,-1.9896
3833,0.1105,Low,avg_standing_order_amount,3.9507,avg_monthly_transaction_count,-2.8438,balance_volatility,2.4856
477,0.0559,Low,avg_standing_order_amount,-3.0947,avg_monthly_transaction_count,1.9947,avg_transaction_amount,0.8638
2654,0.0558,Low,avg_monthly_transaction_count,-3.7633,avg_standing_order_amount,0.9051,balance_volatility,-0.896
2993,0.056,Low,avg_standing_order_amount,-3.5794,avg_monthly_transaction_count,1.6958,avg_transaction_amount,1.0333
1198,0.0558,Low,avg_standing_order_amount,-2.6388,avg_monthly_transaction_count,-2.021,avg_transaction_amount,1.7279
6512,0.0558,Low,min_balance_ever,-4.0781,avg_standing_order_amount,-2.342,avg_transaction_amount,1.4457
1448,0.0558,Low,avg_monthly_transaction_count,-3.0831,avg_standing_order_amount,2.3821,avg_transaction_amount,-1.6113
1988,0.0558,Low,avg_monthly_transaction_count,-2.4287,avg_transaction_amount,-1.5119,credit_debit_ratio,-1.3911
2436,0.0559,Low,avg_monthly_transaction_count,-2.3591,avg_standing_order_amount,-1.6725,transaction_trend,1.2834
1453,0.0565,Low,avg_monthly_transaction_count,3.5146,avg_standing_order_amount,1.9579,avg_transaction_amount,-1.7739
2929,0.0596,Low,avg_monthly_transaction_count,4.3476,avg_standing_order_amount,4.2727,avg_balance,-3.0099
671,0.0558,Low,avg_standing_order_amount,-2.3677,account_age_days,2.2364,avg_monthly_transaction_count,-1.9857
586,0.0558,Low,avg_monthly_transaction_count,-2.6698,avg_standing_order_amount,-2.0174,client_age,0.6113
2926,0.0559,Low,avg_monthly_transaction_count,4.9818,avg_standing_order_amount,-4.0024,account_age_days,-1.2977
223,0.0559,Low,avg_monthly_transaction_count,-2.5737,avg_standing_order_amount,-2.2674,client_age,1.4475
1721,0.0558,Low,avg_monthly_transaction_count,-2.4272,avg_standing_order_amount,-1.6042,avg_transaction_amount,-0.9885
3949,0.0558,Low,avg_monthly_transaction_count,-2.649,avg_standing_order_amount,-1.8034,client_age,0.7689
3417,0.0558,Low,avg_standing_order_amount,-1.9715,avg_transaction_amount,-1.1601,standing_order_count,-0.6172
3445,0.0558,Low,avg_monthly_transaction_count,-2.3592,avg_standing_order_amount,-1.9932,avg_transaction_amount,1.0724
3314,0.0558,Low,avg_standing_order_amount,-2.9586,avg_monthly_transaction_count,-2.106,transaction_trend,-2.0697
3573,0.0558,Low,avg_standing_order_amount,-2.2229,avg_monthly_transaction_count,-2.0833,credit_debit_ratio,-1.138
2925,0.0558,Low,avg_monthly_transaction_count,-2.5663,account_age_days,-2.5479,balance_volatility,-0.946
3509,0.0558,Low,avg_monthly_transaction_count,-3.5735,avg_transaction_amount,-1.1457,account_age_days,-0.9424
4385,0.0558,Low,transaction_trend,-1.8818,avg_standing_order_amount,-1.8234,avg_monthly_transaction_count,-1.4313
1330,0.0558,Low,avg_standing_order_amount,-4.0668,min_balance_ever,-3.8628,avg_transaction_amount,-0.8988
2630,0.0558,Low,avg_monthly_transaction_count,-2.4874,avg_standing_order_amount,-2.2397,avg_transaction_amount,1.6003
3742,0.0558,Low,avg_monthly_transaction_count,-3.7249,avg_transaction_amount,-1.3544,avg_standing_order_amount,1.0319
6,0.0558,Low,avg_monthly_transaction_count,-3.5122,balance_volatility,-1.257,avg_standing_order_amount,0.7765
3868,0.0558,Low,avg_monthly_transaction_count,-3.4434,avg_transaction_amount,-0.9685,account_age_days,-0.8332
1152,0.0558,Low,avg_monthly_transaction_count,-3.3967,avg_transaction_amount,-1.5552,account_age_days,-0.7375
2293,0.0558,Low,avg_monthly_transaction_count,-3.6715,account_age_days,-1.6591,client_age,-0.8792
1941,0.0558,Low,avg_monthly_transaction_count,-2.656,avg_standing_order_amount,-2.5267,avg_transaction_amount,1.1396
461,0.0559,Low,account_age_days,-1.659,avg_transaction_amount,-1.6035,avg_standing_order_amount,1.3846
761,0.0558,Low,avg_monthly_transaction_count,-2.5611,avg_standing_order_amount,-2.3863,avg_transaction_amount,-1.4111
1023,0.0559,Low,avg_monthly_transaction_count,-2.707,avg_standing_order_amount,-2.2617,avg_transaction_amount,1.687
1047,0.0559,Low,avg_monthly_transaction_count,-2.7716,balance_volatility,-0.7099,district_crimes_count,0.6157
451,0.0558,Low,avg_monthly_transaction_count,-2.7298,avg_standing_order_amount,2.4523,avg_transaction_amount,-1.5073
740,0.0558,Low,avg_monthly_transaction_count,-2.2634,avg_standing_order_amount,-2.1422,avg_transaction_amount,-1.2043
69,0.0558,Low,avg_standing_order_amount,-1.669,transaction_trend,-1.4345,credit_debit_ratio,-1.0875
4204,0.0558,Low,avg_monthly_transaction_count,-2.3353,avg_standing_order_amount,-2.234,transaction_trend,-1.5787
2217,0.0558,Low,avg_monthly_transaction_count,-2.4693,avg_standing_order_amount,-2.3401,transaction_trend,-1.7017
262,0.0558,Low,avg_monthly_transaction_count,-2.8849,avg_standing_order_amount,-1.6731,credit_debit_ratio,-0.7769
708,0.0558,Low,avg_monthly_transaction_count,-2.8054,avg_standing_order_amount,-2.4971,client_age,0.8158
2791,0.0558,Low,avg_monthly_transaction_count,-3.309,avg_standing_order_amount,1.2308,credit_debit_ratio,-0.6803
1464,0.0558,Low,avg_standing_order_amount,-4.0259,balance_volatility,2.1779,avg_monthly_transaction_count,1.9309
109,0.0558,Low,avg_standing_order_amount,-2.101,avg_transaction_amount,-1.5679,account_age_days,0.8266
41,0.0558,Low,avg_standing_order_amount,-2.7571,avg_monthly_transaction_count,-2.442,avg_transaction_amount,1.4652
316,0.0559,Low,avg_standing_order_amount,-3.9201,account_age_days,1.0881,avg_monthly_transaction_count,1.0196
2888,0.0558,Low,avg_transaction_amount,-1.8045,avg_monthly_transaction_count,-1.3276,avg_balance,1.0949
2019,0.0559,Low,avg_standing_order_amount,-2.7051,credit_debit_ratio,-1.3868,avg_transaction_amount,-1.236
20,0.0558,Low,avg_monthly_transaction_count,-3.2574,avg_transaction_amount,-1.6265,credit_debit_ratio,-1.2811
1563,0.0558,Low,avg_monthly_transaction_count,-2.8026,avg_standing_order_amount,-2.3289,credit_debit_ratio,-0.7504
3446,0.0566,Low,balance_volatility,2.1532,avg_monthly_transaction_count,2.1071,avg_transaction_amount,-1.2825
3818,0.0579,Low,avg_monthly_transaction_count,4.696,account_age_days,-2.7479,avg_standing_order_amount,0.7328
281,0.0559,Low,avg_monthly_transaction_count,-1.4295,credit_debit_ratio,-1.2107,avg_transaction_amount,1.0057
2500,0.0558,Low,avg_monthly_transaction_count,-2.6924,avg_standing_order_amount,-1.9793,avg_transaction_amount,-0.7869
3564,0.0558,Low,avg_monthly_transaction_count,-3.0043,avg_standing_order_amount,-1.6957,credit_debit_ratio,-1.176
2243,0.0582,Low,avg_monthly_transaction_count,2.2152,credit_debit_ratio,0.896,avg_transaction_amount,0.8202
126,0.1453,Low,balance_volatility,2.4679,avg_monthly_transaction_count,-2.1201,avg_standing_order_amount,2.0501
1894,0.0558,Low,avg_monthly_transaction_count,-3.058,avg_standing_order_amount,-2.5799,standing_order_count,-0.6991
1542,0.0559,Low,avg_monthly_transaction_count,-3.5225,transaction_trend,1.3287,avg_standing_order_amount,0.8798
1539,0.0558,Low,min_balance_ever,-4.506,avg_standing_order_amount,-3.5274,account_age_days,-2.0196
3789,0.0569,Low,avg_standing_order_amount,-2.1358,balance_volatility,2.1106,avg_monthly_transaction_count,-1.8564
4034,0.0558,Low,min_balance_ever,-3.5871,avg_monthly_transaction_count,-2.1226,avg_standing_order_amount,-1.7101
923,0.0558,Low,avg_transaction_amount,-1.7284,avg_monthly_transaction_count,-1.5527,balance_volatility,-0.8023
2219,0.7731,High,avg_monthly_transaction_count,4.6325,balance_volatility,2.2362,avg_standing_order_amount,2.1808
832,0.0558,Low,avg_monthly_transaction_count,-3.6405,avg_transaction_amount,-1.5145,credit_debit_ratio,-1.3973
3677,0.0558,Low,avg_monthly_transaction_count,-2.9678,avg_transaction_amount,-1.8359,avg_balance,0.6312
3615,0.0559,Low,avg_monthly_transaction_count,-2.2413,account_age_days,0.7776,district_crimes_count,0.7715
616,0.0559,Low,avg_monthly_transaction_count,-1.4099,balance_volatility,-1.1168,avg_standing_order_amount,0.9027
446,0.0571,Low,avg_standing_order_amount,1.2871,account_age_days,-0.9253,credit_debit_ratio,0.6086
2299,0.0558,Low,min_balance_ever,-3.5107,avg_monthly_transaction_count,-2.203,avg_standing_order_amount,-1.9185
1328,0.056,Low,avg_monthly_transaction_count,-1.8404,balance_volatility,1.3349,client_age,-0.594
1818,0.0559,Low,avg_monthly_transaction_count,-2.6909,avg_standing_order_amount,-2.3905,avg_transaction_amount,1.5797
3307,0.0558,Low,avg_standing_order_amount,-3.6792,transaction_trend,-2.1886,avg_monthly_transaction_count,1.7295
3943,0.0558,Low,avg_monthly_transaction_count,-3.644,avg_transaction_amount,-1.5514,credit_debit_ratio,-1.2815
2675,0.0558,Low,avg_monthly_transaction_count,-2.4395,avg_standing_order_amount,-2.3116,client_age,1.5783
3351,0.0558,Low,avg_monthly_transaction_count,-3.557,avg_transaction_amount,-1.4598,balance_volatility,-0.9934
507,0.0558,Low,min_balance_ever,-3.2773,avg_monthly_transaction_count,-2.4542,avg_standing_order_amount,-2.1602
3252,0.0558,Low,avg_standing_order_amount,-4.155,avg_monthly_transaction_count,2.7923,credit_debit_ratio,-1.3097
2177,0.0558,Low,avg_monthly_transaction_count,-3.531,account_age_days,-2.0895,avg_standing_order_amount,1.0384
2530,0.0587,Low,avg_monthly_transaction_count,3.1444,credit_debit_ratio,0.9931,avg_transaction_amount,0.7938
2540,0.0559,Low,avg_standing_order_amount,-3.2572,avg_monthly_transaction_count,2.0911,client_age,1.2394
10558,0.0558,Low,min_balance_ever,-4.8572,avg_standing_order_amount,-3.5706,avg_monthly_transaction_count,2.6712
1355,0.0566,Low,account_age_days,2.1059,avg_monthly_transaction_count,-2.075,avg_transaction_amount,1.9057
1073,0.056,Low,balance_volatility,2.0035,credit_debit_ratio,-1.1327,transaction_trend,-0.9794
1092,0.0559,Low,avg_monthly_transaction_count,-1.9392,avg_transaction_amount,1.3121,balance_volatility,-0.953
3768,0.0559,Low,avg_standing_order_amount,-3.3603,standing_order_count,-1.0547,avg_monthly_transaction_count,-1.008
3661,0.0558,Low,avg_monthly_transaction_count,-3.7971,avg_transaction_amount,-1.0355,avg_standing_order_amount,0.9237
2781,0.0558,Low,avg_standing_order_amount,-3.966,avg_monthly_transaction_count,2.3213,transaction_trend,-1.0091
1901,0.0559,Low,avg_monthly_transaction_count,-1.2025,balance_volatility,-1.0543,credit_debit_ratio,0.9097
1296,0.0558,Low,avg_monthly_transaction_count,-3.3463,avg_transaction_amount,-1.7631,avg_balance,-0.7498
3502,0.0559,Low,avg_monthly_transaction_count,-2.0876,avg_transaction_amount,1.1004,balance_volatility,-0.4471
534,0.0559,Low,avg_standing_order_amount,-2.4102,avg_monthly_transaction_count,2.2412,transaction_trend,0.8152
535,0.0564,Low,avg_monthly_transaction_count,3.22,transaction_trend,-0.8263,avg_transaction_amount,0.7611
540,0.0558,Low,avg_standing_order_amount,-2.6596,transaction_trend,-2.1951,avg_transaction_amount,0.7449
558,0.0643,Low,avg_monthly_transaction_count,2.6629,avg_standing_order_amount,0.6827,client_age,0.5989
3359,0.0558,Low,avg_transaction_amount,-2.2009,credit_debit_ratio,-1.3762,balance_volatility,-1.2832
188,0.0559,Low,account_age_days,-1.9202,avg_transaction_amount,0.8147,avg_monthly_transaction_count,-0.8103
372,0.0596,Low,avg_standing_order_amount,2.2129,avg_monthly_transaction_count,2.1107,avg_transaction_amount,0.5351
3124,0.0561,Low,avg_monthly_transaction_count,2.9485,avg_standing_order_amount,-2.1253,transaction_trend,0.5846
1694,0.0559,Low,avg_standing_order_amount,-3.3532,balance_volatility,1.994,total_credit_amount,1.08
1687,0.0558,Low,avg_monthly_transaction_count,-2.6586,avg_standing_order_amount,-2.5371,avg_transaction_amount,-0.8924
2385,0.056,Low,avg_monthly_transaction_count,-3.4581,avg_transaction_amount,1.7178,standing_order_count,0.9579
2617,0.0558,Low,avg_transaction_amount,-1.987,avg_monthly_transaction_count,-1.272,avg_standing_order_amount,-1.2391
3213,0.0558,Low,avg_standing_order_amount,-2.3545,account_age_days,-0.9835,district_avg_salary,-0.9777
3220,0.056,Low,avg_monthly_transaction_count,-3.3134,avg_transaction_amount,1.9391,avg_standing_order_amount,1.3867
2083,0.0562,Low,avg_monthly_transaction_count,-3.6471,avg_transaction_amount,0.8825,avg_standing_order_amount,0.8628
3689,0.0558,Low,min_balance_ever,-4.9096,avg_monthly_transaction_count,-2.1726,balance_volatility,1.647
3696,0.0563,Low,avg_transaction_amount,1.0407,account_age_days,0.7293,client_age,-0.6462
3684,0.0559,Low,avg_monthly_transaction_count,-2.4958,balance_volatility,-0.8905,avg_balance,0.7635
1050,0.0559,Low,account_age_days,-2.6232,avg_transaction_amount,1.0833,balance_volatility,0.9331
1107,0.0559,Low,avg_transaction_amount,-1.704,standing_order_count,1.3366,avg_standing_order_amount,1.278
2459,0.0558,Low,avg_monthly_transaction_count,-3.7436,avg_transaction_amount,-1.7713,account_age_days,1.2078
985,0.0558,Low,avg_monthly_transaction_count,-3.5977,avg_transaction_amount,-2.0738,balance_volatility,-0.5606
982,0.0566,Low,avg_monthly_transaction_count,6.7242,avg_standing_order_amount,-3.1958,account_age_days,-1.0297
3863,0.0559,Low,avg_monthly_transaction_count,-2.1946,avg_standing_order_amount,-1.6422,credit_debit_ratio,0.9627
2712,0.0558,Low,avg_monthly_transaction_count,-3.0344,account_age_days,-1.9171,transaction_trend,-0.9813
3751,0.0559,Low,avg_standing_order_amount,-2.6107,standing_order_count,-0.7394,avg_transaction_amount,0.703
3472,0.0576,Low,avg_monthly_transaction_count,2.8852,avg_standing_order_amount,1.0067,credit_debit_ratio,-0.9973
4445,0.0558,Low,avg_monthly_transaction_count,-3.0079,avg_standing_order_amount,-2.3287,avg_transaction_amount,1.4982
2904,0.0558,Low,avg_standing_order_amount,-2.8014,min_balance_ever,-2.6983,avg_monthly_transaction_count,-2.138
1582,0.0558,Low,avg_transaction_amount,-1.9182,avg_monthly_transaction_count,-1.1651,avg_standing_order_amount,1.0159
2883,0.0558,Low,avg_monthly_transaction_count,-3.6035,avg_transaction_amount,-1.3808,account_age_days,0.9515
2891,0.057,Low,avg_standing_order_amount,1.2845,account_age_days,1.2476,avg_transaction_amount,0.8676
2880,0.0559,Low,account_age_days,-1.0661,avg_transaction_amount,0.8633,balance_volatility,-0.8272
1429,0.0558,Low,avg_monthly_transaction_count,-3.2689,avg_transaction_amount,-2.0883,balance_volatility,-0.875
1422,0.0558,Low,avg_monthly_transaction_count,-2.3733,avg_transaction_amount,-1.2977,account_age_days,-0.8496
879,0.0558,Low,avg_monthly_transaction_count,-3.4196,avg_transaction_amount,-1.6471,account_age_days,0.9265
957,0.0559,Low,avg_transaction_amount,-2.561,balance_volatility,-0.9442,avg_standing_order_amount,0.8913
649,0.2807,Low,min_balance_ever,-2.2266,district_crimes_count,2.1137,avg_transaction_amount,1.55
3267,0.0559,Low,account_age_days,-1.2673,avg_monthly_transaction_count,-1.0256,balance_volatility,-0.678
2428,0.0558,Low,avg_monthly_transaction_count,-2.3816,avg_standing_order_amount,-1.8613,avg_transaction_amount,1.505
2425,0.0558,Low,account_age_days,-1.8665,balance_volatility,-1.3707,credit_debit_ratio,1.1814
2507,0.0558,Low,avg_monthly_transaction_count,-2.6711,balance_volatility,-1.7792,account_age_days,0.9895
2373,0.0558,Low,avg_monthly_transaction_count,-3.2952,avg_transaction_amount,-1.1167,balance_volatility,-0.6729
621,0.0559,Low,avg_standing_order_amount,-2.7016,account_age_days,0.8061,credit_debit_ratio,0.7136
1154,0.0571,Low,avg_monthly_transaction_count,3.9639,avg_balance,-1.5486,avg_standing_order_amount,1.4308
1336,0.0561,Low,avg_transaction_amount,1.2074,avg_monthly_transaction_count,-1.1213,account_age_days,0.9408
1474,0.0558,Low,avg_monthly_transaction_count,-3.7312,avg_transaction_amount,-1.6452,balance_volatility,-0.6822
1810,0.0586,Low,credit_debit_ratio,0.9291,balance_volatility,-0.9259,avg_standing_order_amount,0.9084
2662,0.0558,Low,avg_monthly_transaction_count,-3.737,balance_volatility,-0.8945,avg_transaction_amount,-0.8874
1200,0.0563,Low,avg_monthly_transaction_count,3.1824,account_age_days,-0.9246,avg_transaction_amount,0.7856
1203,0.056,Low,avg_monthly_transaction_count,5.5355,avg_standing_order_amount,-3.0649,avg_balance,-1.7301
3297,0.0558,Low,avg_standing_order_amount,-2.5278,avg_monthly_transaction_count,-2.324,avg_transaction_amount,1.3893
3337,0.059,Low,avg_monthly_transaction_count,3.1267,avg_standing_order_amount,2.8913,avg_transaction_amount,-1.8094
3930,0.0559,Low,avg_monthly_transaction_count,-2.4991,avg_standing_order_amount,-1.4032,avg_transaction_amount,1.1344
425,0.056,Low,avg_monthly_transaction_count,3.6273,avg_standing_order_amount,-2.7163,account_age_days,-1.0833
492,0.0558,Low,min_balance_ever,-3.1897,avg_monthly_transaction_count,-2.2853,avg_standing_order_amount,-2.2201
503,0.0567,Low,avg_standing_order_amount,1.1049,avg_transaction_amount,1.0946,avg_monthly_transaction_count,-1.0785
2174,0.0579,Low,avg_monthly_transaction_count,-3.2616,account_age_days,2.3636,avg_transaction_amount,1.927
1854,0.0594,Low,avg_transaction_amount,1.424,account_age_days,1.3548,standing_order_count,0.4699
1225,0.0559,Low,avg_monthly_transaction_count,-2.479,avg_standing_order_amount,-1.6447,avg_transaction_amount,1.5021
1213,0.0558,Low,avg_monthly_transaction_count,-3.3398,avg_transaction_amount,-1.6561,balance_volatility,-0.8374
2549,0.0558,Low,avg_transaction_amount,-1.8828,avg_monthly_transaction_count,-1.1278,client_age,-0.9578
1258,0.0558,Low,avg_standing_order_amount,-2.0354,avg_transaction_amount,-1.4482,district_urban_ratio,0.6896
2331,0.0558,Low,avg_standing_order_amount,-1.5504,avg_transaction_amount,-1.4802,avg_monthly_transaction_count,-1.3532
910,0.0558,Low,avg_monthly_transaction_count,-3.6372,avg_transaction_amount,-1.9451,avg_standing_order_amount,0.6908
3776,0.0574,Low,avg_monthly_transaction_count,1.7765,avg_balance,-1.1476,avg_standing_order_amount,1.0786
2418,0.0565,Low,avg_standing_order_amount,-3.7263,avg_monthly_transaction_count,2.8243,avg_transaction_amount,-0.7415
2923,0.0558,Low,avg_monthly_transaction_count,-3.7864,avg_transaction_amount,-1.5902,balance_volatility,-0.7388
3387,0.0558,Low,avg_standing_order_amount,-3.3283,balance_volatility,0.9004,avg_transaction_amount,-0.8625
1311,0.0559,Low,avg_monthly_transaction_count,-1.722,avg_transaction_amount,1.0514,balance_volatility,-0.6619
3511,0.0558,Low,avg_monthly_transaction_count,-3.2112,avg_transaction_amount,-1.5147,balance_volatility,-0.7546
709,0.0558,Low,avg_standing_order_amount,-2.5074,balance_volatility,0.9425,avg_monthly_transaction_count,-0.8817
729,0.0558,Low,avg_standing_order_amount,-2.8508,avg_transaction_amount,-1.6002,credit_debit_ratio,-1.0808
524,0.0558,Low,avg_monthly_transaction_count,-2.0726,avg_transaction_amount,1.134,avg_balance,0.5967
196,0.1698,Low,avg_monthly_transaction_count,6.4434,standing_order_count,-0.8212,transaction_trend,0.6749
206,0.0559,Low,balance_volatility,-1.2834,avg_standing_order_amount,1.2274,avg_transaction_amount,-1.1645
3113,0.056,Low,avg_monthly_transaction_count,5.3476,min_balance_ever,-5.1581,balance_volatility,1.6646
1971,0.0559,Low,avg_standing_order_amount,0.8786,total_debit_amount,0.8331,district_urban_ratio,-0.7358
1586,0.056,Low,avg_monthly_transaction_count,-2.0967,avg_transaction_amount,1.5833,avg_standing_order_amount,0.851
2983,0.0558,Low,avg_monthly_transaction_count,-2.5927,avg_standing_order_amount,-2.0489,credit_debit_ratio,-1.1939
10220,0.0558,Low,min_balance_ever,-4.155,avg_standing_order_amount,-2.9785,avg_transaction_amount,1.181
3069,0.056,Low,account_age_days,-2.6311,avg_standing_order_amount,1.4175,avg_balance,-1.2116
43,0.0559,Low,avg_balance,-1.2397,account_age_days,-0.7545,avg_transaction_amount,0.6896
45,0.0558,Low,avg_monthly_transaction_count,-2.6712,avg_standing_order_amount,-2.1848,avg_transaction_amount,-1.1677
1805,0.0559,Low,account_age_days,-2.1992,avg_monthly_transaction_count,-1.6244,balance_volatility,1.3755
1515,0.0604,Low,avg_monthly_transaction_count,4.6749,avg_standing_order_amount,-1.9113,account_age_days,-0.8624
1553,0.0558,Low,avg_standing_order_amount,-2.4471,avg_monthly_transaction_count,-2.404,account_age_days,0.719
3896,0.0562,Low,avg_monthly_transaction_count,0.8684,avg_standing_order_amount,-0.8357,standing_order_count,-0.7043
1501,0.0558,Low,avg_monthly_transaction_count,-3.7446,avg_transaction_amount,-1.432,balance_volatility,-0.7739
779,0.0558,Low,avg_standing_order_amount,-2.9609,avg_monthly_transaction_count,-2.8711,avg_transaction_amount,1.5846
797,0.0558,Low,avg_standing_order_amount,-3.406,avg_transaction_amount,-1.5666,balance_volatility,1.2498
1115,0.0558,Low,avg_monthly_transaction_count,-3.137,avg_transaction_amount,-1.7179,account_age_days,-0.9953
991,0.0559,Low,balance_volatility,1.7297,account_age_days,-1.2498,avg_balance,-1.1
2954,0.0559,Low,avg_monthly_transaction_count,-1.8745,avg_transaction_amount,1.3486,avg_standing_order_amount,-1.2781
2266,0.0558,Low,avg_monthly_transaction_count,-2.7522,avg_standing_order_amount,-2.6882,avg_transaction_amount,1.1203
5369,0.0558,Low,min_balance_ever,-3.443,avg_monthly_transaction_count,-2.0507,avg_standing_order_amount,-1.9809
5366,0.0558,Low,min_balance_ever,-4.5196,avg_standing_order_amount,-2.6044,balance_volatility,0.9604
1413,0.058,Low,avg_monthly_transaction_count,3.5295,credit_debit_ratio,0.765,client_age,-0.392
1382,0.0558,Low,avg_monthly_transaction_count,-3.329,avg_transaction_amount,-2.1061,account_age_days,-0.687
656,0.0559,Low,avg_monthly_transaction_count,-2.3001,avg_transaction_amount,1.084,balance_volatility,-0.7412
669,0.0558,Low,avg_monthly_transaction_count,-3.4296,avg_transaction_amount,-1.58,credit_debit_ratio,-1.3773
9883,0.0563,Low,min_balance_ever,-5.2675,avg_monthly_transaction_count,3.717,avg_standing_order_amount,2.4814
345,0.0564,Low,avg_transaction_amount,0.9521,account_age_days,-0.7628,transaction_trend,0.5644
632,0.0558,Low,avg_standing_order_amount,-4.4919,credit_debit_ratio,-1.4188,avg_monthly_transaction_count,1.4023
283,0.0558,Low,avg_monthly_transaction_count,-3.7506,avg_transaction_amount,-1.713,balance_volatility,-0.8572
295,0.0559,Low,avg_monthly_transaction_count,-2.8369,avg_standing_order_amount,1.9775,avg_transaction_amount,1.4871
3575,0.0559,Low,balance_volatility,-1.3682,account_age_days,-1.0423,credit_debit_ratio,0.5346
3058,0.0558,Low,avg_monthly_transaction_count,-2.6833,avg_standing_order_amount,-2.3221,avg_transaction_amount,1.0993
2193,0.0558,Low,avg_monthly_transaction_count,-4.027,avg_standing_order_amount,0.8813,balance_volatility,-0.7639
2190,0.6884,Medium,avg_monthly_transaction_count,5.4204,account_age_days,0.8831,avg_standing_order_amount,0.806
1620,0.0558,Low,avg_monthly_transaction_count,-3.4806,avg_transaction_amount,-1.4182,district_avg_salary,-1.3424
3617,0.0559,Low,avg_standing_order_amount,-2.1649,avg_monthly_transaction_count,1.7467,transaction_trend,-1.3377
437,0.0564,Low,avg_balance,-2.8065,avg_monthly_transaction_count,2.7686,avg_transaction_amount,1.0047
1465,0.0558,Low,avg_monthly_transaction_count,2.4606,avg_standing_order_amount,-1.8611,avg_transaction_amount,-1.2571
1461,0.0572,Low,avg_standing_order_amount,4.1652,avg_transaction_amount,-1.5727,avg_balance,-1.4373
2685,0.0558,Low,avg_monthly_transaction_count,-3.7254,avg_transaction_amount,-1.4188,district_avg_salary,-0.8776
754,0.0558,Low,avg_standing_order_amount,-1.5911,balance_volatility,-1.3204,avg_transaction_amount,-1.024
2535,0.056,Low,avg_standing_order_amount,-2.6752,avg_monthly_transaction_count,2.3862,avg_transaction_amount,0.8147
1851,0.0562,Low,account_age_days,-1.2714,avg_monthly_transaction_count,1.2091,avg_standing_order_amount,0.9439
1478,0.056,Low,avg_standing_order_amount,-2.4534,balance_volatility,2.2731,avg_monthly_transaction_count,-1.1014
1062,0.056,Low,avg_monthly_transaction_count,-1.7404,avg_transaction_amount,1.2378,account_age_days,-0.9328
1063,0.0558,Low,avg_monthly_transaction_count,-2.4916,avg_standing_order_amount,-2.2048,credit_debit_ratio,-0.8898
1081,0.0558,Low,avg_monthly_transaction_count,-3.5742,avg_transaction_amount,-1.699,balance_volatility,-0.7611
3228,0.0582,Low,avg_monthly_transaction_count,3.4598,standing_order_count,1.2876,avg_standing_order_amount,0.899
3839,0.0563,Low,avg_monthly_transaction_count,-3.3398,avg_transaction_amount,2.4532,balance_volatility,1.182
2577,0.0558,Low,avg_monthly_transaction_count,-3.611,balance_volatility,-1.619,avg_transaction_amount,-0.8162
2758,0.056,Low,avg_standing_order_amount,1.2889,account_age_days,-1.1609,district_urban_ratio,-0.4919
1927,0.0558,Low,avg_monthly_transaction_count,-3.4845,avg_transaction_amount,-1.9746,transaction_trend,0.4973
2024,0.0559,Low,avg_monthly_transaction_count,-2.0775,avg_transaction_amount,1.2523,balance_volatility,-0.838
2931,0.0558,Low,avg_monthly_transaction_count,-3.5353,avg_transaction_amount,-1.6126,avg_standing_order_amount,0.7437
537,0.0558,Low,avg_monthly_transaction_count,-3.41,avg_transaction_amount,-1.5499,standing_order_count,0.6074
3407,0.0563,Low,avg_standing_order_amount,-2.4276,avg_monthly_transaction_count,-2.0271,district_crimes_count,1.9682
1496,0.0576,Low,avg_monthly_transaction_count,3.9874,transaction_trend,0.5859,credit_debit_ratio,0.5393
2474,0.0558,Low,avg_standing_order_amount,-2.4773,avg_balance,1.3199,avg_monthly_transaction_count,1.253
3470,0.0558,Low,avg_monthly_transaction_count,-3.8054,avg_transaction_amount,-1.3957,account_age_days,0.7444
2906,0.6963,Medium,avg_monthly_transaction_count,4.796,avg_standing_order_amount,1.4873,credit_debit_ratio,0.7732
1577,0.0558,Low,avg_standing_order_amount,-4.1568,avg_monthly_transaction_count,2.9144,district_avg_salary,-1.1315
1724,0.0559,Low,avg_transaction_amount,-1.2573,standing_order_count,0.8666,avg_monthly_transaction_count,-0.847
1741,0.0558,Low,avg_monthly_transaction_count,-3.6998,avg_transaction_amount,-1.7656,balance_volatility,-0.8909
1996,0.178,Low,avg_standing_order_amount,1.3816,avg_monthly_transaction_count,-1.2595,client_age,0.9948
3613,0.0561,Low,avg_monthly_transaction_count,2.8654,balance_volatility,-1.0206,credit_debit_ratio,0.8417
3796,0.0558,Low,account_age_days,-1.4325,avg_monthly_transaction_count,-0.7367,transaction_trend,-0.6044
968,0.0559,Low,avg_monthly_transaction_count,-2.4643,avg_transaction_amount,1.2762,avg_standing_order_amount,1.0629
1399,0.3766,Low,avg_monthly_transaction_count,6.118,avg_standing_order_amount,-1.7337,transaction_trend,0.9312
654,0.0558,Low,avg_monthly_transaction_count,-3.8653,avg_transaction_amount,-1.1795,avg_standing_order_amount,0.7238
659,0.0558,Low,avg_standing_order_amount,-3.3201,avg_monthly_transaction_count,1.5543,avg_transaction_amount,-1.3767
333,0.0558,Low,avg_standing_order_amount,-3.7241,credit_debit_ratio,-1.3682,avg_transaction_amount,-1.1818
1671,0.0558,Low,avg_standing_order_amount,-2.3241,avg_monthly_transaction_count,1.3643,balance_volatility,-0.956
1765,0.0558,Low,avg_monthly_transaction_count,-3.4307,avg_transaction_amount,-1.1006,balance_volatility,-0.6568
2235,0.0558,Low,avg_monthly_transaction_count,-4.0673,avg_standing_order_amount,0.6741,total_credit_amount,-0.3014
161,0.0558,Low,avg_transaction_amount,-1.8694,avg_standing_order_amount,-1.3542,balance_volatility,-0.687
72,0.221,Low,avg_monthly_transaction_count,4.9917,avg_standing_order_amount,1.4991,avg_transaction_amount,-1.4385
2196,0.0558,Low,avg_monthly_transaction_count,-3.7251,avg_transaction_amount,-1.5102,account_age_days,1.0095
3784,0.0563,Low,avg_monthly_transaction_count,2.0559,avg_transaction_amount,0.4389,avg_standing_order_amount,-0.3256
920,0.0558,Low,avg_monthly_transaction_count,-1.8634,avg_transaction_amount,-1.2256,avg_standing_order_amount,0.7771
1030,0.0559,Low,avg_standing_order_amount,-2.5303,avg_transaction_amount,-1.16,district_urban_ratio,0.508
804,0.0558,Low,avg_standing_order_amount,-2.5175,credit_debit_ratio,-1.4587,transaction_trend,-0.5989
456,0.0567,Low,avg_monthly_transaction_count,-2.5296,account_age_days,-2.0413,avg_transaction_amount,1.3376
3315,0.0558,Low,avg_monthly_transaction_count,-2.6332,avg_standing_order_amount,-2.3822,avg_transaction_amount,1.135
2290,0.0558,Low,avg_monthly_transaction_count,-4.0825,avg_standing_order_amount,1.1173,balance_volatility,-0.6284
2647,0.056,Low,account_age_days,-2.359,avg_monthly_transaction_count,1.888,avg_standing_order_amount,1.6596
1197,0.0561,Low,avg_transaction_amount,-1.4725,avg_monthly_transaction_count,1.4404,avg_standing_order_amount,1.1378
1206,0.0558,Low,avg_monthly_transaction_count,-3.4856,avg_standing_order_amount,0.8718,balance_volatility,-0.8541
3294,0.0562,Low,avg_monthly_transaction_count,-1.0853,avg_transaction_amount,0.8082,account_age_days,0.6156
749,0.0612,Low,avg_monthly_transaction_count,4.4242,avg_standing_order_amount,-2.7194,avg_transaction_amount,0.809
2173,0.0559,Low,avg_monthly_transaction_count,-1.779,avg_transaction_amount,-1.6943,balance_volatility,-1.3578
2532,0.0569,Low,avg_standing_order_amount,-2.1614,balance_volatility,1.6297,avg_monthly_transaction_count,-1.3383
1761,0.057,Low,avg_monthly_transaction_count,3.4003,account_age_days,-0.7399,credit_debit_ratio,0.7265
1484,0.0558,Low,avg_transaction_amount,-1.5126,avg_monthly_transaction_count,-1.1378,balance_volatility,-1.0039
2553,0.0558,Low,avg_monthly_transaction_count,-2.3851,avg_transaction_amount,0.91,balance_volatility,-0.7025
1090,0.0559,Low,avg_monthly_transaction_count,-1.3846,credit_debit_ratio,-1.2341,district_avg_salary,-1.1685
2838,0.0565,Low,avg_monthly_transaction_count,3.699,avg_balance,-2.4891,avg_standing_order_amount,-0.7925
2567,0.0558,Low,avg_monthly_transaction_count,-3.6781,avg_transaction_amount,-1.3443,district_avg_salary,-1.2357
3882,0.0561,Low,avg_monthly_transaction_count,6.012,avg_standing_order_amount,-4.0993,avg_transaction_amount,-1.0246
1005,0.0617,Low,avg_standing_order_amount,3.1565,account_age_days,-2.6308,avg_transaction_amount,1.5432
886,0.0559,Low,balance_volatility,1.3727,avg_standing_order_amount,-1.3584,account_age_days,-1.2668
904,0.0558,Low,avg_monthly_transaction_count,-2.6315,avg_standing_order_amount,-2.0593,avg_transaction_amount,1.4629
2853,0.0558,Low,avg_transaction_amount,-2.4279,avg_monthly_transaction_count,-1.6755,credit_debit_ratio,-1.1714
3667,0.0559,Low,avg_monthly_transaction_count,-2.1702,avg_transaction_amount,-1.5973,avg_standing_order_amount,0.9392
2747,0.0558,Low,avg_monthly_transaction_count,-3.7942,avg_standing_order_amount,0.698,balance_volatility,-0.6147
3098,0.0558,Low,avg_monthly_transaction_count,-2.8864,balance_volatility,-1.1818,total_debit_amount,-0.4079
3380,0.0558,Low,avg_monthly_transaction_count,-3.5514,balance_volatility,-1.3237,min_balance_ever,0.8886
3376,0.074,Low,avg_monthly_transaction_count,-2.1202,avg_standing_order_amount,2.0809,avg_transaction_amount,1.4265
1642,0.0558,Low,avg_monthly_transaction_count,-3.7975,avg_standing_order_amount,1.0368,balance_volatility,-0.9207
1316,0.0558,Low,avg_standing_order_amount,-3.704,credit_debit_ratio,-1.379,avg_transaction_amount,-1.141
3504,0.0558,Low,avg_monthly_transaction_count,-3.9204,balance_volatility,-0.8123,avg_standing_order_amount,0.6072
3712,0.0558,Low,avg_monthly_transaction_count,-3.9117,transaction_trend,1.381,avg_transaction_amount,-1.1086
572,0.0571,Low,avg_monthly_transaction_count,3.1507,standing_order_count,-1.3264,avg_transaction_amount,0.8349
3394,0.0558,Low,avg_standing_order_amount,-3.4751,avg_monthly_transaction_count,0.8734,avg_transaction_amount,-0.6458
3368,0.0668,Low,avg_monthly_transaction_count,4.3376,transaction_trend,-0.4269,avg_balance,0.3064
265,0.0558,Low,avg_monthly_transaction_count,-3.6992,avg_standing_order_amount,0.9696,avg_transaction_amount,-0.8197
373,0.0558,Low,avg_monthly_transaction_count,-2.5916,district_avg_salary,-1.3577,avg_standing_order_amount,0.8211
2112,0.0564,Low,credit_debit_ratio,-0.4584,avg_standing_order_amount,0.3995,district_crimes_count,0.3994
53,0.0558,Low,avg_monthly_transaction_count,-3.6279,avg_transaction_amount,-1.5445,avg_standing_order_amount,0.8126
24,0.0574,Low,account_age_days,1.3021,avg_standing_order_amount,1.1907,avg_monthly_transaction_count,0.8385
1629,0.0558,Low,avg_monthly_transaction_count,-3.6897,avg_transaction_amount,-1.1438,balance_volatility,-0.7253
1551,0.0559,Low,avg_transaction_amount,-1.3378,avg_monthly_transaction_count,-1.2297,account_age_days,0.6186
763,0.0559,Low,avg_monthly_transaction_count,-1.9129,avg_transaction_amount,1.2521,balance_volatility,-0.8815
3976,0.0558,Low,avg_transaction_amount,-1.5413,transaction_trend,0.698,balance_volatility,-0.6549
2286,0.0559,Low,avg_standing_order_amount,-1.9067,account_age_days,0.976,balance_volatility,-0.5299
2128,0.0558,Low,avg_monthly_transaction_count,-3.4535,avg_standing_order_amount,1.1425,avg_transaction_amount,-0.8253
3044,0.0558,Low,avg_monthly_transaction_count,-3.6216,avg_transaction_amount,-1.6622,balance_volatility,-0.7312
1722,0.0567,Low,avg_transaction_amount,0.9933,avg_monthly_transaction_count,0.6692,transaction_trend,0.3918
1725,0.0559,Low,avg_standing_order_amount,-3.2272,avg_transaction_amount,-1.5077,balance_volatility,1.2324
3602,0.0559,Low,avg_standing_order_amount,-4.352,avg_transaction_amount,-1.5294,avg_monthly_transaction_count,1.4226
694,0.0558,Low,avg_monthly_transaction_count,-3.5633,balance_volatility,-1.1057,avg_transaction_amount,-1.0956
866,0.0564,Low,avg_monthly_transaction_count,7.8789,avg_standing_order_amount,-2.9073,account_age_days,-2.6114
640,0.0558,Low,avg_monthly_transaction_count,-3.7404,avg_transaction_amount,-1.7186,balance_volatility,-1.1868
3816,0.0558,Low,avg_monthly_transaction_count,-2.796,avg_standing_order_amount,-2.4457,transaction_trend,-1.2507
2499,0.0559,Low,avg_monthly_transaction_count,3.5628,avg_standing_order_amount,-2.8945,district_avg_salary,-0.9332
2736,0.0558,Low,avg_monthly_transaction_count,-2.9214,balance_volatility,-0.872,account_age_days,-0.7833
3559,0.0559,Low,avg_monthly_transaction_count,-1.9266,avg_transaction_amount,1.2163,balance_volatility,-0.7224
3126,0.0558,Low,avg_monthly_transaction_count,-2.7811,district_avg_salary,-0.9931,balance_volatility,-0.5923
136,0.0558,Low,avg_monthly_transaction_count,-3.7747,avg_transaction_amount,-1.049,balance_volatility,-0.8738
2199,0.0558,Low,avg_monthly_transaction_count,2.9395,avg_standing_order_amount,-2.8804,avg_transaction_amount,-1.4136
2186,0.0558,Low,avg_monthly_transaction_count,-1.9831,avg_transaction_amount,-1.6248,balance_volatility,-0.9388
7033,0.0558,Low,min_balance_ever,-3.1732,avg_monthly_transaction_count,-2.4602,avg_standing_order_amount,-2.2929
839,0.0559,Low,avg_monthly_transaction_count,-2.7592,avg_transaction_amount,1.0891,district_unemployment_rate,0.5445
830,0.0558,Low,avg_monthly_transaction_count,-2.7404,avg_standing_order_amount,-1.8117,account_age_days,-1.5599
588,0.056,Low,avg_monthly_transaction_count,3.5684,avg_standing_order_amount,-2.8236,account_age_days,-1.1993
2291,0.0558,Low,avg_monthly_transaction_count,-3.9965,avg_standing_order_amount,0.8486,balance_volatility,-0.7162
2660,0.0558,Low,min_balance_ever,-3.9912,avg_standing_order_amount,-3.6845,balance_volatility,1.6206
2804,0.0558,Low,avg_monthly_transaction_count,-2.726,avg_standing_order_amount,-2.1936,credit_debit_ratio,-0.831
505,0.0558,Low,avg_transaction_amount,-1.6543,avg_monthly_transaction_count,-1.422,credit_debit_ratio,-1.2795
755,0.0568,Low,avg_transaction_amount,1.5217,account_age_days,1.0324,avg_standing_order_amount,0.7509
3239,0.0565,Low,avg_monthly_transaction_count,-2.5123,avg_transaction_amount,1.1383,credit_debit_ratio,0.9348
3248,0.0558,Low,avg_transaction_amount,-1.6583,balance_volatility,-0.7941,avg_standing_order_amount,-0.7113
2533,0.0558,Low,avg_standing_order_amount,-2.5766,avg_monthly_transaction_count,-2.4706,transaction_trend,-0.9092
1747,0.0558,Low,avg_monthly_transaction_count,-2.6439,avg_standing_order_amount,-1.6374,account_age_days,1.131
1852,0.0558,Low,avg_monthly_transaction_count,-3.066,avg_transaction_amount,-2.2286,account_age_days,-0.9123
2552,0.0559,Low,account_age_days,-1.5746,avg_monthly_transaction_count,-0.9495,avg_transaction_amount,0.8543
3234,0.0558,Low,avg_monthly_transaction_count,-3.6668,avg_transaction_amount,-1.6724,balance_volatility,-0.6965
2568,0.058,Low,avg_monthly_transaction_count,3.5739,district_avg_salary,-1.8765,credit_debit_ratio,0.8905
2574,0.0559,Low,account_age_days,-2.5919,balance_volatility,1.8697,avg_standing_order_amount,-1.2571
2689,0.0581,Low,avg_transaction_amount,1.0122,account_age_days,0.8286,avg_monthly_transaction_count,0.797
2339,0.0558,Low,avg_monthly_transaction_count,-3.8639,avg_standing_order_amount,0.9183,avg_transaction_amount,-0.8266
912,0.0558,Low,avg_monthly_transaction_count,-3.4809,avg_transaction_amount,-2.0513,account_age_days,1.0445
900,0.0558,Low,avg_monthly_transaction_count,-2.9755,avg_standing_order_amount,0.8675,balance_volatility,-0.7309
2849,0.0558,Low,avg_monthly_transaction_count,-2.1263,avg_transaction_amount,-1.2698,client_age,-0.8752
1645,0.0559,Low,avg_monthly_transaction_count,-2.5393,avg_transaction_amount,1.0662,account_age_days,0.6744
3514,0.0558,Low,avg_monthly_transaction_count,-3.2293,avg_transaction_amount,-1.9236,account_age_days,-1.6658
567,0.0558,Low,avg_monthly_transaction_count,-2.6005,avg_standing_order_amount,-2.3503,credit_debit_ratio,-0.8462
197,0.0558,Low,avg_monthly_transaction_count,-2.9464,account_age_days,-2.0645,avg_standing_order_amount,-1.5186
1598,0.0587,Low,avg_standing_order_amount,3.8767,avg_transaction_amount,-1.4281,avg_monthly_transaction_count,1.3788
1693,0.4866,Medium,avg_standing_order_amount,4.4383,avg_monthly_transaction_count,-2.5113,balance_volatility,2.004
1683,0.0564,Low,avg_monthly_transaction_count,3.1148,avg_standing_order_amount,-2.7368,transaction_trend,0.6239
1692,0.0559,Low,avg_standing_order_amount,-3.0112,avg_monthly_transaction_count,-2.0928,avg_transaction_amount,1.6155
2396,0.0558,Low,avg_monthly_transaction_count,-3.6413,account_age_days,-1.5485,avg_transaction_amount,-1.4894
2122,0.554,Medium,avg_monthly_transaction_count,4.2767,account_age_days,-2.4366,avg_standing_order_amount,1.6145
389,0.0562,Low,avg_monthly_transaction_count,2.1924,avg_standing_order_amount,-0.8447,avg_balance,0.8416
2690,0.0558,Low,avg_monthly_transaction_count,-3.4531,district_avg_salary,-0.9067,account_age_days,0.6588
2688,0.0558,Low,avg_monthly_transaction_count,-3.7493,avg_transaction_amount,-1.1667,avg_balance,0.7722
1121,0.0558,Low,avg_monthly_transaction_count,-2.596,avg_standing_order_amount,-2.3189,avg_transaction_amount,1.6161
1926,0.0559,Low,account_age_days,-2.1323,avg_standing_order_amount,-2.0372,avg_monthly_transaction_count,1.4564
1925,0.0558,Low,avg_monthly_transaction_count,-3.8616,balance_volatility,-1.4111,account_age_days,-0.6791
2033,0.0559,Low,avg_monthly_transaction_count,-1.4921,balance_volatility,-0.548,avg_transaction_amount,0.4546
5423,0.0564,Low,min_balance_ever,-4.8228,avg_monthly_transaction_count,3.9321,avg_standing_order_amount,2.2548
3718,0.0558,Low,avg_transaction_amount,-2.1544,transaction_trend,-1.1798,standing_order_count,0.8276
3727,0.3946,Low,avg_monthly_transaction_count,4.7278,avg_standing_order_amount,1.5404,district_avg_salary,-0.7683
258,0.0558,Low,avg_monthly_transaction_count,-3.8571,balance_volatility,-1.1521,account_age_days,1.0476
382,0.0558,Low,avg_standing_order_amount,-2.1396,avg_transaction_amount,-1.7092,credit_debit_ratio,-1.3245
1695,0.0574,Low,avg_monthly_transaction_count,2.9831,account_age_days,-2.4512,balance_volatility,0.8654
2618,0.0558,Low,avg_monthly_transaction_count,-3.9747,account_age_days,-1.7437,client_age,-0.6726
3072,0.0559,Low,avg_monthly_transaction_count,-1.5053,avg_transaction_amount,1.1279,account_age_days,-0.9959
4,0.0558,Low,avg_transaction_amount,-1.908,avg_monthly_transaction_count,-0.8566,avg_standing_order_amount,-0.6603
3012,0.0558,Low,avg_monthly_transaction_count,-3.5561,avg_transaction_amount,-1.8882,credit_debit_ratio,-1.0187
1630,0.0558,Low,avg_monthly_transaction_count,-3.398,avg_transaction_amount,-0.8695,balance_volatility,-0.7532
1797,0.0571,Low,avg_monthly_transaction_count,2.3026,avg_standing_order_amount,1.135,client_age,-0.6628
1561,0.0558,Low,avg_standing_order_amount,-3.2417,avg_monthly_transaction_count,1.0921,avg_transaction_amount,-1.0301
2963,0.0558,Low,avg_monthly_transaction_count,-2.7862,avg_transaction_amount,1.2661,balance_volatility,-0.8249
2861,0.0558,Low,avg_monthly_transaction_count,-2.5609,account_age_days,-1.7662,avg_transaction_amount,-1.4124
2002,0.0558,Low,avg_monthly_transaction_count,-3.5774,balance_volatility,-1.1257,avg_transaction_amount,-1.0384
3795,0.0595,Low,avg_monthly_transaction_count,2.4588,avg_standing_order_amount,1.8974,avg_transaction_amount,0.8037
645,0.0562,Low,avg_monthly_transaction_count,1.9394,account_age_days,1.0805,avg_balance,-0.7806
2737,0.0563,Low,district_avg_salary,-1.2299,avg_monthly_transaction_count,1.059,avg_transaction_amount,0.829
3567,0.0584,Low,avg_standing_order_amount,1.9076,avg_monthly_transaction_count,1.8418,transaction_trend,-1.0348
2367,0.0597,Low,avg_monthly_transaction_count,2.1053,avg_standing_order_amount,1.7441,avg_transaction_amount,0.82
3136,0.0559,Low,avg_monthly_transaction_count,2.7264,district_avg_salary,-1.3417,account_age_days,-1.2011
113,0.0558,Low,avg_monthly_transaction_count,-3.7354,avg_standing_order_amount,1.0409,balance_volatility,-0.9455
1712,0.0558,Low,avg_monthly_transaction_count,-3.6196,avg_transaction_amount,-1.3195,standing_order_count,0.6482
1140,0.0558,Low,avg_monthly_transaction_count,-3.5689,avg_transaction_amount,-1.3268,account_age_days,-0.8737
3670,0.0558,Low,avg_monthly_transaction_count,-3.73,avg_transaction_amount,-1.5118,balance_volatility,-0.7988
473,0.0563,Low,avg_monthly_transaction_count,3.4254,avg_standing_order_amount,-1.9994,account_age_days,0.7663
1150,0.0558,Low,avg_standing_order_amount,-2.6882,avg_monthly_transaction_count,-2.4338,credit_debit_ratio,-1.0185
465,0.0559,Low,avg_monthly_transaction_count,-3.1757,account_age_days,-2.2356,avg_standing_order_amount,1.4473
469,0.0558,Low,avg_monthly_transaction_count,-3.6689,account_age_days,1.0475,avg_balance,1.0337
3327,0.0573,Low,avg_monthly_transaction_count,2.5716,account_age_days,-0.9659,avg_standing_order_amount,0.7453
2046,0.0558,Low,avg_standing_order_amount,-2.8113,avg_transaction_amount,-1.4919,credit_debit_ratio,-1.4069
2304,0.0559,Low,avg_standing_order_amount,-3.4231,avg_monthly_transaction_count,-2.5367,avg_transaction_amount,1.4359
1179,0.0558,Low,avg_monthly_transaction_count,-3.4616,account_age_days,-1.4824,avg_transaction_amount,-1.2168
2534,0.0558,Low,avg_standing_order_amount,-2.3039,avg_monthly_transaction_count,1.3031,balance_volatility,-0.708
1844,0.0558,Low,avg_monthly_transaction_count,-3.3498,account_age_days,-2.143,avg_transaction_amount,-2.0969
1342,0.0565,Low,avg_monthly_transaction_count,2.2413,standing_order_count,-1.1143,avg_transaction_amount,0.7893
1361,0.0952,Low,avg_monthly_transaction_count,-1.9503,avg_standing_order_amount,1.7699,avg_transaction_amount,1.5098
1097,0.0568,Low,avg_monthly_transaction_count,5.731,district_avg_salary,-1.7981,standing_order_count,-0.7478
3773,0.0558,Low,avg_monthly_transaction_count,-3.7273,avg_transaction_amount,-0.9624,avg_standing_order_amount,0.913
3775,0.0558,Low,avg_monthly_transaction_count,-1.7143,avg_transaction_amount,-1.6507,client_age,-0.6888
2351,0.0558,Low,avg_monthly_transaction_count,-2.2711,credit_debit_ratio,-1.9966,avg_standing_order_amount,-1.5329
2749,0.0739,Low,avg_monthly_transaction_count,2.907,avg_standing_order_amount,-1.3303,balance_volatility,1.2331
2787,0.0559,Low,avg_monthly_transaction_count,-2.892,avg_transaction_amount,1.3431,account_age_days,-0.7478
2789,0.0564,Low,avg_monthly_transaction_count,3.2119,avg_standing_order_amount,-2.5708,min_balance_ever,0.5108
1601,0.0558,Low,avg_monthly_transaction_count,-3.6857,avg_transaction_amount,-1.528,account_age_days,-1.418
3211,0.0558,Low,avg_monthly_transaction_count,-3.7269,avg_transaction_amount,-1.5781,credit_debit_ratio,-1.0309
40,0.0559,Low,balance_volatility,-0.7855,account_age_days,-0.6498,avg_transaction_amount,-0.5054
51,0.056,Low,avg_balance,-1.2818,transaction_trend,1.1143,client_age,1.0678
56,0.056,Low,avg_monthly_transaction_count,-2.6201,avg_transaction_amount,1.094,district_avg_salary,0.4999
1546,0.0558,Low,avg_monthly_transaction_count,-3.9539,balance_volatility,-0.7444,credit_debit_ratio,0.6073
1370,0.0558,Low,avg_monthly_transaction_count,-3.678,avg_transaction_amount,-1.5133,balance_volatility,-0.6673
2452,0.0558,Low,avg_monthly_transaction_count,-3.6461,account_age_days,1.0908,avg_standing_order_amount,0.9352
978,0.0558,Low,avg_monthly_transaction_count,-3.602,avg_transaction_amount,-1.2693,account_age_days,-0.6639
2964,0.0558,Low,avg_monthly_transaction_count,-3.6573,avg_transaction_amount,-1.7737,balance_volatility,-0.6543
2466,0.0559,Low,avg_standing_order_amount,-1.9307,avg_balance,-0.7666,account_age_days,0.7479
2135,0.0559,Low,balance_volatility,-1.3994,account_age_days,1.2387,avg_monthly_transaction_count,-0.7074
3146,0.0558,Low,avg_transaction_amount,-2.0221,avg_monthly_transaction_count,-1.6217,avg_standing_order_amount,0.7983
688,0.0558,Low,avg_transaction_amount,-2.0539,balance_volatility,-1.5635,standing_order_count,0.7513
955,0.0559,Low,avg_monthly_transaction_count,-2.3805,avg_transaction_amount,1.3855,balance_volatility,-0.7455
3163,0.0559,Low,avg_balance,-1.9349,standing_order_count,-1.2049,avg_transaction_amount,-1.1643
2376,0.0568,Low,avg_monthly_transaction_count,-2.1003,avg_transaction_amount,1.5988,account_age_days,0.8385
3280,0.0563,Low,avg_transaction_amount,0.9655,credit_debit_ratio,0.7025,balance_volatility,-0.6014
3646,0.0574,Low,avg_monthly_transaction_count,4.3781,avg_balance,-1.4234,min_balance_ever,-1.0422
151,0.0558,Low,avg_standing_order_amount,-2.4002,avg_monthly_transaction_count,1.4498,avg_transaction_amount,-1.082
2225,0.0558,Low,avg_monthly_transaction_count,-3.3889,avg_transaction_amount,-1.3202,balance_volatility,-0.6554
3434,0.0558,Low,avg_transaction_amount,-1.443,avg_standing_order_amount,-1.367,avg_monthly_transaction_count,-1.3623
606,0.2483,Low,account_age_days,2.9648,credit_debit_ratio,-1.5908,avg_standing_order_amount,1.5341
703,0.0558,Low,avg_monthly_transaction_count,-3.372,avg_transaction_amount,-1.9368,account_age_days,-0.9295
3598,0.0581,Low,avg_monthly_transaction_count,-2.7476,account_age_days,2.3533,avg_standing_order_amount,2.093
3599,0.0558,Low,avg_monthly_transaction_count,-3.9106,balance_volatility,-1.106,avg_transaction_amount,-0.965
3334,0.0558,Low,avg_standing_order_amount,-2.5363,avg_monthly_transaction_count,-2.5014,avg_transaction_amount,1.3242
3336,0.0558,Low,avg_monthly_transaction_count,-3.496,avg_standing_order_amount,1.049,avg_transaction_amount,-0.9358
3921,0.0559,Low,avg_standing_order_amount,-2.8366,balance_volatility,1.2309,avg_transaction_amount,1.0997
424,0.056,Low,avg_monthly_transaction_count,-1.7701,avg_transaction_amount,1.642,account_age_days,0.8572
511,0.056,Low,avg_monthly_transaction_count,-3.6717,avg_transaction_amount,2.3377,balance_volatility,1.3478
398,0.0558,Low,avg_monthly_transaction_count,-3.2077,account_age_days,2.1307,avg_transaction_amount,-1.3644
1744,0.0558,Low,avg_monthly_transaction_count,-3.6839,avg_transaction_amount,-1.0105,balance_volatility,-0.8305
1853,0.0558,Low,avg_standing_order_amount,-2.3478,credit_debit_ratio,-1.2564,avg_transaction_amount,-0.9762
4296,0.0558,Low,avg_monthly_transaction_count,-2.5004,avg_standing_order_amount,-2.0532,avg_transaction_amount,0.9733
3028,0.0558,Low,avg_monthly_transaction_count,-3.61,avg_transaction_amount,-1.3,avg_balance,0.7332
3068,0.0558,Low,avg_monthly_transaction_count,-3.8463,avg_standing_order_amount,0.9376,account_age_days,-0.8205
1216,0.0558,Low,avg_transaction_amount,-2.1825,avg_monthly_transaction_count,-1.8429,balance_volatility,-0.8165
1208,0.0559,Low,credit_debit_ratio,-1.4178,avg_transaction_amount,1.0772,account_age_days,-1.0111
1212,0.0558,Low,avg_monthly_transaction_count,-3.8981,balance_volatility,-0.8311,avg_transaction_amount,0.4136
1347,0.0558,Low,avg_monthly_transaction_count,-3.7299,avg_transaction_amount,-1.6743,avg_balance,0.8211
2548,0.0558,Low,avg_monthly_transaction_count,-3.0293,avg_standing_order_amount,-2.2288,avg_transaction_amount,0.8287
1082,0.0558,Low,avg_monthly_transaction_count,-3.352,avg_transaction_amount,-1.1908,district_avg_salary,-0.8957
3950,0.056,Low,avg_monthly_transaction_count,-1.7261,account_age_days,1.3585,avg_standing_order_amount,0.927
2833,0.0558,Low,avg_monthly_transaction_count,-3.6931,avg_transaction_amount,-1.6344,balance_volatility,-0.7688
3191,0.0571,Low,avg_monthly_transaction_count,2.5329,balance_volatility,-1.329,credit_debit_ratio,0.6397
4237,0.0559,Low,avg_monthly_transaction_count,-3.1475,transaction_trend,-1.4952,balance_volatility,1.2529
4347,0.0558,Low,avg_monthly_transaction_count,-2.5262,avg_standing_order_amount,-1.8286,transaction_trend,-0.9574
1615,0.0558,Low,avg_monthly_transaction_count,-3.563,account_age_days,2.3901,balance_volatility,-0.7155
1663,0.0559,Low,avg_standing_order_amount,-1.8167,avg_transaction_amount,-1.5752,district_urban_ratio,0.9978
908,0.0558,Low,avg_standing_order_amount,-2.6352,avg_monthly_transaction_count,-2.6304,transaction_trend,-1.1287
911,0.6439,Medium,avg_standing_order_amount,2.8508,standing_order_count,1.1176,account_age_days,1.0038
2845,0.0565,Low,avg_monthly_transaction_count,-3.3047,avg_standing_order_amount,1.5065,account_age_days,1.4468
1798,0.0562,Low,avg_standing_order_amount,1.094,credit_debit_ratio,-1.0386,account_age_days,-1.0347
3402,0.5774,Medium,avg_monthly_transaction_count,5.9689,avg_standing_order_amount,1.1203,balance_volatility,1.04
4214,0.0559,Low,min_balance_ever,-4.2804,avg_standing_order_amount,-3.3626,balance_volatility,1.6806
4588,0.0558,Low,min_balance_ever,-3.2839,avg_monthly_transaction_count,-2.5293,avg_standing_order_amount,-2.1722
548,0.0559,Low,avg_standing_order_amount,-2.9094,avg_monthly_transaction_count,1.9385,avg_transaction_amount,-0.7784
564,0.0559,Low,avg_monthly_transaction_count,-2.8227,avg_standing_order_amount,1.4564,account_age_days,-1.432
2094,0.0558,Low,avg_monthly_transaction_count,-3.5742,avg_transaction_amount,-1.5668,credit_debit_ratio,-1.4433
2775,0.0559,Low,avg_standing_order_amount,3.2818,avg_monthly_transaction_count,-2.1281,account_age_days,-1.6337
777,0.0561,Low,avg_standing_order_amount,3.2276,account_age_days,-2.7228,avg_monthly_transaction_count,1.9131
1416,0.056,Low,min_balance_ever,-4.68,avg_transaction_amount,1.7459,balance_volatility,1.6807
315,0.0558,Low,avg_monthly_transaction_count,-3.298,avg_standing_order_amount,0.9308,credit_debit_ratio,-0.8561
2306,0.2423,Low,avg_monthly_transaction_count,4.1489,transaction_trend,1.1982,credit_debit_ratio,0.8097
1451,0.0558,Low,avg_monthly_transaction_count,-2.8382,avg_balance,1.0652,balance_volatility,-0.8921
1913,0.0558,Low,avg_monthly_transaction_count,-2.3294,avg_transaction_amount,-2.0009,credit_debit_ratio,-1.3555
3737,0.0558,Low,balance_volatility,-1.1029,avg_transaction_amount,-0.8691,avg_standing_order_amount,-0.7167
2114,0.0576,Low,avg_monthly_transaction_count,2.8597,avg_standing_order_amount,1.6928,standing_order_count,0.6593
2244,0.0558,Low,avg_transaction_amount,-1.2823,standing_order_count,1.0356,avg_monthly_transaction_count,-0.9759
33,0.0559,Low,avg_monthly_transaction_count,-1.9776,avg_transaction_amount,1.1949,balance_volatility,1.0805
3913,0.0559,Low,avg_monthly_transaction_count,-2.2261,avg_transaction_amount,1.3818,avg_standing_order_amount,0.776
2448,0.0559,Low,avg_monthly_transaction_count,-2.3738,avg_transaction_amount,-1.392,avg_balance,1.2538
2463,0.0559,Low,avg_monthly_transaction_count,-2.2921,avg_transaction_amount,1.7391,balance_volatility,-0.5567
2723,0.0558,Low,avg_monthly_transaction_count,-2.4699,balance_volatility,-1.6655,credit_debit_ratio,0.6064
1423,0.056,Low,avg_monthly_transaction_count,1.0125,avg_standing_order_amount,-0.9067,avg_balance,0.8197
3821,0.0561,Low,avg_standing_order_amount,-1.6272,avg_transaction_amount,1.0558,credit_debit_ratio,0.6069
628,0.0558,Low,avg_monthly_transaction_count,-2.4298,balance_volatility,-1.1991,avg_transaction_amount,-1.0569
292,0.0558,Low,avg_monthly_transaction_count,-3.282,avg_transaction_amount,-1.2551,credit_debit_ratio,-0.559
3174,0.0558,Low,avg_monthly_transaction_count,-3.596,avg_transaction_amount,-1.2083,account_age_days,-1.1893
2729,0.0559,Low,avg_standing_order_amount,-1.6833,district_urban_ratio,-0.6336,avg_monthly_transaction_count,-0.599
3792,0.0558,Low,avg_monthly_transaction_count,-3.8171,avg_transaction_amount,-1.0251,balance_volatility,-0.819
814,0.0558,Low,avg_standing_order_amount,-1.3395,avg_transaction_amount,-1.0401,transaction_trend,0.8536
2296,0.0558,Low,avg_monthly_transaction_count,-3.3252,account_age_days,-1.0736,avg_standing_order_amount,0.966
2289,0.0561,Low,avg_transaction_amount,1.727,avg_monthly_transaction_count,-1.5643,avg_standing_order_amount,0.9963
2645,0.0569,Low,avg_monthly_transaction_count,5.111,avg_standing_order_amount,-2.5125,account_age_days,-0.9712
1178,0.0569,Low,account_age_days,1.2853,avg_transaction_amount,1.1226,avg_monthly_transaction_count,-0.9619
3937,0.0558,Low,avg_monthly_transaction_count,-3.8999,avg_transaction_amount,-1.0077,avg_standing_order_amount,0.835
2670,0.4713,Medium,avg_standing_order_amount,2.5471,avg_monthly_transaction_count,1.64,account_age_days,-1.6292
523,0.0559,Low,avg_monthly_transaction_count,-2.2643,avg_standing_order_amount,-1.3781,avg_transaction_amount,1.2851
3461,0.0558,Low,avg_monthly_transaction_count,-2.2291,avg_standing_order_amount,-2.2051,transaction_trend,-1.7313
803,0.0559,Low,avg_standing_order_amount,-2.9426,district_crimes_count,2.0456,min_balance_ever,-2.0008
234,0.0558,Low,avg_monthly_transaction_count,-3.6332,avg_balance,1.2715,avg_transaction_amount,-0.7486
3279,0.0558,Low,transaction_trend,-2.444,avg_standing_order_amount,-2.3884,avg_monthly_transaction_count,-1.8076
3518,0.0561,Low,avg_monthly_transaction_count,-1.5865,avg_transaction_amount,1.4952,transaction_trend,-0.681
2928,0.0558,Low,avg_monthly_transaction_count,-3.8452,balance_volatility,-1.6457,avg_transaction_amount,-0.8727
1885,0.0574,Low,avg_standing_order_amount,-3.547,avg_monthly_transaction_count,2.04,avg_transaction_amount,0.7945
2808,0.0558,Low,avg_monthly_transaction_count,-2.1399,avg_standing_order_amount,-2.0147,credit_debit_ratio,-1.3003
1424,0.0583,Low,avg_monthly_transaction_count,-2.3096,avg_transaction_amount,1.756,avg_standing_order_amount,1.2803
1992,0.0558,Low,avg_monthly_transaction_count,-4.0479,account_age_days,1.2116,balance_volatility,-0.8067
421,0.0558,Low,avg_monthly_transaction_count,-3.7851,avg_standing_order_amount,0.8643,balance_volatility,-0.7805
2970,0.0558,Low,avg_monthly_transaction_count,-2.9186,avg_standing_order_amount,-1.9896,account_age_days,-1.5395
23,0.0559,Low,avg_monthly_transaction_count,-2.2835,avg_transaction_amount,1.3312,account_age_days,-1.0025
2807,0.0558,Low,avg_standing_order_amount,-3.203,avg_monthly_transaction_count,-2.1507,transaction_trend,-1.7846
1505,0.0558,Low,avg_monthly_transaction_count,-2.6872,avg_standing_order_amount,-2.1297,district_crimes_count,1.8874
3856,0.0558,Low,avg_monthly_transaction_count,-3.4391,avg_transaction_amount,-1.3561,balance_volatility,-0.5818
232,0.0558,Low,avg_monthly_transaction_count,-3.6376,credit_debit_ratio,-1.2312,avg_transaction_amount,1.0395
2130,0.0558,Low,avg_standing_order_amount,-3.4094,avg_monthly_transaction_count,-2.3749,balance_volatility,1.2757
1768,0.0558,Low,avg_monthly_transaction_count,-2.6324,avg_standing_order_amount,-1.8329,avg_transaction_amount,1.144
171,0.0558,Low,avg_monthly_transaction_count,-3.7162,avg_standing_order_amount,0.9346,avg_transaction_amount,-0.8874
2053,0.0559,Low,avg_monthly_transaction_count,-3.7941,balance_volatility,-1.2951,client_age,1.1416
3375,0.0558,Low,avg_monthly_transaction_count,-2.7563,avg_standing_order_amount,-2.6354,avg_transaction_amount,1.0974
4093,0.0558,Low,avg_monthly_transaction_count,-2.588,avg_standing_order_amount,-1.9699,client_age,1.5241
4001,0.0558,Low,avg_monthly_transaction_count,-2.6183,avg_standing_order_amount,-2.161,avg_transaction_amount,-1.3579
4009,0.0558,Low,avg_monthly_transaction_count,-2.8241,avg_standing_order_amount,-2.6098,standing_order_count,-0.8049
1649,0.0558,Low,avg_standing_order_amount,-2.2462,avg_monthly_transaction_count,-2.1697,client_age,1.0461
4379,0.0558,Low,avg_monthly_transaction_count,-2.8952,avg_standing_order_amount,-2.2492,standing_order_count,-0.7717
1804,0.0559,Low,avg_standing_order_amount,-2.6195,balance_volatility,1.2153,avg_transaction_amount,0.8389
1788,0.0558,Low,avg_monthly_transaction_count,-2.4028,avg_standing_order_amount,-1.9445,client_age,1.2027
736,0.0558,Low,avg_monthly_transaction_count,-3.3196,avg_transaction_amount,-1.748,account_age_days,-0.7351
2253,0.0558,Low,avg_monthly_transaction_count,-2.8521,avg_transaction_amount,-1.566,balance_volatility,-1.3334
2267,0.0562,Low,balance_volatility,1.9731,avg_monthly_transaction_count,-1.7841,transaction_trend,-1.5449
271,0.0558,Low,avg_monthly_transaction_count,-3.2369,avg_transaction_amount,-1.2809,standing_order_count,0.6925
193,0.0559,Low,avg_monthly_transaction_count,-3.2036,avg_standing_order_amount,2.4311,avg_transaction_amount,0.9466
284,0.0576,Low,avg_monthly_transaction_count,-2.1421,avg_transaction_amount,1.5301,account_age_days,1.3298
4437,0.0558,Low,avg_standing_order_amount,-2.3023,avg_transaction_amount,-0.9955,avg_monthly_transaction_count,0.8581
2895,0.056,Low,account_age_days,-2.2787,credit_debit_ratio,1.0188,avg_standing_order_amount,0.9597
1394,0.0559,Low,avg_transaction_amount,-1.2585,avg_monthly_transaction_count,-0.5976,credit_debit_ratio,-0.3986
2434,0.0558,Low,avg_monthly_transaction_count,-4.0272,account_age_days,-1.6555,avg_transaction_amount,-1.2834
3892,0.0558,Low,avg_monthly_transaction_count,-3.4437,avg_transaction_amount,-1.6295,balance_volatility,-0.5749
2691,0.0558,Low,avg_monthly_transaction_count,-3.2772,avg_transaction_amount,-1.707,credit_debit_ratio,-0.998
120,0.0566,Low,balance_volatility,1.5135,avg_standing_order_amount,1.4342,transaction_trend,-1.2327
3888,0.0558,Low,avg_monthly_transaction_count,-2.2641,avg_standing_order_amount,-2.0286,transaction_trend,-1.0894
3643,0.0558,Low,avg_monthly_transaction_count,-2.1866,avg_standing_order_amount,-2.0022,avg_transaction_amount,-1.3305
3139,0.0558,Low,avg_standing_order_amount,-2.9503,avg_monthly_transaction_count,-2.2942,avg_transaction_amount,1.4866
138,0.0558,Low,avg_standing_order_amount,-2.4023,avg_monthly_transaction_count,-2.39,transaction_trend,-1.8479
1530,0.0558,Low,avg_monthly_transaction_count,-3.7125,balance_volatility,-0.9213,avg_standing_order_amount,0.7663
3490,0.0558,Low,avg_monthly_transaction_count,-2.715,avg_standing_order_amount,-2.167,client_age,0.9308
3803,0.0559,Low,avg_monthly_transaction_count,-3.7172,avg_standing_order_amount,1.2157,balance_volatility,-0.9756
3814,0.0558,Low,avg_monthly_transaction_count,-2.6799,avg_standing_order_amount,-2.0446,credit_debit_ratio,-0.8534
430,0.0558,Low,avg_monthly_transaction_count,-2.5286,avg_standing_order_amount,-2.1581,avg_transaction_amount,-1.3864
840,0.0566,Low,avg_monthly_transaction_count,-1.4837,avg_transaction_amount,1.2914,min_balance_ever,0.5305
3523,0.0558,Low,avg_monthly_transaction_count,-2.7818,avg_standing_order_amount,-2.7292,district_urban_ratio,0.8748
1571,0.0559,Low,avg_monthly_transaction_count,-3.5625,avg_standing_order_amount,1.199,avg_transaction_amount,1.1759
1177,0.0563,Low,account_age_days,-1.5274,avg_transaction_amount,1.3681,avg_standing_order_amount,1.0931
3934,0.0558,Low,avg_monthly_transaction_count,-3.4026,account_age_days,-0.9937,balance_volatility,-0.9005
889,0.0558,Low,avg_monthly_transaction_count,-2.7303,avg_transaction_amount,-1.5434,account_age_days,-1.3046
1339,0.0558,Low,avg_standing_order_amount,-3.5151,avg_monthly_transaction_count,-2.3704,avg_transaction_amount,1.1983
1408,0.0558,Low,avg_standing_order_amount,-3.2372,avg_monthly_transaction_count,-2.0625,balance_volatility,0.8331
1186,0.0558,Low,avg_standing_order_amount,-2.5471,transaction_trend,-2.1698,account_age_days,-1.2038
3724,0.0558,Low,avg_monthly_transaction_count,-3.6561,avg_transaction_amount,1.8676,credit_debit_ratio,-1.7531
1812,0.0558,Low,avg_transaction_amount,-1.6923,avg_monthly_transaction_count,-1.3208,avg_balance,0.9294
1173,0.0558,Low,avg_transaction_amount,-1.9768,avg_monthly_transaction_count,-1.1519,avg_standing_order_amount,-0.9941
2937,0.0558,Low,avg_monthly_transaction_count,-3.5982,avg_balance,1.1521,avg_standing_order_amount,1.0113
794,0.0558,Low,avg_monthly_transaction_count,-2.6153,avg_standing_order_amount,-1.8178,credit_debit_ratio,-1.0366
2777,0.0558,Low,avg_monthly_transaction_count,-2.5576,avg_standing_order_amount,-2.387,transaction_trend,-1.128
951,0.0558,Low,avg_monthly_transaction_count,-3.4064,avg_transaction_amount,-1.8128,balance_volatility,-0.8079
3716,0.0558,Low,avg_monthly_transaction_count,-2.6026,avg_standing_order_amount,-1.9021,credit_debit_ratio,-0.9697
3962,0.0558,Low,min_balance_ever,-3.6501,avg_monthly_transaction_count,-2.2524,avg_standing_order_amount,-1.844
585,0.0558,Low,avg_monthly_transaction_count,-2.8284,avg_standing_order_amount,-2.0446,avg_transaction_amount,0.9035
3824,0.0558,Low,avg_monthly_transaction_count,-3.3096,balance_volatility,-1.2697,avg_standing_order_amount,1.1709
334,0.0561,Low,avg_standing_order_amount,-1.8025,avg_monthly_transaction_count,1.4172,avg_transaction_amount,0.7385
352,0.0558,Low,avg_monthly_transaction_count,-3.2726,avg_transaction_amount,-1.8058,balance_volatility,-0.7563
3181,0.0558,Low,avg_standing_order_amount,-1.6958,avg_monthly_transaction_count,-1.1862,avg_transaction_amount,-1.0459
2433,0.0558,Low,avg_monthly_transaction_count,-3.37,avg_transaction_amount,-1.6695,account_age_days,-1.4085
1680,0.0559,Low,avg_monthly_transaction_count,-1.2248,balance_volatility,-0.9781,account_age_days,-0.9765
3563,0.0559,Low,avg_standing_order_amount,-2.4142,avg_monthly_transaction_count,-2.2803,avg_transaction_amount,1.7619
8998,0.0558,Low,min_balance_ever,-4.4814,avg_monthly_transaction_count,-2.894,avg_transaction_amount,1.5467
3278,0.0558,Low,avg_monthly_transaction_count,-3.1975,avg_standing_order_amount,-1.9548,avg_balance,0.843
3284,0.0558,Low,avg_monthly_transaction_count,-2.3826,balance_volatility,-1.4895,credit_debit_ratio,0.7664
100,0.0567,Low,avg_monthly_transaction_count,1.9989,avg_standing_order_amount,1.1135,credit_debit_ratio,-0.7919
133,0.0574,Low,avg_monthly_transaction_count,5.3303,transaction_trend,-1.4522,avg_standing_order_amount,1.0394
2201,0.0559,Low,avg_standing_order_amount,-3.6873,avg_monthly_transaction_count,2.7784,avg_balance,1.1304
1605,0.2672,Low,avg_monthly_transaction_count,4.0719,standing_order_count,1.8215,avg_transaction_amount,-1.3582
921,0.0558,Low,avg_standing_order_amount,-2.7823,avg_monthly_transaction_count,1.0683,avg_transaction_amount,-0.7849
819,0.0558,Low,avg_monthly_transaction_count,-2.5823,avg_standing_order_amount,-2.0667,avg_transaction_amount,1.3293
842,0.0558,Low,avg_monthly_transaction_count,-3.6288,avg_standing_order_amount,1.0439,balance_volatility,-0.9661
4035,0.0558,Low,min_balance_ever,-4.284,avg_standing_order_amount,-2.2518,balance_volatility,1.1201
435,0.0558,Low,avg_monthly_transaction_count,-3.559,account_age_days,-2.4083,balance_volatility,-0.9645
2045,0.0558,Low,avg_monthly_transaction_count,-3.2575,balance_volatility,-0.5182,standing_order_count,0.4951
10904,0.0558,Low,min_balance_ever,-4.2545,avg_monthly_transaction_count,1.3392,avg_standing_order_amount,-1.289
1937,0.0558,Low,avg_monthly_transaction_count,-3.4762,avg_transaction_amount,-1.4677,account_age_days,-0.697
2665,0.0559,Low,avg_standing_order_amount,-4.1889,avg_monthly_transaction_count,2.5336,balance_volatility,-0.4794
4173,0.0558,Low,avg_monthly_transaction_count,-2.4231,avg_standing_order_amount,-2.3404,credit_debit_ratio,-1.2279
3305,0.0559,Low,avg_standing_order_amount,-2.6949,avg_monthly_transaction_count,1.4864,avg_balance,1.4063
2678,0.0585,Low,avg_monthly_transaction_count,-2.4553,client_age,2.1871,balance_volatility,1.5416
2809,0.058,Low,avg_monthly_transaction_count,2.2082,avg_standing_order_amount,1.2657,balance_volatility,-1.2122
3917,0.0656,Low,avg_monthly_transaction_count,6.1969,avg_standing_order_amount,-1.6747,avg_transaction_amount,0.663
493,0.0559,Low,avg_monthly_transaction_count,-2.4214,avg_standing_order_amount,-1.8559,avg_transaction_amount,1.6201
414,0.0559,Low,avg_monthly_transaction_count,-2.0489,avg_transaction_amount,1.1369,avg_standing_order_amount,-0.6118
411,0.0559,Low,account_age_days,-2.8095,transaction_trend,0.7088,district_urban_ratio,-0.6386
2175,0.0558,Low,min_balance_ever,-4.0349,avg_standing_order_amount,-3.0351,balance_volatility,1.5105
2541,0.0568,Low,avg_monthly_transaction_count,3.5623,credit_debit_ratio,-1.0351,transaction_trend,0.6893
1080,0.0566,Low,district_urban_ratio,1.2002,account_age_days,-0.9605,avg_transaction_amount,0.8447
1079,0.056,Low,avg_standing_order_amount,-2.4411,account_age_days,-1.1355,credit_debit_ratio,1.082
8153,0.056,Low,min_balance_ever,-5.1182,avg_monthly_transaction_count,3.5575,avg_transaction_amount,-1.386
1129,0.1205,Low,avg_monthly_transaction_count,3.9884,avg_standing_order_amount,1.4217,transaction_trend,-0.9387
896,0.0558,Low,avg_monthly_transaction_count,-2.5608,transaction_trend,-0.8444,balance_volatility,-0.7455
2840,0.0563,Low,transaction_trend,-3.6495,avg_standing_order_amount,3.2874,credit_debit_ratio,0.9509
2854,0.0561,Low,avg_monthly_transaction_count,-2.1351,avg_transaction_amount,1.8195,avg_balance,-1.2432
4480,0.0558,Low,avg_monthly_transaction_count,-2.6878,avg_standing_order_amount,-2.184,avg_transaction_amount,0.6017
5472,0.0558,Low,min_balance_ever,-3.3555,avg_monthly_transaction_count,-2.3265,avg_standing_order_amount,-1.9836
2795,0.0578,Low,avg_monthly_transaction_count,3.6267,avg_standing_order_amount,1.2115,total_debit_amount,-0.9221
1445,0.0569,Low,avg_monthly_transaction_count,6.4695,avg_standing_order_amount,-2.3157,client_age,-0.7462
1914,0.0558,Low,avg_standing_order_amount,-2.6694,avg_monthly_transaction_count,2.1521,transaction_trend,-1.46
562,0.0559,Low,avg_standing_order_amount,-3.8309,avg_monthly_transaction_count,1.8584,account_age_days,-1.5972
721,0.0558,Low,avg_monthly_transaction_count,-3.2528,avg_transaction_amount,-1.9625,account_age_days,-0.7386
743,0.0558,Low,avg_monthly_transaction_count,-3.5779,avg_transaction_amount,-1.664,balance_volatility,-1.0383
1273,0.056,Low,avg_transaction_amount,1.2007,avg_monthly_transaction_count,-1.0101,account_age_days,-0.6396
549,0.0565,Low,account_age_days,0.9479,avg_transaction_amount,0.8774,avg_monthly_transaction_count,0.7023
3725,0.0559,Low,avg_transaction_amount,1.5188,avg_standing_order_amount,-1.2583,avg_monthly_transaction_count,-0.8398
3733,0.056,Low,avg_monthly_transaction_count,2.1567,avg_standing_order_amount,-1.1847,avg_balance,-1.1278
376,0.0564,Low,avg_transaction_amount,0.9739,avg_standing_order_amount,0.7143,avg_balance,0.6297
219,0.0572,Low,avg_monthly_transaction_count,1.4963,avg_transaction_amount,1.0113,avg_standing_order_amount,0.7484
3122,0.0558,Low,avg_monthly_transaction_count,-1.5766,credit_debit_ratio,-1.5734,account_age_days,0.9218
2321,0.056,Low,standing_order_count,2.5598,avg_transaction_amount,-1.5723,avg_monthly_transaction_count,1.1892
2313,0.1246,Low,avg_monthly_transaction_count,3.2697,avg_standing_order_amount,1.2838,credit_debit_ratio,0.7726
2632,0.0563,Low,avg_monthly_transaction_count,4.7862,account_age_days,-2.5309,avg_standing_order_amount,-2.1468
2976,0.0566,Low,avg_transaction_amount,1.2661,balance_volatility,-1.0286,account_age_days,0.7543
3076,0.0558,Low,avg_monthly_transaction_count,-3.7229,avg_transaction_amount,-1.577,account_age_days,-0.7011
3017,0.0782,Low,avg_monthly_transaction_count,5.9051,avg_standing_order_amount,-1.9305,credit_debit_ratio,0.8265
1635,0.056,Low,account_age_days,-1.0248,avg_transaction_amount,0.7804,credit_debit_ratio,0.6934
1632,0.059,Low,standing_order_count,2.2567,avg_monthly_transaction_count,1.9141,avg_balance,-1.6963
1796,0.0559,Low,avg_standing_order_amount,-1.5538,avg_monthly_transaction_count,1.3291,transaction_trend,-1.0064
1526,0.0558,Low,avg_monthly_transaction_count,-2.6844,credit_debit_ratio,-1.7168,total_credit_amount,-0.5189
5648,0.0558,Low,min_balance_ever,-3.4337,avg_standing_order_amount,-3.064,account_age_days,0.636
5767,0.0558,Low,min_balance_ever,-4.5487,avg_standing_order_amount,-3.4058,avg_monthly_transaction_count,2.4148
946,0.0558,Low,avg_monthly_transaction_count,-2.5781,avg_standing_order_amount,-2.5484,avg_transaction_amount,1.5648
1046,0.0559,Low,balance_volatility,-0.9515,credit_debit_ratio,0.6072,total_debit_amount,-0.4842
3577,0.0558,Low,credit_debit_ratio,-2.0016,avg_monthly_transaction_count,-1.2515,account_age_days,0.8466
2443,0.0567,Low,avg_monthly_transaction_count,-2.4538,avg_standing_order_amount,1.8711,avg_transaction_amount,1.0065
979,0.056,Low,account_age_days,-1.9326,credit_debit_ratio,1.1749,balance_volatility,-0.8787
2591,0.0558,Low,avg_monthly_transaction_count,-2.6266,avg_transaction_amount,-1.122,balance_volatility,-0.9477
3155,0.056,Low,avg_monthly_transaction_count,-1.8813,avg_transaction_amount,1.3214,avg_standing_order_amount,-0.7799
1729,0.0559,Low,avg_monthly_transaction_count,-3.5058,avg_standing_order_amount,1.4889,account_age_days,1.0834
1990,0.0558,Low,avg_monthly_transaction_count,-3.2082,avg_transaction_amount,-2.1251,balance_volatility,-0.9327
863,0.8054,High,avg_monthly_transaction_count,5.1306,avg_standing_order_amount,4.8404,balance_volatility,1.2066
674,0.0558,Low,avg_monthly_transaction_count,-3.4008,avg_transaction_amount,-1.9862,balance_volatility,-0.7961
3262,0.056,Low,avg_monthly_transaction_count,-2.6322,avg_transaction_amount,0.999,account_age_days,0.9684
3826,0.0562,Low,avg_standing_order_amount,1.0758,balance_volatility,-0.662,district_urban_ratio,-0.616
346,0.0558,Low,account_age_days,-3.2879,credit_debit_ratio,0.8593,avg_standing_order_amount,-0.5625
625,0.0725,Low,avg_standing_order_amount,3.3198,balance_volatility,3.1333,avg_monthly_transaction_count,-1.8051
291,0.553,Medium,avg_monthly_transaction_count,9.4573,avg_transaction_amount,-2.8611,avg_standing_order_amount,2.0609
1863,0.0562,Low,avg_monthly_transaction_count,3.0968,avg_standing_order_amount,-3.0497,credit_debit_ratio,-0.9634
2437,0.0558,Low,avg_standing_order_amount,-1.8214,avg_transaction_amount,-1.5336,client_age,0.7962
2229,0.0559,Low,avg_monthly_transaction_count,-1.5054,avg_standing_order_amount,-1.3826,avg_transaction_amount,1.252
11382,0.0558,Low,min_balance_ever,-4.7054,avg_standing_order_amount,-3.5716,avg_monthly_transaction_count,2.0883
3128,0.0558,Low,avg_monthly_transaction_count,-2.2721,avg_standing_order_amount,-2.1878,standing_order_count,-0.5729
157,0.0558,Low,avg_monthly_transaction_count,-3.7466,balance_volatility,-1.2994,district_urban_ratio,1.2424
141,0.0596,Low,avg_monthly_transaction_count,3.6796,avg_standing_order_amount,1.3244,standing_order_count,-1.3166
2195,0.0558,Low,avg_monthly_transaction_count,-2.3355,avg_standing_order_amount,-2.2829,avg_balance,-1.4043
2185,0.0558,Low,avg_monthly_transaction_count,-3.4186,avg_transaction_amount,-1.6415,district_avg_salary,-1.2257
3991,0.0558,Low,avg_monthly_transaction_count,-3.2697,credit_debit_ratio,-0.6388,balance_volatility,-0.6051
1029,0.8106,High,avg_monthly_transaction_count,9.4278,avg_standing_order_amount,2.1556,credit_debit_ratio,0.96
1147,0.0558,Low,avg_monthly_transaction_count,-2.6929,avg_standing_order_amount,-2.5774,account_age_days,-0.7057
2214,0.0559,Low,avg_monthly_transaction_count,-3.1674,avg_transaction_amount,1.6233,avg_standing_order_amount,-1.5761
820,0.056,Low,avg_monthly_transaction_count,2.7536,district_urban_ratio,-0.781,transaction_trend,-0.5335
3624,0.0559,Low,avg_monthly_transaction_count,-3.1483,balance_volatility,2.0538,avg_standing_order_amount,-1.6136
1157,0.0558,Low,avg_monthly_transaction_count,-3.1231,avg_standing_order_amount,-1.4915,standing_order_count,-0.6972
1161,0.0558,Low,avg_monthly_transaction_count,-3.6458,district_avg_salary,-0.8931,account_age_days,-0.877
1338,0.0561,Low,avg_monthly_transaction_count,4.6564,account_age_days,-2.6182,avg_standing_order_amount,-1.6312
2651,0.0574,Low,avg_standing_order_amount,3.4519,account_age_days,-2.7044,district_avg_salary,-1.1446
2657,0.0558,Low,avg_monthly_transaction_count,-3.672,avg_transaction_amount,-1.7414,balance_volatility,-1.009
4225,0.0558,Low,avg_monthly_transaction_count,-2.7058,avg_standing_order_amount,-2.1413,avg_transaction_amount,0.8074
3948,0.0567,Low,avg_monthly_transaction_count,5.6251,avg_standing_order_amount,-2.2635,standing_order_count,-0.9565
3530,0.0558,Low,avg_monthly_transaction_count,-1.6924,avg_transaction_amount,-0.9664,avg_standing_order_amount,0.8747
516,0.0558,Low,avg_monthly_transaction_count,-3.7143,balance_volatility,-1.4673,avg_standing_order_amount,0.4997
750,0.0559,Low,account_age_days,-1.2204,balance_volatility,-0.9407,avg_transaction_amount,0.8441
759,0.0559,Low,avg_monthly_transaction_count,2.1349,avg_transaction_amount,-2.0223,standing_order_count,1.82
744,0.0558,Low,avg_monthly_transaction_count,-1.9236,account_age_days,-1.8543,avg_transaction_amount,-1.632
404,0.0567,Low,avg_monthly_transaction_count,2.7687,avg_balance,-0.9719,credit_debit_ratio,0.8762
400,0.0559,Low,avg_monthly_transaction_count,-1.9987,account_age_days,-1.1601,avg_transaction_amount,0.9537
3255,0.0558,Low,avg_monthly_transaction_count,-2.0315,avg_standing_order_amount,-2.0211,balance_volatility,1.7243
1956,0.0558,Low,avg_monthly_transaction_count,-2.4809,credit_debit_ratio,-1.0039,account_age_days,0.9014
2527,0.0575,Low,avg_monthly_transaction_count,3.5165,transaction_trend,-2.6464,avg_standing_order_amount,2.1951
4301,0.0558,Low,avg_monthly_transaction_count,-2.8223,avg_standing_order_amount,-2.4341,avg_transaction_amount,1.5262
1358,0.0559,Low,avg_transaction_amount,-1.575,avg_standing_order_amount,0.9201,credit_debit_ratio,-0.6613
1077,0.0558,Low,account_age_days,-1.5559,avg_standing_order_amount,-1.4579,credit_debit_ratio,-1.2321
2827,0.0559,Low,avg_monthly_transaction_count,-3.3129,avg_transaction_amount,1.3179,standing_order_count,0.9775
3843,0.0558,Low,avg_monthly_transaction_count,-2.5689,avg_standing_order_amount,-2.5034,client_age,1.2653
892,0.0558,Low,account_age_days,-1.4984,avg_transaction_amount,-1.184,avg_standing_order_amount,-1.1545
2026,0.0565,Low,avg_monthly_transaction_count,1.9393,credit_debit_ratio,-1.0513,avg_transaction_amount,0.8787
4478,0.0559,Low,avg_monthly_transaction_count,-3.0069,standing_order_count,1.0126,avg_standing_order_amount,-0.8832
3102,0.0558,Low,avg_monthly_transaction_count,-2.8972,avg_standing_order_amount,1.4458,avg_transaction_amount,1.4264
3092,0.0558,Low,avg_monthly_transaction_count,-3.0251,avg_transaction_amount,-1.4502,avg_balance,-0.5995
1899,0.0558,Low,avg_monthly_transaction_count,-3.651,avg_transaction_amount,-1.5682,avg_standing_order_amount,0.8354
3719,0.0559,Low,avg_monthly_transaction_count,-1.6776,avg_transaction_amount,1.4301,account_age_days,0.9349
730,0.0559,Low,avg_standing_order_amount,-3.8235,avg_monthly_transaction_count,2.0218,avg_transaction_amount,-1.7878
269,0.0558,Low,avg_standing_order_amount,-2.1959,avg_transaction_amount,-1.4406,avg_monthly_transaction_count,1.1974
2317,0.0558,Low,avg_monthly_transaction_count,-2.9059,avg_transaction_amount,-1.4959,account_age_days,1.0659
2400,0.0558,Low,avg_monthly_transaction_count,-3.2412,avg_transaction_amount,-1.7301,standing_order_count,0.5642
3557,0.0558,Low,avg_monthly_transaction_count,-3.6535,avg_transaction_amount,-1.8518,credit_debit_ratio,-1.3203
1627,0.0558,Low,avg_monthly_transaction_count,-2.829,avg_standing_order_amount,-1.6392,standing_order_count,-0.6878
2097,0.0558,Low,avg_standing_order_amount,-2.3351,avg_transaction_amount,-1.2381,credit_debit_ratio,-1.0131
3702,0.0559,Low,avg_transaction_amount,1.1289,avg_monthly_transaction_count,-0.6849,avg_standing_order_amount,0.6146
942,0.0558,Low,avg_standing_order_amount,-3.4707,avg_monthly_transaction_count,2.0564,avg_transaction_amount,-1.1059
3986,0.057,Low,avg_monthly_transaction_count,2.5392,avg_standing_order_amount,1.1828,account_age_days,0.6766
2870,0.0559,Low,balance_volatility,-0.7875,avg_standing_order_amount,0.6819,account_age_days,0.567
3041,0.0558,Low,avg_standing_order_amount,-4.7469,avg_monthly_transaction_count,2.7533,avg_transaction_amount,-1.223
3030,0.0558,Low,avg_transaction_amount,-2.1318,avg_balance,-0.8858,balance_volatility,-0.5525
3031,0.0558,Low,avg_monthly_transaction_count,-3.5686,avg_transaction_amount,-1.6288,min_balance_ever,0.9566
3035,0.0598,Low,avg_standing_order_amount,3.9531,avg_monthly_transaction_count,3.2217,avg_balance,-1.5348
4438,0.0558,Low,avg_monthly_transaction_count,-2.7474,credit_debit_ratio,-1.2923,avg_standing_order_amount,-1.0112
698,0.0559,Low,avg_monthly_transaction_count,-2.7254,avg_transaction_amount,1.5246,balance_volatility,-0.6485
322,0.0559,Low,account_age_days,-1.9969,avg_monthly_transaction_count,-1.8645,balance_volatility,-1.075
300,0.0559,Low,avg_transaction_amount,-1.4593,standing_order_count,1.3145,avg_standing_order_amount,0.7517
2070,0.0559,Low,account_age_days,-1.734,avg_monthly_transaction_count,-1.1149,avg_transaction_amount,0.5036
1763,0.0898,Low,avg_monthly_transaction_count,2.645,avg_standing_order_amount,1.2544,avg_transaction_amount,0.8441
3568,0.0558,Low,avg_monthly_transaction_count,-3.4661,avg_transaction_amount,-1.0374,avg_balance,0.8162
2372,0.0559,Low,avg_standing_order_amount,-4.4455,avg_monthly_transaction_count,3.0554,avg_transaction_amount,-1.2651
148,0.0559,Low,avg_standing_order_amount,-3.7967,avg_monthly_transaction_count,3.0404,avg_transaction_amount,-0.9913
1535,0.0559,Low,account_age_days,-2.5659,avg_monthly_transaction_count,1.081,avg_transaction_amount,-1.0733
1606,0.0558,Low,avg_standing_order_amount,-2.1213,credit_debit_ratio,-1.0288,transaction_trend,-1.0164
623,0.0558,Low,avg_standing_order_amount,-1.9049,avg_transaction_amount,-1.4786,account_age_days,-0.6831
1169,0.0577,Low,avg_monthly_transaction_count,3.5612,avg_standing_order_amount,1.6776,district_avg_salary,-0.7947
1189,0.0558,Low,account_age_days,-1.7367,avg_transaction_amount,-1.4913,avg_standing_order_amount,-1.3617
1190,0.0558,Low,avg_monthly_transaction_count,-2.9276,avg_standing_order_amount,-0.7692,credit_debit_ratio,0.7543
3538,0.0558,Low,avg_monthly_transaction_count,-2.5722,avg_standing_order_amount,-2.2205,standing_order_count,-0.5098
3931,0.0559,Low,avg_monthly_transaction_count,-2.6748,avg_standing_order_amount,-2.0544,avg_transaction_amount,1.5662
753,0.0559,Low,avg_transaction_amount,-0.9782,avg_monthly_transaction_count,-0.7581,standing_order_count,0.6724
399,0.0578,Low,avg_standing_order_amount,1.5443,balance_volatility,1.5239,avg_monthly_transaction_count,-0.9555
3253,0.5549,Medium,balance_volatility,2.2085,avg_transaction_amount,2.0067,avg_standing_order_amount,1.4649
2164,0.0559,Low,avg_monthly_transaction_count,-2.7779,avg_transaction_amount,0.9732,credit_debit_ratio,-0.3943
2695,0.0562,Low,account_age_days,-1.1168,avg_transaction_amount,0.899,standing_order_count,0.6672
3880,0.0558,Low,avg_monthly_transaction_count,-1.7847,avg_transaction_amount,-1.4632,balance_volatility,-1.4342
2359,0.0559,Low,avg_transaction_amount,-1.4928,balance_volatility,-0.9491,avg_monthly_transaction_count,-0.7544
2159,0.1311,Low,avg_monthly_transaction_count,2.766,avg_standing_order_amount,1.9347,avg_transaction_amount,1.0346
2409,0.0558,Low,avg_monthly_transaction_count,-1.5594,client_age,0.6425,credit_debit_ratio,-0.5262
2415,0.056,Low,avg_monthly_transaction_count,-3.0112,avg_standing_order_amount,1.9453,avg_transaction_amount,1.2047
1932,0.0558,Low,min_balance_ever,-4.0989,avg_standing_order_amount,-2.0427,avg_transaction_amount,1.3152
2782,0.0559,Low,avg_monthly_transaction_count,-3.5477,avg_transaction_amount,0.9318,account_age_days,0.7028
1910,0.0559,Low,avg_standing_order_amount,-2.8564,avg_balance,-1.2555,district_avg_salary,1.1146
532,0.0558,Low,avg_standing_order_amount,-3.0862,balance_volatility,2.2945,avg_monthly_transaction_count,-1.9458
542,0.0558,Low,avg_monthly_transaction_count,-3.6663,avg_transaction_amount,-1.6629,balance_volatility,-0.7812
3410,0.0558,Low,avg_standing_order_amount,-3.3118,avg_monthly_transaction_count,2.4002,transaction_trend,-1.1518
245,0.0559,Low,min_balance_ever,-3.2127,avg_standing_order_amount,-2.6265,transaction_trend,1.2651
932,0.0558,Low,avg_monthly_transaction_count,-3.5376,avg_transaction_amount,-1.5753,balance_volatility,-0.8573
1043,0.0559,Low,avg_monthly_transaction_count,-3.0155,avg_standing_order_amount,2.0687,credit_debit_ratio,-2.0568
787,0.0561,Low,avg_monthly_transaction_count,1.528,avg_balance,1.0526,avg_standing_order_amount,-0.7657
2709,0.0558,Low,avg_standing_order_amount,-3.6479,avg_transaction_amount,-1.1849,credit_debit_ratio,-0.9188
2961,0.0559,Low,avg_transaction_amount,-1.5388,avg_standing_order_amount,-1.1708,client_age,1.1518
2517,0.0563,Low,avg_transaction_amount,2.1456,avg_monthly_transaction_count,-2.0097,avg_standing_order_amount,-1.6186
2511,0.0574,Low,avg_monthly_transaction_count,1.5512,avg_standing_order_amount,0.8888,district_urban_ratio,-0.7634
2869,0.0558,Low,avg_monthly_transaction_count,-3.5862,avg_transaction_amount,-1.3057,balance_volatility,-0.7657
2010,0.0558,Low,avg_monthly_transaction_count,-3.7906,avg_standing_order_amount,1.0064,avg_transaction_amount,-0.7842
6636,0.0558,Low,min_balance_ever,-4.607,avg_standing_order_amount,-3.3436,avg_monthly_transaction_count,2.3556
3154,0.0558,Low,credit_debit_ratio,-1.8437,account_age_days,1.151,avg_transaction_amount,1.0133
3601,0.0558,Low,avg_monthly_transaction_count,-3.5408,avg_transaction_amount,-1.4886,client_age,-0.8605
3800,0.0565,Low,avg_monthly_transaction_count,1.0612,avg_balance,0.9539,credit_debit_ratio,0.8363
950,0.0564,Low,balance_volatility,1.9821,avg_monthly_transaction_count,-1.8246,avg_transaction_amount,0.994
3482,0.0558,Low,avg_monthly_transaction_count,-3.6177,avg_balance,1.1194,avg_transaction_amount,-1.0468
3453,0.0566,Low,avg_monthly_transaction_count,-2.5516,avg_transaction_amount,1.5829,avg_standing_order_amount,0.7295
302,0.0558,Low,avg_monthly_transaction_count,-2.2912,min_balance_ever,1.2059,balance_volatility,-0.885
2432,0.0558,Low,avg_monthly_transaction_count,-3.6606,avg_transaction_amount,-1.4503,balance_volatility,-1.0309
1670,0.0558,Low,avg_transaction_amount,-2.0674,avg_monthly_transaction_count,-1.2627,avg_standing_order_amount,-0.6179
1678,0.0573,Low,avg_monthly_transaction_count,2.4872,account_age_days,-1.626,client_age,1.0037
1767,0.056,Low,avg_standing_order_amount,-2.3811,avg_monthly_transaction_count,2.184,avg_transaction_amount,0.8217
3569,0.0558,Low,avg_standing_order_amount,-3.18,credit_debit_ratio,-1.2555,avg_monthly_transaction_count,0.9468
2234,0.0558,Low,avg_standing_order_amount,-2.4827,avg_transaction_amount,-1.8164,district_urban_ratio,0.7536
2379,0.0559,Low,avg_standing_order_amount,-3.8717,avg_monthly_transaction_count,3.468,account_age_days,-1.8654
3290,0.0559,Low,avg_standing_order_amount,-3.4028,avg_monthly_transaction_count,-2.1,district_avg_salary,1.2151
99,0.0574,Low,transaction_trend,-2.9007,avg_standing_order_amount,2.1705,balance_volatility,1.6318
123,0.0558,Low,avg_monthly_transaction_count,-3.5993,account_age_days,-1.7721,avg_transaction_amount,-1.1986
3062,0.0558,Low,avg_monthly_transaction_count,-3.7413,account_age_days,1.4388,avg_transaction_amount,-1.378
1711,0.0559,Low,avg_monthly_transaction_count,3.9507,avg_standing_order_amount,-3.532,avg_transaction_amount,-1.2092
1611,0.056,Low,avg_monthly_transaction_count,1.4954,district_avg_salary,-1.4468,avg_standing_order_amount,-0.8038
917,0.0559,Low,avg_monthly_transaction_count,-2.0337,district_urban_ratio,0.5762,district_avg_salary,0.4678
1020,0.0559,Low,avg_standing_order_amount,-4.2178,avg_monthly_transaction_count,3.3351,avg_transaction_amount,-1.3216
1139,0.0561,Low,avg_monthly_transaction_count,2.7912,avg_balance,-2.3181,balance_volatility,1.9031
1158,0.0559,Low,avg_transaction_amount,-1.9904,avg_standing_order_amount,0.7217,standing_order_count,0.7032
2042,0.0558,Low,avg_monthly_transaction_count,-2.747,credit_debit_ratio,-1.3139,avg_transaction_amount,-1.195
1833,0.0558,Low,avg_monthly_transaction_count,-3.4,account_age_days,-1.482,avg_transaction_amount,-0.6627
1471,0.0559,Low,avg_monthly_transaction_count,1.1031,total_debit_amount,-0.891,avg_transaction_amount,0.7801
2656,0.0558,Low,avg_transaction_amount,-1.5384,avg_monthly_transaction_count,-1.317,balance_volatility,-0.8424
2677,0.056,Low,avg_standing_order_amount,-2.9697,avg_monthly_transaction_count,2.4995,avg_transaction_amount,0.7314
2805,0.0558,Low,avg_monthly_transaction_count,-3.1135,avg_transaction_amount,-1.6704,balance_volatility,-0.7987
3525,0.0558,Low,avg_monthly_transaction_count,-3.627,avg_transaction_amount,-1.063,balance_volatility,-0.62
1846,0.0558,Low,avg_monthly_transaction_count,-3.4918,avg_transaction_amount,-1.9594,credit_debit_ratio,-0.9419
1074,0.0559,Low,avg_monthly_transaction_count,-3.4267,avg_transaction_amount,1.1293,standing_order_count,0.9872
3846,0.0558,Low,avg_monthly_transaction_count,-3.1823,avg_transaction_amount,-1.5276,credit_debit_ratio,-0.9495
3884,0.0558,Low,avg_monthly_transaction_count,-3.8618,avg_standing_order_amount,0.8385,balance_volatility,-0.7291
1126,0.0558,Low,account_age_days,-2.1238,avg_transaction_amount,-1.2249,avg_monthly_transaction_count,-0.8565
1116,0.0558,Low,avg_monthly_transaction_count,-2.3526,account_age_days,-0.875,avg_standing_order_amount,-0.7046
890,0.0558,Low,avg_monthly_transaction_count,-2.1281,account_age_days,-1.9812,balance_volatility,-1.0821
3763,0.0572,Low,avg_monthly_transaction_count,3.2719,balance_volatility,-1.0406,avg_standing_order_amount,0.9375
3766,0.0559,Low,avg_monthly_transaction_count,-3.3337,balance_volatility,1.737,avg_transaction_amount,0.8244
2611,0.0558,Low,avg_monthly_transaction_count,-2.516,avg_standing_order_amount,-2.3051,avg_transaction_amount,1.4632
2757,0.0558,Low,avg_monthly_transaction_count,-3.5207,avg_transaction_amount,-1.6866,credit_debit_ratio,-1.428
2023,0.0566,Low,avg_monthly_transaction_count,4.8006,account_age_days,-1.2265,avg_standing_order_amount,-1.1193
3374,0.0558,Low,min_balance_ever,-4.4232,avg_standing_order_amount,-2.2958,account_age_days,-1.5585
2798,0.0564,Low,credit_debit_ratio,1.0295,balance_volatility,-0.8413,avg_transaction_amount,0.7525
1641,0.5661,Medium,avg_monthly_transaction_count,10.1206,transaction_trend,-2.0571,avg_balance,-1.1533
1298,0.0561,Low,avg_monthly_transaction_count,-1.4885,balance_volatility,-1.4791,avg_transaction_amount,1.075
1314,0.0559,Low,avg_monthly_transaction_count,-2.6701,avg_transaction_amount,1.0017,credit_debit_ratio,0.7535
3717,0.0572,Low,avg_monthly_transaction_count,-2.7951,avg_standing_order_amount,2.0358,standing_order_count,1.5428
714,0.0558,Low,avg_monthly_transaction_count,-3.7053,avg_standing_order_amount,0.9969,balance_volatility,-0.7802
260,0.0559,Low,avg_monthly_transaction_count,-1.9822,total_debit_amount,0.5649,min_balance_ever,0.5356
214,0.0558,Low,avg_monthly_transaction_count,-3.4912,avg_transaction_amount,-1.6322,credit_debit_ratio,-1.113
227,0.0567,Low,balance_volatility,1.2068,avg_monthly_transaction_count,-0.7762,district_urban_ratio,0.67
1785,0.0558,Low,avg_monthly_transaction_count,-3.4098,avg_transaction_amount,-1.7545,balance_volatility,-0.8998
1973,0.0558,Low,avg_transaction_amount,-1.6526,avg_standing_order_amount,-1.4351,credit_debit_ratio,-1.2425
2977,0.0561,Low,avg_transaction_amount,-1.2313,avg_balance,-1.1643,balance_volatility,1.1584
851,0.0561,Low,avg_monthly_transaction_count,2.8401,transaction_trend,-1.6398,avg_transaction_amount,0.7991
795,0.0568,Low,transaction_trend,1.1458,avg_standing_order_amount,1.0122,credit_debit_ratio,-0.9734
1376,0.0558,Low,avg_monthly_transaction_count,-3.5197,avg_transaction_amount,-1.6772,balance_volatility,-0.7361
2479,0.0566,Low,avg_standing_order_amount,-3.8001,avg_monthly_transaction_count,3.5989,credit_debit_ratio,1.1467
2271,0.0558,Low,avg_monthly_transaction_count,-3.7304,avg_transaction_amount,-1.9952,balance_volatility,-0.6741
5343,0.0558,Low,min_balance_ever,-3.8696,avg_monthly_transaction_count,-2.304,avg_standing_order_amount,-2.1704
1740,0.0558,Low,avg_monthly_transaction_count,-3.7414,avg_transaction_amount,-1.2689,avg_balance,0.8409
1388,0.0558,Low,avg_monthly_transaction_count,-2.7208,avg_standing_order_amount,-2.6415,standing_order_count,-0.617
638,0.0575,Low,avg_monthly_transaction_count,3.4854,avg_standing_order_amount,0.774,min_balance_ever,-0.6438
3172,0.0558,Low,avg_monthly_transaction_count,-2.1916,avg_standing_order_amount,-1.6467,avg_transaction_amount,-0.934
1775,0.0558,Low,avg_monthly_transaction_count,-1.8911,account_age_days,-1.8582,district_avg_salary,-1.4676
1777,0.0559,Low,avg_standing_order_amount,-2.5708,avg_monthly_transaction_count,1.8292,avg_balance,-0.8362
78,0.0559,Low,account_age_days,-1.5108,avg_transaction_amount,0.9434,district_urban_ratio,-0.7198
4008,0.0558,Low,avg_monthly_transaction_count,-3.104,avg_standing_order_amount,-2.6783,district_urban_ratio,1.1431
1022,0.0559,Low,avg_standing_order_amount,-2.5558,balance_volatility,1.2723,standing_order_count,-0.6325
3433,0.0558,Low,avg_monthly_transaction_count,-3.3692,avg_transaction_amount,-1.4394,account_age_days,0.949
4088,0.0562,Low,transaction_trend,-2.3231,avg_monthly_transaction_count,2.2999,balance_volatility,0.884
449,0.0558,Low,avg_standing_order_amount,-1.94,avg_transaction_amount,-1.4685,avg_monthly_transaction_count,-0.5473
1472,0.1878,Low,avg_monthly_transaction_count,2.0771,avg_standing_order_amount,1.4412,client_age,1.1479
4186,0.0572,Low,avg_transaction_amount,1.5668,avg_monthly_transaction_count,-1.2207,avg_standing_order_amount,1.0796
3541,0.0558,Low,avg_monthly_transaction_count,-3.3982,avg_transaction_amount,-1.3131,credit_debit_ratio,-0.7307
519,0.0558,Low,avg_monthly_transaction_count,-2.923,balance_volatility,-1.3749,client_age,-0.8073
1743,0.0558,Low,avg_monthly_transaction_count,-3.5049,avg_transaction_amount,-1.7351,account_age_days,-0.7218
1076,0.0564,Low,avg_monthly_transaction_count,2.5905,avg_standing_order_amount,0.8788,district_urban_ratio,-0.6556
2839,0.058,Low,avg_monthly_transaction_count,4.8711,avg_standing_order_amount,-1.0136,standing_order_count,-0.8677
1015,0.0558,Low,avg_monthly_transaction_count,-3.5284,account_age_days,1.0799,avg_standing_order_amount,0.8201
1264,0.0558,Low,avg_monthly_transaction_count,-2.6582,avg_transaction_amount,1.3619,account_age_days,0.7817
895,0.0558,Low,avg_transaction_amount,-1.461,avg_standing_order_amount,-1.3826,avg_monthly_transaction_count,-0.7684
901,0.0558,Low,avg_monthly_transaction_count,-3.5005,avg_transaction_amount,-1.8813,balance_volatility,-1.4607
2602,0.0564,Low,avg_monthly_transaction_count,2.4051,transaction_trend,-0.469,standing_order_count,-0.3073
4493,0.0558,Low,avg_standing_order_amount,-3.1097,avg_monthly_transaction_count,-3.0329,balance_volatility,0.8775
3105,0.0558,Low,avg_monthly_transaction_count,-3.3685,avg_transaction_amount,-1.8166,credit_debit_ratio,-0.919
1443,0.0561,Low,avg_monthly_transaction_count,-2.9404,avg_transaction_amount,1.5732,avg_standing_order_amount,1.3517
1292,0.0559,Low,avg_monthly_transaction_count,3.1167,avg_standing_order_amount,-2.6899,transaction_trend,0.5961
1310,0.0558,Low,avg_monthly_transaction_count,-2.8613,avg_standing_order_amount,-2.122,standing_order_count,-0.8426
1269,0.0573,Low,avg_monthly_transaction_count,3.0563,avg_standing_order_amount,0.5647,transaction_trend,0.4323
555,0.0573,Low,avg_monthly_transaction_count,2.9324,credit_debit_ratio,1.1254,account_age_days,-0.867
3739,0.0558,Low,avg_monthly_transaction_count,-2.9715,avg_standing_order_amount,-2.4268,avg_transaction_amount,1.5541
384,0.056,Low,balance_volatility,1.6703,account_age_days,1.5529,avg_transaction_amount,-1.417
1691,0.0558,Low,avg_standing_order_amount,-1.5312,avg_transaction_amount,-1.33,credit_debit_ratio,-1.2574
2118,0.056,Low,account_age_days,1.1727,avg_monthly_transaction_count,-0.9771,avg_transaction_amount,0.8469
2755,0.0558,Low,avg_transaction_amount,-1.7779,balance_volatility,-0.7498,avg_monthly_transaction_count,-0.5842
2764,0.0559,Low,avg_standing_order_amount,-2.5874,credit_debit_ratio,-1.2726,transaction_trend,0.8643
1288,0.0558,Low,avg_monthly_transaction_count,-2.6716,avg_transaction_amount,-1.5471,balance_volatility,-0.8155
3723,0.0559,Low,avg_standing_order_amount,-1.9137,credit_debit_ratio,-1.0031,avg_transaction_amount,0.9865
1277,0.0558,Low,avg_monthly_transaction_count,-2.9752,avg_transaction_amount,-0.7595,client_age,-0.7467
252,0.0558,Low,avg_monthly_transaction_count,-3.6455,avg_transaction_amount,-1.3803,standing_order_count,0.5732
1588,0.0558,Low,avg_transaction_amount,-2.0035,avg_monthly_transaction_count,-1.775,district_avg_salary,-1.2174
2399,0.0558,Low,avg_standing_order_amount,-2.2187,avg_transaction_amount,-0.9101,avg_monthly_transaction_count,0.7789
3085,0.0574,Low,account_age_days,1.4202,avg_monthly_transaction_count,1.0219,avg_standing_order_amount,0.9385
21,0.0558,Low,avg_monthly_transaction_count,-2.7599,account_age_days,-1.5749,avg_standing_order_amount,1.3222
1055,0.0558,Low,avg_monthly_transaction_count,-3.6975,avg_transaction_amount,-1.5638,credit_debit_ratio,-1.3997
783,0.0558,Low,avg_monthly_transaction_count,-3.5809,account_age_days,1.4593,avg_standing_order_amount,1.0749
1112,0.0558,Low,avg_monthly_transaction_count,-2.4901,avg_standing_order_amount,-2.0507,avg_transaction_amount,1.5489
1381,0.0558,Low,avg_monthly_transaction_count,-3.8303,avg_transaction_amount,-1.4891,balance_volatility,-0.81
1002,0.0558,Low,avg_standing_order_amount,-4.5139,avg_monthly_transaction_count,1.2961,standing_order_count,0.6477
2719,0.0558,Low,avg_monthly_transaction_count,-2.7362,avg_transaction_amount,-1.4854,balance_volatility,-0.8307
2959,0.0558,Low,min_balance_ever,-3.8015,avg_standing_order_amount,-2.6675,transaction_trend,-1.3585
2282,0.0576,Low,avg_monthly_transaction_count,2.8315,avg_transaction_amount,-2.2594,avg_balance,-1.4739
3149,0.0558,Low,avg_monthly_transaction_count,-2.6443,avg_standing_order_amount,-2.0696,transaction_trend,1.0194
2909,0.0674,Low,avg_standing_order_amount,1.1771,balance_volatility,-0.8246,district_crimes_count,0.7013
3811,0.0558,Low,avg_transaction_amount,-2.2785,credit_debit_ratio,-1.2313,avg_monthly_transaction_count,-0.7898
11333,0.0643,Low,min_balance_ever,-5.72,avg_monthly_transaction_count,2.9556,balance_volatility,2.1612
353,0.0558,Low,avg_transaction_amount,-1.4555,avg_monthly_transaction_count,-1.1657,credit_debit_ratio,-0.5141
3177,0.0558,Low,avg_monthly_transaction_count,-2.5957,avg_standing_order_amount,-2.5233,credit_debit_ratio,-1.4442
2060,0.0582,Low,avg_monthly_transaction_count,-2.1421,avg_transaction_amount,1.6302,avg_standing_order_amount,1.0435
2739,0.0572,Low,district_crimes_count,0.729,avg_transaction_amount,0.5298,avg_monthly_transaction_count,0.516
121,0.0558,Low,avg_standing_order_amount,-3.4335,avg_monthly_transaction_count,1.2979,avg_transaction_amount,-1.2369
3055,0.0558,Low,avg_standing_order_amount,-1.9721,avg_transaction_amount,-1.1002,balance_volatility,-1.034
3787,0.0559,Low,account_age_days,-2.3668,avg_standing_order_amount,0.9136,avg_transaction_amount,0.5423
929,0.0559,Low,avg_monthly_transaction_count,-2.1853,account_age_days,-1.333,client_age,0.9538
1146,0.0559,Low,avg_balance,-1.2564,avg_monthly_transaction_count,1.0729,credit_debit_ratio,1.0058
2220,0.0558,Low,avg_monthly_transaction_count,-3.6382,account_age_days,-1.5302,avg_transaction_amount,-1.1948
2649,0.0562,Low,avg_monthly_transaction_count,4.6797,avg_standing_order_amount,-2.3579,account_age_days,-0.7784
2939,0.0558,Low,avg_monthly_transaction_count,-3.9127,avg_transaction_amount,-1.0291,account_age_days,1.0074
2946,0.0558,Low,avg_monthly_transaction_count,-3.7945,avg_transaction_amount,-1.3108,avg_balance,1.1913
2667,0.0558,Low,avg_monthly_transaction_count,-3.5643,avg_transaction_amount,-2.0659,balance_volatility,-0.6206
2184,0.0568,Low,avg_transaction_amount,1.1469,avg_monthly_transaction_count,-0.9845,account_age_days,0.8923
2531,0.0558,Low,avg_monthly_transaction_count,-3.2292,avg_transaction_amount,-1.3502,district_avg_salary,-0.857
1220,0.0558,Low,avg_monthly_transaction_count,-3.3924,avg_transaction_amount,-1.5141,credit_debit_ratio,-0.5424
3960,0.0558,Low,avg_monthly_transaction_count,-3.5287,account_age_days,-1.5997,avg_transaction_amount,-1.3231
2605,0.0559,Low,avg_monthly_transaction_count,-2.3612,balance_volatility,-0.6502,transaction_trend,0.4603
1922,0.0558,Low,avg_standing_order_amount,-2.99,avg_monthly_transaction_count,-2.3245,avg_transaction_amount,1.1468
2788,0.0559,Low,avg_monthly_transaction_count,-2.2084,avg_transaction_amount,1.4816,credit_debit_ratio,0.7861
1308,0.0558,Low,avg_monthly_transaction_count,-3.587,balance_volatility,-1.4162,avg_transaction_amount,-1.2496
3404,0.0559,Low,avg_standing_order_amount,-2.7255,account_age_days,2.3788,avg_monthly_transaction_count,-2.3156
8856,0.0559,Low,avg_monthly_transaction_count,4.6938,avg_standing_order_amount,-3.9842,min_balance_ever,-3.809
1982,0.0562,Low,avg_monthly_transaction_count,-1.5272,avg_transaction_amount,1.5117,credit_debit_ratio,-1.3693
3071,0.0722,Low,avg_monthly_transaction_count,1.6414,avg_standing_order_amount,1.6119,avg_transaction_amount,0.9821
2079,0.0558,Low,avg_standing_order_amount,-2.7512,avg_monthly_transaction_count,-2.5722,avg_transaction_amount,1.4986
1555,0.0559,Low,avg_monthly_transaction_count,-3.4621,avg_standing_order_amount,0.8967,account_age_days,0.7195
1048,0.0558,Low,avg_monthly_transaction_count,-3.6517,avg_standing_order_amount,0.9908,avg_balance,0.9402
1101,0.0559,Low,avg_monthly_transaction_count,-3.4983,avg_standing_order_amount,0.9298,account_age_days,0.8051
1113,0.0566,Low,credit_debit_ratio,-2.1645,avg_monthly_transaction_count,1.4224,avg_standing_order_amount,1.2249
1241,0.0561,Low,avg_monthly_transaction_count,3.7536,avg_standing_order_amount,-3.7321,transaction_trend,0.6077
971,0.0559,Low,avg_monthly_transaction_count,-1.4232,balance_volatility,-0.7844,credit_debit_ratio,-0.4573
2721,0.0558,Low,avg_standing_order_amount,-3.1663,account_age_days,-1.8865,avg_monthly_transaction_count,1.2621
2722,0.0558,Low,avg_monthly_transaction_count,-3.5035,avg_transaction_amount,-1.1164,district_avg_salary,-0.926
2476,0.0558,Low,avg_monthly_transaction_count,-3.9081,avg_balance,1.1447,avg_transaction_amount,-1.0935
2280,0.0563,Low,avg_monthly_transaction_count,-1.4389,avg_transaction_amount,1.2893,avg_balance,0.5466
3148,0.0558,Low,avg_transaction_amount,-1.9798,avg_monthly_transaction_count,-1.4911,balance_volatility,-0.628
1737,0.0569,Low,avg_monthly_transaction_count,1.4724,balance_volatility,-0.6953,avg_standing_order_amount,0.5347
3596,0.0558,Low,avg_standing_order_amount,-2.5501,avg_monthly_transaction_count,-2.4692,avg_transaction_amount,1.2434
876,0.0559,Low,avg_monthly_transaction_count,-3.5906,account_age_days,2.5617,balance_volatility,-0.778
874,0.0576,Low,avg_monthly_transaction_count,2.2388,avg_standing_order_amount,1.0989,avg_balance,-0.7519
3496,0.0559,Low,avg_standing_order_amount,-3.1675,avg_monthly_transaction_count,-2.2538,client_age,0.9387
11320,0.0558,Low,min_balance_ever,-3.8937,avg_standing_order_amount,-1.8136,avg_transaction_amount,1.3432
11325,0.0558,Low,avg_standing_order_amount,-3.8677,min_balance_ever,-3.0033,transaction_trend,-1.8646
3274,0.0564,Low,avg_monthly_transaction_count,-3.4244,avg_standing_order_amount,1.9631,account_age_days,1.2905
3641,0.0558,Low,avg_monthly_transaction_count,-3.3308,avg_transaction_amount,-2.0131,balance_volatility,-0.588
919,0.056,Low,avg_monthly_transaction_count,-1.9845,account_age_days,0.8414,balance_volatility,-0.7892
483,0.0558,Low,avg_monthly_transaction_count,-3.5921,avg_transaction_amount,-1.5,credit_debit_ratio,-1.4764
3693,0.0559,Low,account_age_days,-2.0121,balance_volatility,2.0008,avg_transaction_amount,0.9628
3594,0.0561,Low,avg_monthly_transaction_count,-3.3754,balance_volatility,3.2655,transaction_trend,-1.402
3338,0.0593,Low,avg_standing_order_amount,2.5328,avg_monthly_transaction_count,-2.3412,avg_transaction_amount,1.5456
3522,0.0559,Low,avg_monthly_transaction_count,-1.7958,balance_volatility,-0.7777,avg_standing_order_amount,0.7508
3932,0.0559,Low,avg_monthly_transaction_count,-1.368,standing_order_count,0.721,balance_volatility,-0.7071
431,0.0593,Low,avg_monthly_transaction_count,1.6722,avg_standing_order_amount,1.6514,avg_transaction_amount,0.8952
746,0.0558,Low,avg_monthly_transaction_count,-3.8488,balance_volatility,-1.4027,avg_transaction_amount,-1.0116
417,0.0558,Low,min_balance_ever,-3.7692,avg_standing_order_amount,-2.8786,balance_volatility,1.5024
3240,0.0559,Low,min_balance_ever,-4.7159,balance_volatility,1.8795,avg_monthly_transaction_count,1.642
2992,0.0558,Low,avg_monthly_transaction_count,-2.5803,credit_debit_ratio,-1.8468,account_age_days,1.1304
3040,0.0558,Low,avg_monthly_transaction_count,-3.0402,avg_transaction_amount,-1.995,credit_debit_ratio,-1.4005
3006,0.0558,Low,avg_monthly_transaction_count,-3.5906,balance_volatility,-0.9044,avg_standing_order_amount,0.8846
3025,0.0558,Low,avg_monthly_transaction_count,-3.4047,avg_standing_order_amount,1.1089,balance_volatility,-0.8346
1363,0.0562,Low,avg_monthly_transaction_count,2.7494,avg_standing_order_amount,-2.5123,standing_order_count,-1.0274
1481,0.0558,Low,avg_monthly_transaction_count,-3.6003,avg_transaction_amount,-2.027,account_age_days,-0.9048
1069,0.0558,Low,avg_monthly_transaction_count,-3.7212,avg_transaction_amount,-1.1949,avg_balance,0.7957
2819,0.0586,Low,avg_monthly_transaction_count,3.6408,avg_standing_order_amount,1.3239,avg_balance,-0.6458
3231,0.0558,Low,avg_monthly_transaction_count,-3.6331,balance_volatility,-1.3863,avg_transaction_amount,-1.2692
3142,0.0558,Low,avg_standing_order_amount,-1.9583,avg_transaction_amount,-1.4786,district_avg_salary,-1.0171
3219,0.0559,Low,avg_monthly_transaction_count,-2.6701,avg_transaction_amount,1.2401,transaction_trend,-0.7636
3175,0.0558,Low,avg_monthly_transaction_count,-3.7206,avg_standing_order_amount,0.9507,balance_volatility,-0.7666
3147,0.0575,Low,avg_monthly_transaction_count,5.7078,avg_standing_order_amount,-1.1365,district_urban_ratio,-0.8495
3162,0.0851,Low,avg_monthly_transaction_count,-2.4827,balance_volatility,2.0351,avg_transaction_amount,1.6042
3979,0.0559,Low,avg_monthly_transaction_count,-2.7739,avg_standing_order_amount,0.6974,balance_volatility,-0.626
4047,0.1106,Low,balance_volatility,2.0232,avg_transaction_amount,1.1524,standing_order_count,1.1065
3770,0.0559,Low,avg_monthly_transaction_count,-1.552,balance_volatility,1.5376,avg_transaction_amount,1.2436
2844,0.0558,Low,avg_monthly_transaction_count,-2.6345,avg_standing_order_amount,-2.1478,avg_transaction_amount,1.5319
2858,0.0569,Low,avg_monthly_transaction_count,3.0587,district_urban_ratio,0.5826,credit_debit_ratio,-0.5553
3658,0.0558,Low,avg_standing_order_amount,-1.885,avg_transaction_amount,-1.4356,credit_debit_ratio,-1.173
1771,0.0559,Low,district_avg_salary,-1.3785,account_age_days,-1.3365,avg_transaction_amount,-1.091
1803,0.0559,Low,avg_monthly_transaction_count,2.6297,avg_standing_order_amount,-1.7307,avg_transaction_amount,-1.1263
2356,0.0558,Low,avg_standing_order_amount,-3.3456,avg_monthly_transaction_count,-2.6938,transaction_trend,-1.8905
2488,0.0558,Low,avg_monthly_transaction_count,-3.641,avg_transaction_amount,-1.9775,balance_volatility,-1.1607
2592,0.0559,Low,district_avg_salary,-1.5285,account_age_days,-1.292,balance_volatility,1.2124
3405,0.0559,Low,avg_monthly_transaction_count,-0.9421,balance_volatility,-0.8696,avg_transaction_amount,0.7631
3423,0.0559,Low,avg_monthly_transaction_count,-0.9338,avg_standing_order_amount,0.8061,account_age_days,-0.783
2150,0.0558,Low,avg_monthly_transaction_count,-3.448,avg_transaction_amount,-1.6556,account_age_days,-0.7301
2406,0.0558,Low,avg_monthly_transaction_count,-3.6582,avg_transaction_amount,-1.0096,balance_volatility,-0.8667
2794,0.0558,Low,min_balance_ever,-3.5477,avg_standing_order_amount,-2.2954,avg_monthly_transaction_count,-2.289
5129,0.0558,Low,min_balance_ever,-4.2327,avg_standing_order_amount,-4.0402,avg_monthly_transaction_count,2.3976
1933,0.0558,Low,avg_monthly_transaction_count,-3.5804,avg_standing_order_amount,1.2213,balance_volatility,-0.8467
2025,0.0559,Low,avg_monthly_transaction_count,-2.8811,avg_transaction_amount,1.2195,balance_volatility,-0.5431
605,0.0559,Low,avg_monthly_transaction_count,-3.3068,avg_standing_order_amount,2.3742,avg_balance,-1.0713
2054,0.7625,High,avg_monthly_transaction_count,4.7344,avg_standing_order_amount,1.7581,avg_transaction_amount,0.9707
3106,0.0558,Low,avg_standing_order_amount,-3.0196,transaction_trend,-2.4817,avg_balance,-0.9153
1028,0.0558,Low,avg_monthly_transaction_count,-2.5784,avg_standing_order_amount,-2.4095,credit_debit_ratio,-1.0619
2305,0.0558,Low,min_balance_ever,-3.1233,avg_standing_order_amount,-2.0372,avg_monthly_transaction_count,-2.0164
1816,0.0558,Low,avg_monthly_transaction_count,-3.5854,avg_transaction_amount,-1.6512,account_age_days,-0.8188
2679,0.0558,Low,avg_monthly_transaction_count,-3.6844,account_age_days,1.359,district_avg_salary,-0.9671
2922,0.0558,Low,avg_standing_order_amount,-2.9513,avg_monthly_transaction_count,-2.2685,transaction_trend,-1.6395
1280,0.0558,Low,avg_monthly_transaction_count,-3.4883,avg_transaction_amount,-1.8433,district_urban_ratio,-0.4688
263,0.0581,Low,avg_monthly_transaction_count,3.2033,transaction_trend,-2.6454,avg_standing_order_amount,1.7362
1559,0.0559,Low,avg_standing_order_amount,-1.0165,credit_debit_ratio,0.62,avg_transaction_amount,0.564
5661,0.0559,Low,min_balance_ever,-4.7168,avg_transaction_amount,1.6007,transaction_trend,-1.1427
858,0.0561,Low,avg_monthly_transaction_count,-1.6102,avg_transaction_amount,1.2354,transaction_trend,-0.5659
945,0.0562,Low,avg_monthly_transaction_count,-2.8836,avg_standing_order_amount,1.5228,avg_transaction_amount,1.2628
1003,0.0565,Low,avg_monthly_transaction_count,1.6234,avg_transaction_amount,0.9379,total_debit_amount,-0.741
1989,0.0558,Low,avg_monthly_transaction_count,-4.0547,avg_transaction_amount,-1.8623,balance_volatility,-0.4754
962,0.0558,Low,avg_monthly_transaction_count,-3.1557,avg_standing_order_amount,-2.5722,avg_transaction_amount,1.3621
3260,0.7552,High,avg_monthly_transaction_count,6.6324,avg_standing_order_amount,2.9239,transaction_trend,-1.8173
278,0.0893,Low,avg_standing_order_amount,2.0234,avg_transaction_amount,1.8166,avg_monthly_transaction_count,0.6828
305,0.0558,Low,avg_monthly_transaction_count,-3.3655,avg_transaction_amount,-1.3159,balance_volatility,-0.7842
2221,0.0558,Low,avg_monthly_transaction_count,-2.7425,avg_transaction_amount,-1.1342,avg_balance,0.9056
1945,0.0558,Low,avg_monthly_transaction_count,-2.8057,avg_standing_order_amount,-2.5843,avg_transaction_amount,1.2167
1470,0.0558,Low,avg_monthly_transaction_count,-2.3022,avg_transaction_amount,0.7043,balance_volatility,-0.5182
672,0.0558,Low,avg_monthly_transaction_count,-2.5582,avg_standing_order_amount,-2.4899,account_age_days,1.06
3265,0.0559,Low,avg_standing_order_amount,-4.3653,avg_monthly_transaction_count,2.6381,balance_volatility,0.9069
331,0.0558,Low,avg_monthly_transaction_count,-2.6727,balance_volatility,-0.8895,credit_debit_ratio,0.4425
2394,0.0559,Low,avg_standing_order_amount,-2.4352,account_age_days,1.5073,avg_transaction_amount,0.9295
6511,0.0559,Low,min_balance_ever,-4.8532,balance_volatility,2.9857,avg_monthly_transaction_count,-2.8039
106,0.056,Low,avg_transaction_amount,0.9573,transaction_trend,-0.5569,standing_order_count,0.5514
221,0.0561,Low,avg_monthly_transaction_count,-2.2751,avg_transaction_amount,1.035,account_age_days,0.7871
4109,0.0558,Low,avg_standing_order_amount,-1.6515,client_age,1.3741,avg_monthly_transaction_count,-1.1359
727,0.0558,Low,avg_monthly_transaction_count,-2.5981,avg_standing_order_amount,-2.4904,transaction_trend,-0.901
1054,0.0559,Low,account_age_days,-1.6305,balance_volatility,-1.4366,credit_debit_ratio,1.0774
3755,0.0588,Low,avg_standing_order_amount,3.6197,avg_monthly_transaction_count,2.0063,avg_transaction_amount,-1.6336
2467,0.056,Low,account_age_days,-1.4329,balance_volatility,0.9402,avg_transaction_amount,0.8222
3817,0.0558,Low,balance_volatility,-1.7773,avg_monthly_transaction_count,-1.4977,credit_debit_ratio,0.539
1817,0.0559,Low,avg_monthly_transaction_count,-2.3126,avg_transaction_amount,1.215,account_age_days,0.9112
3263,0.0558,Low,avg_monthly_transaction_count,-2.5466,avg_standing_order_amount,-2.3787,avg_transaction_amount,-1.231
1232,0.0558,Low,avg_monthly_transaction_count,-2.2578,avg_standing_order_amount,-2.2085,transaction_trend,-1.4966
1,0.0559,Low,avg_monthly_transaction_count,-2.1178,avg_transaction_amount,-1.4868,balance_volatility,-0.6858
1554,0.0562,Low,avg_monthly_transaction_count,-1.0287,avg_transaction_amount,0.9469,balance_volatility,-0.6255
1051,0.0558,Low,avg_monthly_transaction_count,-2.7923,avg_standing_order_amount,-2.08,avg_transaction_amount,1.3356
782,0.0604,Low,account_age_days,2.3691,avg_transaction_amount,1.9383,avg_monthly_transaction_count,-1.1283
990,0.0558,Low,avg_monthly_transaction_count,-2.2072,avg_balance,-1.0751,district_avg_salary,-0.7979
5065,0.056,Low,min_balance_ever,-4.2338,balance_volatility,2.3693,avg_transaction_amount,1.1563
3823,0.0558,Low,avg_monthly_transaction_count,-2.6342,avg_standing_order_amount,-2.1957,transaction_trend,-1.3346
3303,0.0558,Low,avg_monthly_transaction_count,-2.8176,avg_standing_order_amount,-2.055,avg_transaction_amount,1.646
3396,0.0558,Low,avg_monthly_transaction_count,-2.5308,avg_standing_order_amount,-2.455,avg_transaction_amount,1.4943
4092,0.0558,Low,avg_monthly_transaction_count,-2.7068,avg_standing_order_amount,-2.3638,credit_debit_ratio,-1.3713
1304,0.0566,Low,avg_monthly_transaction_count,-3.6332,balance_volatility,1.4874,avg_transaction_amount,1.057
1305,0.0558,Low,avg_monthly_transaction_count,-2.3342,avg_standing_order_amount,-1.915,balance_volatility,1.2489
1384,0.0558,Low,min_balance_ever,-3.8305,avg_standing_order_amount,-3.1657,avg_monthly_transaction_count,-1.7162
1281,0.0558,Low,avg_monthly_transaction_count,-2.8142,avg_standing_order_amount,-2.516,avg_transaction_amount,1.4728
2710,0.0558,Low,avg_standing_order_amount,-3.5252,avg_transaction_amount,-2.1039,balance_volatility,1.2396
3138,0.0558,Low,avg_standing_order_amount,-2.4153,avg_monthly_transaction_count,-2.2801,transaction_trend,-1.1784
2566,0.0558,Low,avg_monthly_transaction_count,-2.8105,avg_standing_order_amount,-2.3683,account_age_days,-1.0505
3728,0.0558,Low,avg_monthly_transaction_count,-2.9199,avg_standing_order_amount,-1.9519,avg_transaction_amount,1.2827
3730,0.0558,Low,avg_monthly_transaction_count,-3.4873,avg_transaction_amount,-1.7346,district_avg_salary,-1.1937
1493,0.0558,Low,account_age_days,-2.4763,avg_transaction_amount,-1.1014,avg_standing_order_amount,-0.8983
1874,0.0558,Low,avg_monthly_transaction_count,-3.4214,avg_transaction_amount,-2.0865,account_age_days,-0.9427
3319,0.0559,Low,avg_monthly_transaction_count,1.6559,avg_standing_order_amount,-1.6339,avg_transaction_amount,-1.3199
2960,0.0558,Low,avg_monthly_transaction_count,-2.915,avg_standing_order_amount,-0.9144,avg_transaction_amount,0.7914
1091,0.0558,Low,avg_monthly_transaction_count,-2.2856,avg_standing_order_amount,-2.0745,avg_transaction_amount,-1.3961
95,0.0558,Low,avg_monthly_transaction_count,-2.8233,avg_standing_order_amount,-2.7047,standing_order_count,-0.6341
1052,0.0558,Low,avg_monthly_transaction_count,-2.6975,avg_standing_order_amount,-2.3473,transaction_trend,-1.1643
781,0.0558,Low,avg_monthly_transaction_count,-3.1753,avg_transaction_amount,-1.7038,avg_balance,0.8241
2446,0.0559,Low,avg_monthly_transaction_count,-1.2705,avg_transaction_amount,0.8937,credit_debit_ratio,-0.7685
2029,0.0558,Low,avg_monthly_transaction_count,-2.7833,avg_standing_order_amount,-2.1063,avg_transaction_amount,-1.1058
2957,0.147,Low,avg_monthly_transaction_count,1.6385,avg_standing_order_amount,1.054,avg_transaction_amount,0.9928
2015,0.0558,Low,avg_monthly_transaction_count,-2.8614,balance_volatility,-1.3138,avg_standing_order_amount,-0.4529
3780,0.0558,Low,avg_standing_order_amount,-2.8833,avg_balance,0.7403,avg_transaction_amount,-0.6004
10710,0.0559,Low,district_crimes_count,2.2257,avg_standing_order_amount,-2.1358,min_balance_ever,-2.1154
2481,0.0558,Low,avg_monthly_transaction_count,-2.7743,avg_standing_order_amount,-2.2171,credit_debit_ratio,-1.2215
1510,0.0558,Low,avg_monthly_transaction_count,-2.5506,avg_transaction_amount,1.081,avg_standing_order_amount,-1.0225
7520,0.0558,Low,min_balance_ever,-4.1935,avg_standing_order_amount,-2.3706,avg_transaction_amount,1.4952
1431,0.0558,Low,avg_standing_order_amount,-3.4848,transaction_trend,-1.8724,avg_monthly_transaction_count,0.7093
1459,0.0558,Low,avg_monthly_transaction_count,-2.6647,credit_debit_ratio,-1.3091,avg_transaction_amount,-0.9426
1229,0.0559,Low,avg_monthly_transaction_count,-2.6651,avg_transaction_amount,1.5765,credit_debit_ratio,-1.3732
4534,0.0558,Low,avg_standing_order_amount,-2.6763,avg_monthly_transaction_count,-2.4332,transaction_trend,-1.6239
1893,0.3068,Low,avg_standing_order_amount,3.2283,avg_monthly_transaction_count,2.314,balance_volatility,1.6087
778,0.0558,Low,avg_monthly_transaction_count,-2.9939,avg_standing_order_amount,-1.5925,credit_debit_ratio,-0.8502
2892,0.0558,Low,avg_monthly_transaction_count,-2.6869,avg_standing_order_amount,-2.461,transaction_trend,-1.4449
343,0.0558,Low,avg_transaction_amount,-2.0715,avg_monthly_transaction_count,-1.3483,avg_standing_order_amount,0.9867
1865,0.0558,Low,avg_transaction_amount,-1.7835,balance_volatility,-1.5443,avg_standing_order_amount,1.0768
2059,0.0558,Low,avg_monthly_transaction_count,-2.5789,avg_standing_order_amount,-2.2414,client_age,1.5924
170,0.0559,Low,avg_monthly_transaction_count,-2.6121,avg_standing_order_amount,-2.5387,avg_transaction_amount,1.6056
167,0.0558,Low,avg_standing_order_amount,-3.2802,avg_transaction_amount,-1.182,avg_balance,-1.1023
1538,0.0571,Low,avg_monthly_transaction_count,3.6194,balance_volatility,1.1038,avg_transaction_amount,-1.0946
4003,0.0559,Low,avg_monthly_transaction_count,2.8997,avg_balance,-1.564,avg_transaction_amount,-1.5464
811,0.0584,Low,avg_transaction_amount,2.4401,avg_monthly_transaction_count,-1.5428,avg_standing_order_amount,1.2623
3672,0.0559,Low,avg_balance,-1.9353,avg_transaction_amount,1.0703,avg_monthly_transaction_count,0.604
3430,0.0559,Low,avg_transaction_amount,-2.1164,avg_monthly_transaction_count,-1.6837,avg_standing_order_amount,1.0036
3427,0.0558,Low,avg_monthly_transaction_count,-2.5548,avg_transaction_amount,1.4456,avg_standing_order_amount,-1.1747
470,0.0809,Low,avg_monthly_transaction_count,4.462,avg_standing_order_amount,-1.3968,transaction_trend,0.6163
3323,0.0682,Low,account_age_days,-1.3679,avg_transaction_amount,1.0801,district_urban_ratio,1.0609
1814,0.0558,Low,avg_monthly_transaction_count,-3.6852,account_age_days,1.1554,avg_transaction_amount,-1.1212
1174,0.0559,Low,avg_standing_order_amount,-2.5343,avg_monthly_transaction_count,1.693,avg_balance,-1.0323
2944,0.0559,Low,avg_standing_order_amount,-2.0172,avg_monthly_transaction_count,1.2412,district_unemployment_rate,-0.7357
2681,0.0565,Low,avg_balance,-1.9247,avg_standing_order_amount,1.0603,avg_transaction_amount,1.0217
9484,0.0558,Low,min_balance_ever,-4.1764,avg_standing_order_amount,-2.5969,avg_monthly_transaction_count,1.3028
388,0.0577,Low,balance_volatility,1.8733,avg_monthly_transaction_count,-1.3329,avg_standing_order_amount,0.932
391,0.0559,Low,avg_standing_order_amount,-3.6102,avg_monthly_transaction_count,1.9209,avg_transaction_amount,-0.7205
410,0.0558,Low,avg_monthly_transaction_count,-3.9351,avg_transaction_amount,-0.9349,avg_standing_order_amount,0.9053
1746,0.0559,Low,avg_standing_order_amount,-2.7604,avg_monthly_transaction_count,-2.5613,avg_transaction_amount,1.5381
1760,0.0558,Low,avg_standing_order_amount,-1.5343,avg_transaction_amount,-1.5276,avg_monthly_transaction_count,-0.5204
1365,0.0558,Low,avg_transaction_amount,-2.1846,credit_debit_ratio,-0.9756,avg_standing_order_amount,0.8182
2543,0.0558,Low,avg_monthly_transaction_count,-1.6577,account_age_days,-1.5993,avg_transaction_amount,-1.5925
1059,0.0559,Low,avg_transaction_amount,-1.6528,avg_balance,1.1312,avg_monthly_transaction_count,-0.6676
1085,0.0559,Low,avg_monthly_transaction_count,-2.1741,credit_debit_ratio,-1.98,account_age_days,1.375
3966,0.0558,Low,avg_monthly_transaction_count,-3.262,avg_transaction_amount,-1.791,client_age,-0.7501
3225,0.0564,Low,balance_volatility,1.4484,account_age_days,-0.999,avg_transaction_amount,0.9571
3238,0.2678,Low,avg_monthly_transaction_count,2.7843,avg_standing_order_amount,1.8286,avg_transaction_amount,0.9614
2560,0.0559,Low,avg_monthly_transaction_count,-0.9675,account_age_days,0.7972,transaction_trend,0.6341
1017,0.0981,Low,avg_monthly_transaction_count,1.8003,avg_transaction_amount,0.9275,credit_debit_ratio,0.8374
1124,0.4371,Medium,avg_monthly_transaction_count,5.1216,avg_balance,-1.8946,avg_standing_order_amount,1.2874
1261,0.0559,Low,avg_standing_order_amount,-1.1075,balance_volatility,0.8732,avg_transaction_amount,0.8001
1249,0.0558,Low,avg_standing_order_amount,-3.7965,avg_monthly_transaction_count,3.607,district_avg_salary,-1.4315
888,0.0558,Low,avg_monthly_transaction_count,-3.2903,avg_transaction_amount,-1.3914,balance_volatility,-0.7668
903,0.0558,Low,avg_transaction_amount,-1.9587,avg_monthly_transaction_count,-1.9223,transaction_trend,0.7529
2859,0.056,Low,avg_standing_order_amount,-3.283,balance_volatility,1.7949,transaction_trend,-1.548
2355,0.0558,Low,avg_standing_order_amount,-2.6003,avg_monthly_transaction_count,-0.8994,standing_order_count,-0.8725
2490,0.0561,Low,avg_monthly_transaction_count,1.9572,avg_transaction_amount,0.8908,district_unemployment_rate,-0.6619
2160,0.0558,Low,avg_monthly_transaction_count,-2.7127,balance_volatility,-1.2384,account_age_days,0.7892
2752,0.0559,Low,transaction_trend,-2.1503,avg_standing_order_amount,-1.9267,avg_transaction_amount,0.969
3379,0.0558,Low,avg_monthly_transaction_count,-2.8916,avg_standing_order_amount,-2.6455,avg_transaction_amount,1.383
2780,0.0558,Low,avg_monthly_transaction_count,-2.9781,avg_standing_order_amount,-2.7738,avg_transaction_amount,1.2043
1438,0.056,Low,avg_standing_order_amount,-2.9472,avg_transaction_amount,2.0357,account_age_days,1.1869
569,0.0559,Low,avg_transaction_amount,-2.2436,balance_volatility,-1.421,avg_standing_order_amount,1.1556
538,0.0558,Low,avg_monthly_transaction_count,-3.6283,avg_transaction_amount,-1.2502,avg_balance,0.7841
553,0.0559,Low,avg_standing_order_amount,-3.5354,avg_monthly_transaction_count,2.2797,client_age,1.2425
3732,0.0558,Low,avg_monthly_transaction_count,-3.6031,avg_transaction_amount,-1.6936,account_age_days,0.6206
3726,0.5815,Medium,avg_monthly_transaction_count,3.6136,avg_standing_order_amount,2.2655,balance_volatility,1.375
190,0.1681,Low,avg_monthly_transaction_count,6.0126,avg_transaction_amount,0.9936,district_urban_ratio,-0.7239
381,0.0559,Low,avg_monthly_transaction_count,-2.3934,avg_transaction_amount,0.8426,avg_standing_order_amount,-0.7681
3119,0.0558,Low,avg_standing_order_amount,-4.0172,avg_monthly_transaction_count,1.3697,avg_balance,1.2573
1780,0.058,Low,account_age_days,-1.4697,avg_balance,-1.2825,avg_transaction_amount,1.2383
2315,0.0558,Low,avg_monthly_transaction_count,-3.4719,avg_transaction_amount,-1.6796,client_age,-0.7834
1625,0.06,Low,avg_monthly_transaction_count,6.1854,avg_standing_order_amount,-3.1726,credit_debit_ratio,0.6457
2086,0.0559,Low,avg_standing_order_amount,-3.7005,balance_volatility,1.031,standing_order_count,-0.6389
2999,0.0558,Low,avg_monthly_transaction_count,-2.4092,avg_transaction_amount,-1.5217,balance_volatility,-0.8085
1519,0.0562,Low,avg_balance,-1.7522,avg_transaction_amount,0.9202,transaction_trend,0.786
1560,0.0559,Low,avg_standing_order_amount,-3.1427,avg_monthly_transaction_count,2.8724,district_urban_ratio,0.8833
855,0.0559,Low,avg_monthly_transaction_count,-0.7409,account_age_days,-0.5886,avg_transaction_amount,0.4387
1500,0.0559,Low,avg_balance,-1.4526,avg_transaction_amount,1.3956,avg_monthly_transaction_count,-0.6573
2458,0.0558,Low,avg_standing_order_amount,-2.7687,avg_monthly_transaction_count,-2.6014,account_age_days,-1.3484
1000,0.0975,Low,avg_monthly_transaction_count,4.5447,account_age_days,-1.0204,avg_transaction_amount,0.9737
3864,0.0571,Low,avg_monthly_transaction_count,5.1679,transaction_trend,-2.9344,balance_volatility,1.0019
2707,0.0572,Low,avg_monthly_transaction_count,3.7357,transaction_trend,-1.358,avg_transaction_amount,0.8438
2966,0.0668,Low,avg_monthly_transaction_count,4.1981,avg_balance,-2.0563,avg_standing_order_amount,1.6978
2519,0.0558,Low,avg_monthly_transaction_count,-1.7554,account_age_days,-1.4358,avg_transaction_amount,-1.3943
2514,0.061,Low,avg_transaction_amount,1.0983,avg_monthly_transaction_count,0.8211,standing_order_count,0.7288
3465,0.056,Low,account_age_days,-1.4769,avg_standing_order_amount,0.9512,avg_monthly_transaction_count,0.7264
1731,0.0558,Low,avg_monthly_transaction_count,-3.2498,account_age_days,-1.6713,avg_transaction_amount,-1.5845
2885,0.056,Low,avg_transaction_amount,1.0436,account_age_days,0.8579,credit_debit_ratio,-0.7793
3807,0.0563,Low,avg_transaction_amount,1.0278,balance_volatility,-0.9647,transaction_trend,0.5685
692,0.0559,Low,district_avg_salary,-1.233,avg_monthly_transaction_count,0.8541,avg_standing_order_amount,-0.7766
1397,0.0558,Low,account_age_days,-2.3104,district_avg_salary,-1.0326,balance_volatility,-0.922
679,0.0559,Low,avg_standing_order_amount,-2.7767,avg_monthly_transaction_count,2.4611,credit_debit_ratio,-1.4453
3480,0.0558,Low,avg_monthly_transaction_count,-2.6368,avg_standing_order_amount,-1.8203,avg_transaction_amount,1.4395
8341,0.0561,Low,min_balance_ever,-5.5748,balance_volatility,2.5747,standing_order_count,1.2825
337,0.0558,Low,avg_standing_order_amount,-3.3759,avg_monthly_transaction_count,-2.706,balance_volatility,0.9305
367,0.056,Low,avg_monthly_transaction_count,-2.3274,avg_transaction_amount,1.4123,avg_standing_order_amount,1.0707
1879,0.0558,Low,avg_standing_order_amount,-2.0679,avg_transaction_amount,-1.3504,avg_balance,0.6668
3134,0.0566,Low,avg_transaction_amount,1.0433,standing_order_count,0.7228,account_age_days,-0.5356
125,0.0973,Low,avg_transaction_amount,2.2282,transaction_trend,-2.1395,balance_volatility,1.9488
1544,0.0566,Low,avg_monthly_transaction_count,4.3089,avg_standing_order_amount,2.0415,district_avg_salary,-1.8785
1035,0.206,Low,avg_monthly_transaction_count,2.4305,avg_standing_order_amount,1.7216,avg_transaction_amount,1.0151
2209,0.0574,Low,avg_monthly_transaction_count,7.8738,avg_transaction_amount,-2.6472,avg_standing_order_amount,1.082
4055,0.0558,Low,avg_standing_order_amount,-2.3047,avg_monthly_transaction_count,-2.2681,avg_transaction_amount,1.5553
471,0.4486,Medium,avg_monthly_transaction_count,7.476,avg_standing_order_amount,-1.6096,avg_transaction_amount,0.4115
610,0.0558,Low,avg_standing_order_amount,-2.4087,avg_monthly_transaction_count,-2.2281,client_age,0.7787
3321,0.0559,Low,avg_standing_order_amount,-3.7299,avg_monthly_transaction_count,2.1044,district_avg_salary,-0.7922
2301,0.0559,Low,avg_monthly_transaction_count,-1.9223,avg_transaction_amount,0.97,total_transaction_count,-0.5176
2295,0.0559,Low,avg_standing_order_amount,-4.0504,balance_volatility,1.507,avg_monthly_transaction_count,1.1394
3350,0.0558,Low,avg_monthly_transaction_count,-3.5225,balance_volatility,-0.9601,min_balance_ever,0.3481
3915,0.0583,Low,account_age_days,-1.6297,district_urban_ratio,0.9092,avg_standing_order_amount,0.8819
3914,0.0559,Low,avg_balance,-1.0418,avg_transaction_amount,0.7909,balance_volatility,0.6108
510,0.0559,Low,avg_standing_order_amount,-3.342,transaction_trend,-1.3911,avg_monthly_transaction_count,1.2301
1966,0.056,Low,account_age_days,-2.3461,avg_standing_order_amount,0.9914,avg_transaction_amount,0.777
4321,0.0559,Low,avg_standing_order_amount,-3.5521,avg_monthly_transaction_count,2.1067,avg_transaction_amount,-1.8977
10562,0.0558,Low,avg_standing_order_amount,-4.2333,min_balance_ever,-3.9224,avg_monthly_transaction_count,3.6571
1491,0.0559,Low,avg_monthly_transaction_count,-1.2291,account_age_days,1.2038,avg_transaction_amount,1.1335
2551,0.807,High,avg_standing_order_amount,4.8612,avg_monthly_transaction_count,4.2544,balance_volatility,1.4923
1075,0.056,Low,avg_monthly_transaction_count,1.596,avg_standing_order_amount,-0.6282,client_age,0.577
3959,0.0559,Low,min_balance_ever,-4.4413,avg_transaction_amount,2.1568,avg_monthly_transaction_count,-2.0945
3222,0.0559,Low,avg_standing_order_amount,-3.4,avg_monthly_transaction_count,2.7831,avg_transaction_amount,-1.2479
3847,0.0561,Low,avg_monthly_transaction_count,2.9034,transaction_trend,-0.8606,district_urban_ratio,-0.8366
3885,0.0558,Low,avg_monthly_transaction_count,-3.7825,credit_debit_ratio,-1.3524,balance_volatility,-1.0378
1009,0.0574,Low,avg_transaction_amount,-1.7984,avg_standing_order_amount,1.6336,avg_monthly_transaction_count,1.4936
2616,0.056,Low,credit_debit_ratio,1.2703,account_age_days,-1.132,avg_transaction_amount,0.7559
2847,0.056,Low,avg_standing_order_amount,0.9676,transaction_trend,-0.6243,account_age_days,-0.617
2411,0.0558,Low,avg_monthly_transaction_count,-2.8189,avg_standing_order_amount,-2.2214,avg_transaction_amount,0.7762
2761,0.0574,Low,avg_monthly_transaction_count,-3.1334,avg_standing_order_amount,2.0176,avg_transaction_amount,1.9451
3099,0.0558,Low,avg_monthly_transaction_count,-2.7908,balance_volatility,-1.3596,avg_transaction_amount,-1.2339
3508,0.0558,Low,avg_standing_order_amount,-2.8356,avg_monthly_transaction_count,-2.7282,avg_transaction_amount,1.4995
526,0.0564,Low,avg_transaction_amount,1.6427,avg_monthly_transaction_count,-1.2608,district_avg_salary,-1.1702
556,0.0558,Low,avg_standing_order_amount,-2.7644,avg_monthly_transaction_count,-2.5658,avg_transaction_amount,1.4602
3409,0.0558,Low,avg_monthly_transaction_count,-3.5476,avg_balance,1.3017,avg_standing_order_amount,0.8667
3109,0.0558,Low,min_balance_ever,-3.8178,avg_standing_order_amount,-2.0104,avg_transaction_amount,1.5338
3107,0.0558,Low,avg_monthly_transaction_count,-3.7138,avg_transaction_amount,-1.3895,balance_volatility,0.8004
1980,0.0559,Low,avg_monthly_transaction_count,-2.3787,balance_volatility,-0.7112,avg_standing_order_amount,0.5115
2104,0.0559,Low,avg_monthly_transaction_count,-1.9088,balance_volatility,-1.025,avg_transaction_amount,0.9751
10152,0.0558,Low,min_balance_ever,-4.5793,avg_standing_order_amount,-3.558,avg_monthly_transaction_count,2.2327
3694,0.0561,Low,avg_monthly_transaction_count,1.2692,balance_volatility,-0.9705,avg_standing_order_amount,0.7645
798,0.0558,Low,avg_transaction_amount,-2.6453,credit_debit_ratio,-1.0938,avg_standing_order_amount,0.8131
1246,0.0558,Low,avg_monthly_transaction_count,-3.6366,avg_standing_order_amount,1.0902,avg_transaction_amount,-0.6181
2464,0.7864,High,avg_monthly_transaction_count,4.3059,avg_standing_order_amount,3.0101,balance_volatility,1.6077
2480,0.061,Low,standing_order_count,2.2526,avg_monthly_transaction_count,2.2073,avg_transaction_amount,-1.8158
2586,0.0558,Low,avg_standing_order_amount,-3.2861,balance_volatility,1.1817,avg_balance,-0.7159
2004,0.0562,Low,avg_balance,-1.3333,account_age_days,1.0318,avg_transaction_amount,0.7738
2138,0.0567,Low,avg_monthly_transaction_count,-1.9812,avg_standing_order_amount,1.0584,account_age_days,1.0305
2141,0.0567,Low,avg_monthly_transaction_count,-1.7935,avg_transaction_amount,1.567,account_age_days,0.8448
3145,0.0558,Low,avg_monthly_transaction_count,-2.3623,avg_transaction_amount,-1.325,client_age,-0.8119
3474,0.0558,Low,avg_standing_order_amount,-3.9201,avg_monthly_transaction_count,2.1311,avg_transaction_amount,-1.3656
3609,0.0626,Low,avg_monthly_transaction_count,3.2737,account_age_days,-1.0223,avg_transaction_amount,0.9004
647,0.0559,Low,avg_monthly_transaction_count,-2.5412,account_age_days,0.9305,avg_transaction_amount,0.9302
657,0.0576,Low,avg_monthly_transaction_count,3.5438,avg_standing_order_amount,-1.7762,avg_transaction_amount,-0.9172
3820,0.0558,Low,account_age_days,-0.9711,transaction_trend,-0.943,credit_debit_ratio,-0.6735
336,0.0579,Low,avg_transaction_amount,1.4475,district_urban_ratio,0.8394,min_balance_ever,0.498
277,0.057,Low,balance_volatility,2.7835,avg_monthly_transaction_count,-1.2317,avg_transaction_amount,1.0867
2226,0.0572,Low,avg_monthly_transaction_count,2.0551,avg_standing_order_amount,1.1146,avg_transaction_amount,0.7401
3634,0.0563,Low,avg_monthly_transaction_count,-2.9496,balance_volatility,1.4835,avg_standing_order_amount,1.027
108,0.0558,Low,avg_monthly_transaction_count,-2.6176,avg_transaction_amount,1.2885,balance_volatility,-0.555
139,0.0558,Low,avg_standing_order_amount,-3.194,avg_monthly_transaction_count,-1.9576,client_age,0.9074
1887,0.0558,Low,avg_monthly_transaction_count,-2.5714,balance_volatility,-1.3269,credit_debit_ratio,0.818
1027,0.0558,Low,avg_monthly_transaction_count,-3.6852,credit_debit_ratio,-1.5439,avg_transaction_amount,-1.3626
3675,0.0626,Low,avg_monthly_transaction_count,2.5252,account_age_days,-1.5327,avg_standing_order_amount,1.0161
1830,0.0558,Low,avg_monthly_transaction_count,-3.7395,account_age_days,-1.541,balance_volatility,-0.7987
490,0.0558,Low,avg_monthly_transaction_count,-3.4959,avg_transaction_amount,-1.6799,balance_volatility,-0.5369
521,0.7606,High,avg_monthly_transaction_count,6.5241,avg_standing_order_amount,2.7591,avg_transaction_amount,-1.7155
3254,0.0558,Low,avg_monthly_transaction_count,-2.0268,balance_volatility,-1.7072,credit_debit_ratio,0.8133
1963,0.057,Low,balance_volatility,1.0919,standing_order_count,1.0865,avg_transaction_amount,1.0062
2539,0.0558,Low,avg_monthly_transaction_count,-1.809,avg_transaction_amount,-1.559,balance_volatility,-1.2815
2554,0.0559,Low,avg_transaction_amount,1.1395,account_age_days,-1.0453,credit_debit_ratio,0.8351
1094,0.0559,Low,avg_standing_order_amount,-1.4539,avg_transaction_amount,-1.2687,transaction_trend,1.0776
2562,0.0558,Low,avg_monthly_transaction_count,-3.6506,avg_transaction_amount,-1.6622,avg_balance,1.0127
2843,0.0561,Low,avg_monthly_transaction_count,-3.1595,avg_transaction_amount,1.6493,account_age_days,0.882
2489,0.0558,Low,avg_monthly_transaction_count,-3.8053,account_age_days,-1.4477,avg_transaction_amount,-0.7925
2482,0.0573,Low,avg_monthly_transaction_count,5.9448,avg_standing_order_amount,-2.2292,district_urban_ratio,-0.7344
2158,0.0558,Low,avg_monthly_transaction_count,-2.6108,avg_standing_order_amount,-2.2523,avg_transaction_amount,0.8509
2151,0.8031,High,avg_monthly_transaction_count,4.5366,standing_order_count,1.5216,avg_balance,1.411
2750,0.0568,Low,avg_monthly_transaction_count,3.3613,avg_transaction_amount,-0.6701,balance_volatility,-0.5241
2921,0.0568,Low,avg_monthly_transaction_count,-2.0325,avg_transaction_amount,1.5794,balance_volatility,-1.4667
1442,0.0559,Low,avg_monthly_transaction_count,-1.7375,account_age_days,-1.3195,avg_transaction_amount,0.9641
3721,0.0558,Low,avg_transaction_amount,-2.3183,avg_standing_order_amount,-0.9456,avg_monthly_transaction_count,-0.5758
3720,0.0558,Low,avg_monthly_transaction_count,-3.7001,avg_transaction_amount,-1.297,account_age_days,-0.7678
251,0.0559,Low,balance_volatility,-0.9694,avg_monthly_transaction_count,0.6342,district_urban_ratio,-0.5136
195,0.0559,Low,avg_monthly_transaction_count,-2.9653,avg_transaction_amount,1.3968,avg_standing_order_amount,1.2531
3912,0.0558,Low,avg_standing_order_amount,-2.4375,avg_transaction_amount,-1.2083,district_avg_salary,-1.0885
1503,0.0558,Low,avg_monthly_transaction_count,-3.5055,avg_transaction_amount,-1.1904,balance_volatility,-0.8698
3980,0.0561,Low,avg_monthly_transaction_count,2.6029,avg_standing_order_amount,-2.0166,account_age_days,-0.5739
1377,0.0558,Low,avg_monthly_transaction_count,-3.2179,avg_transaction_amount,-1.8372,balance_volatility,-0.6344
989,0.0559,Low,avg_transaction_amount,-1.5126,avg_standing_order_amount,-1.3313,balance_volatility,-0.6623
3857,0.0558,Low,avg_monthly_transaction_count,-3.1848,account_age_days,2.3295,avg_transaction_amount,-1.7003
2716,0.0591,Low,avg_monthly_transaction_count,2.2166,avg_standing_order_amount,1.9359,district_avg_salary,-1.2148
2589,0.0559,Low,avg_transaction_amount,-1.7182,avg_balance,1.2788,balance_volatility,-0.7553
2523,0.0559,Low,avg_standing_order_amount,-4.3877,avg_monthly_transaction_count,3.6521,avg_transaction_amount,-1.0818
4463,0.0558,Low,avg_monthly_transaction_count,-2.6673,avg_standing_order_amount,-1.5353,transaction_trend,1.2158
4424,0.0558,Low,avg_monthly_transaction_count,-3.3268,avg_standing_order_amount,-0.9166,standing_order_count,0.8214
1574,0.0558,Low,avg_monthly_transaction_count,-3.5933,avg_transaction_amount,-1.7441,account_age_days,0.8526
1435,0.0559,Low,avg_monthly_transaction_count,-1.747,avg_transaction_amount,1.3539,account_age_days,1.0146
1426,0.0558,Low,avg_monthly_transaction_count,-3.3418,avg_transaction_amount,-1.6995,balance_volatility,-0.6749
870,0.0559,Low,avg_monthly_transaction_count,-2.5063,balance_volatility,-0.9856,avg_balance,0.749
1391,0.0571,Low,avg_transaction_amount,2.0364,avg_monthly_transaction_count,-1.7075,account_age_days,0.8402
644,0.0558,Low,avg_monthly_transaction_count,-2.4692,avg_standing_order_amount,-1.5472,avg_balance,1.1636
646,0.0558,Low,avg_monthly_transaction_count,-2.4025,balance_volatility,-1.3348,district_avg_salary,-0.8824
652,0.0558,Low,account_age_days,-2.9679,avg_monthly_transaction_count,-2.4078,avg_standing_order_amount,-1.1776
682,0.0558,Low,avg_transaction_amount,-1.402,avg_standing_order_amount,-1.1657,avg_monthly_transaction_count,-1.0738
357,0.0558,Low,avg_standing_order_amount,-1.7486,avg_transaction_amount,-1.6962,credit_debit_ratio,-1.2652
639,0.0558,Low,avg_monthly_transaction_count,-3.5083,account_age_days,2.0643,avg_transaction_amount,-1.8108
289,0.0587,Low,avg_monthly_transaction_count,2.4939,avg_standing_order_amount,1.2299,credit_debit_ratio,0.6732
3173,0.0558,Low,avg_transaction_amount,-2.0498,avg_monthly_transaction_count,-1.0615,balance_volatility,-0.4987
2427,0.0566,Low,transaction_trend,-1.4615,credit_debit_ratio,1.2009,avg_standing_order_amount,1.0049
1665,0.0558,Low,avg_monthly_transaction_count,-3.6428,balance_volatility,-0.6021,credit_debit_ratio,-0.6019
2738,0.0597,Low,avg_monthly_transaction_count,2.6041,avg_standing_order_amount,1.5471,district_urban_ratio,-0.6831
8934,0.0558,Low,min_balance_ever,-4.3673,avg_standing_order_amount,-3.526,avg_monthly_transaction_count,2.0089
3140,0.0559,Low,avg_monthly_transaction_count,1.455,balance_volatility,-1.158,account_age_days,1.1433
124,0.0558,Low,avg_standing_order_amount,-3.471,avg_transaction_amount,-1.6133,account_age_days,-0.7107
130,0.0558,Low,avg_monthly_transaction_count,-3.57,balance_volatility,-1.4989,avg_standing_order_amount,0.7049
128,0.0558,Low,avg_standing_order_amount,-1.7773,account_age_days,-1.6262,avg_transaction_amount,-0.9937
3056,0.0558,Low,avg_transaction_amount,-1.8673,avg_monthly_transaction_count,-1.5187,balance_volatility,-0.696
1890,0.0558,Low,min_balance_ever,-3.7266,avg_standing_order_amount,-2.9747,avg_monthly_transaction_count,-1.106
1024,0.0558,Low,avg_monthly_transaction_count,-3.4497,avg_transaction_amount,-1.5978,account_age_days,0.8451
822,0.0559,Low,avg_monthly_transaction_count,-3.3042,standing_order_count,0.5978,client_age,0.5262
475,0.0558,Low,avg_monthly_transaction_count,-3.791,avg_transaction_amount,-1.3368,avg_balance,1.1314
597,0.056,Low,credit_debit_ratio,1.1201,avg_transaction_amount,0.7875,district_urban_ratio,-0.6917
2057,0.056,Low,avg_standing_order_amount,-2.4204,avg_monthly_transaction_count,2.2155,standing_order_count,-1.4425
1185,0.0559,Low,avg_monthly_transaction_count,-3.1223,avg_balance,1.2018,avg_transaction_amount,-1.0369
1204,0.0573,Low,avg_monthly_transaction_count,3.6094,avg_balance,-2.4223,avg_standing_order_amount,1.6736
3304,0.0559,Low,avg_monthly_transaction_count,-2.3356,avg_transaction_amount,1.0228,balance_volatility,-0.7654
3299,0.0779,Low,avg_monthly_transaction_count,-3.7536,balance_volatility,2.1562,avg_standing_order_amount,1.1573
2676,0.0558,Low,avg_monthly_transaction_count,2.6836,avg_standing_order_amount,-2.6549,account_age_days,-1.619
3343,0.058,Low,avg_monthly_transaction_count,2.6341,avg_standing_order_amount,2.2302,account_age_days,0.9647
1958,0.0558,Low,avg_monthly_transaction_count,-3.7632,avg_transaction_amount,-1.2789,balance_volatility,-1.1235
2172,0.0558,Low,avg_monthly_transaction_count,-3.6858,account_age_days,1.3775,avg_standing_order_amount,1.0478
1210,0.0558,Low,avg_monthly_transaction_count,-3.1064,avg_standing_order_amount,-2.9182,avg_transaction_amount,1.3755
1227,0.0831,Low,avg_monthly_transaction_count,6.3577,district_avg_salary,-1.5016,credit_debit_ratio,0.8119
1348,0.0558,Low,avg_standing_order_amount,-1.9586,account_age_days,-1.5845,avg_monthly_transaction_count,0.6659
1351,0.0558,Low,avg_monthly_transaction_count,-3.4621,avg_transaction_amount,-1.9515,credit_debit_ratio,-1.2004
1488,0.0637,Low,avg_monthly_transaction_count,1.9425,account_age_days,0.9451,avg_standing_order_amount,0.8494
1479,0.0559,Low,avg_transaction_amount,-2.4169,avg_standing_order_amount,0.8441,balance_volatility,-0.8393
2544,0.0559,Low,avg_monthly_transaction_count,5.9606,avg_standing_order_amount,-3.8699,credit_debit_ratio,-1.5257
1013,0.0558,Low,avg_monthly_transaction_count,-3.6301,avg_transaction_amount,-1.6699,client_age,0.8645
898,0.0562,Low,avg_transaction_amount,0.9918,avg_monthly_transaction_count,0.8886,standing_order_count,-0.414
2600,0.606,Medium,avg_monthly_transaction_count,4.3919,balance_volatility,2.6709,avg_standing_order_amount,2.3001
2414,0.0558,Low,avg_transaction_amount,-1.5659,avg_standing_order_amount,-1.1041,avg_balance,0.7348
2037,0.0913,Low,avg_monthly_transaction_count,2.7794,avg_standing_order_amount,1.819,account_age_days,-0.9611
2783,0.0558,Low,avg_standing_order_amount,-3.0876,transaction_trend,-1.8919,credit_debit_ratio,-1.0323
1446,0.0561,Low,avg_transaction_amount,1.3341,balance_volatility,0.9637,standing_order_count,0.6317
2773,0.0602,Low,avg_monthly_transaction_count,5.4731,avg_standing_order_amount,-3.487,standing_order_count,-0.7922
533,0.0637,Low,avg_balance,1.2769,avg_monthly_transaction_count,0.8257,avg_transaction_amount,0.6859
552,0.0558,Low,avg_transaction_amount,-1.8338,avg_monthly_transaction_count,-1.7531,credit_debit_ratio,0.8566
3357,0.0558,Low,avg_monthly_transaction_count,-3.415,client_age,-0.9799,balance_volatility,-0.8147
1790,0.0559,Low,credit_debit_ratio,-1.5141,account_age_days,1.2823,avg_monthly_transaction_count,1.0083
7487,0.056,Low,min_balance_ever,-5.4477,balance_volatility,1.9428,avg_standing_order_amount,1.9208
3070,0.0567,Low,avg_monthly_transaction_count,-2.3832,account_age_days,1.8206,avg_transaction_amount,1.5089
3212,0.0558,Low,avg_monthly_transaction_count,5.6062,avg_standing_order_amount,-3.6154,credit_debit_ratio,-1.5399
3547,0.0558,Low,avg_monthly_transaction_count,-3.7321,avg_transaction_amount,-1.6421,account_age_days,-0.6554
3550,0.1855,Low,avg_monthly_transaction_count,4.8282,avg_standing_order_amount,0.9604,balance_volatility,-0.7797
70,0.0559,Low,avg_monthly_transaction_count,-2.7403,client_age,0.5386,min_balance_ever,0.4522
3024,0.0558,Low,avg_transaction_amount,-1.6693,balance_volatility,-0.9447,client_age,-0.7572
2096,0.1586,Low,avg_monthly_transaction_count,2.3954,avg_standing_order_amount,1.829,avg_transaction_amount,0.6076
1518,0.0558,Low,avg_monthly_transaction_count,-2.1361,avg_standing_order_amount,-2.0512,district_avg_salary,-1.5259
3897,0.056,Low,avg_monthly_transaction_count,-2.2072,credit_debit_ratio,-1.4032,avg_transaction_amount,1.3192
937,0.0558,Low,avg_monthly_transaction_count,-3.1389,avg_transaction_amount,-1.845,balance_volatility,-1.1198
3591,0.0592,Low,avg_monthly_transaction_count,2.5599,avg_standing_order_amount,1.3622,avg_transaction_amount,1.3076
3592,0.0558,Low,avg_monthly_transaction_count,-3.559,account_age_days,-2.3618,balance_volatility,-1.0373
2952,0.0558,Low,avg_transaction_amount,-1.5814,avg_monthly_transaction_count,-1.1858,account_age_days,0.9648
2468,0.0558,Low,avg_monthly_transaction_count,-3.7122,avg_transaction_amount,-1.9089,credit_debit_ratio,-1.0337
2465,0.0559,Low,avg_standing_order_amount,-1.4735,avg_transaction_amount,-1.1081,balance_volatility,-0.8635
2287,0.0589,Low,avg_transaction_amount,1.8378,avg_monthly_transaction_count,-1.813,avg_standing_order_amount,1.2245
2011,0.0558,Low,avg_standing_order_amount,-3.9309,avg_monthly_transaction_count,1.8865,avg_balance,0.9834
3039,0.0565,Low,avg_monthly_transaction_count,2.0358,balance_volatility,-0.6674,min_balance_ever,0.6291
3043,0.0558,Low,avg_monthly_transaction_count,-3.5476,avg_transaction_amount,-1.4037,client_age,-0.7783
2889,0.0594,Low,avg_monthly_transaction_count,1.8027,avg_standing_order_amount,1.6568,avg_balance,-0.8211
3809,0.0559,Low,avg_standing_order_amount,-2.6114,avg_monthly_transaction_count,2.5917,credit_debit_ratio,-1.2446
966,0.0558,Low,avg_monthly_transaction_count,-3.5064,avg_transaction_amount,-1.9504,account_age_days,0.9775
655,0.0559,Low,avg_monthly_transaction_count,5.3372,avg_standing_order_amount,-2.0692,account_age_days,-0.8518
643,0.0558,Low,avg_monthly_transaction_count,-2.7185,account_age_days,2.4443,avg_standing_order_amount,-1.7151
3443,0.0558,Low,avg_monthly_transaction_count,-3.6647,avg_transaction_amount,-1.4231,balance_volatility,-0.6976
1669,0.0558,Low,avg_monthly_transaction_count,-3.9835,avg_standing_order_amount,1.3871,credit_debit_ratio,0.9443
2501,0.0559,Low,avg_standing_order_amount,-2.6587,avg_monthly_transaction_count,1.9985,avg_transaction_amount,0.7173
2239,0.0574,Low,avg_monthly_transaction_count,1.6884,avg_standing_order_amount,0.8114,avg_transaction_amount,0.4151
2237,0.0574,Low,avg_monthly_transaction_count,3.1056,avg_transaction_amount,0.8375,district_urban_ratio,-0.6237
2231,0.0559,Low,credit_debit_ratio,-1.2112,avg_monthly_transaction_count,-1.2095,account_age_days,0.9488
3289,0.0604,Low,avg_monthly_transaction_count,4.3605,avg_standing_order_amount,1.2591,transaction_trend,-1.0617
1702,0.0559,Low,balance_volatility,-1.9299,avg_monthly_transaction_count,-0.6867,district_urban_ratio,0.5138
1141,0.0558,Low,avg_standing_order_amount,-4.6418,avg_monthly_transaction_count,3.215,avg_transaction_amount,-1.4098
3682,0.0558,Low,avg_monthly_transaction_count,-1.4918,avg_transaction_amount,-1.3571,account_age_days,-1.0722
3622,0.7823,High,avg_standing_order_amount,4.2702,avg_monthly_transaction_count,1.8092,balance_volatility,1.5195
4071,0.0982,Low,avg_standing_order_amount,2.0958,avg_monthly_transaction_count,-1.8516,avg_transaction_amount,1.3891
445,0.7205,High,avg_standing_order_amount,4.1816,avg_monthly_transaction_count,3.7169,standing_order_count,1.2346
2044,0.0559,Low,avg_monthly_transaction_count,-1.5016,avg_transaction_amount,1.1115,standing_order_count,0.8455
2049,0.0558,Low,avg_monthly_transaction_count,-1.6121,credit_debit_ratio,-1.1595,min_balance_ever,1.0392
4258,0.0558,Low,avg_standing_order_amount,-3.3583,avg_monthly_transaction_count,-2.2277,balance_volatility,1.6677
2932,0.8097,High,avg_monthly_transaction_count,12.4115,transaction_trend,-1.1556,avg_standing_order_amount,-0.8832
429,0.0562,Low,avg_transaction_amount,0.7048,avg_standing_order_amount,0.6859,avg_monthly_transaction_count,0.5668
494,0.057,Low,avg_monthly_transaction_count,1.9453,account_age_days,-1.4408,avg_standing_order_amount,1.1785
385,0.0559,Low,avg_standing_order_amount,-3.391,avg_monthly_transaction_count,3.0979,avg_transaction_amount,-1.0879
2528,0.0558,Low,avg_monthly_transaction_count,-3.7672,avg_transaction_amount,-1.4182,account_age_days,-0.9415
1492,0.0558,Low,avg_monthly_transaction_count,-3.4413,avg_transaction_amount,-1.6935,balance_volatility,-0.6442
3951,0.0558,Low,avg_monthly_transaction_count,-3.7229,avg_standing_order_amount,1.9216,account_age_days,0.935
3767,0.0559,Low,avg_monthly_transaction_count,1.2806,avg_standing_order_amount,-0.9957,transaction_trend,0.5464
3777,0.0558,Low,avg_standing_order_amount,-3.0508,avg_transaction_amount,-1.58,client_age,0.5939
2610,0.0558,Low,avg_monthly_transaction_count,-3.8137,standing_order_count,0.6598,account_age_days,0.6279
2608,0.0565,Low,balance_volatility,-1.3718,avg_monthly_transaction_count,0.7553,avg_standing_order_amount,0.6289
2841,0.0558,Low,balance_volatility,-1.7835,account_age_days,-0.886,credit_debit_ratio,0.8726
2421,0.0558,Low,avg_standing_order_amount,-2.2546,avg_transaction_amount,-1.6412,credit_debit_ratio,-0.7322
1912,0.0558,Low,avg_monthly_transaction_count,-3.6064,balance_volatility,-1.0338,avg_transaction_amount,-0.9217
3513,0.067,Low,avg_monthly_transaction_count,2.7386,account_age_days,-1.7555,avg_standing_order_amount,1.1573
563,0.0559,Low,avg_monthly_transaction_count,-2.8549,credit_debit_ratio,1.0746,account_age_days,-0.7298
217,0.056,Low,avg_transaction_amount,1.9989,avg_standing_order_amount,1.6579,avg_monthly_transaction_count,-1.0741
1783,0.0558,Low,avg_monthly_transaction_count,-3.6709,credit_debit_ratio,-1.873,balance_volatility,-1.2225
2403,0.0559,Low,avg_transaction_amount,-1.3511,avg_monthly_transaction_count,-1.2091,balance_volatility,-0.927
2629,0.0559,Low,avg_monthly_transaction_count,-2.5038,avg_standing_order_amount,-2.4812,avg_transaction_amount,1.5681
2620,0.0559,Low,account_age_days,-1.2829,avg_standing_order_amount,0.7268,total_debit_amount,0.6493
2973,0.061,Low,avg_transaction_amount,1.1387,avg_monthly_transaction_count,0.8219,account_age_days,0.6742
2169,0.3215,Low,avg_monthly_transaction_count,1.9596,avg_standing_order_amount,1.5465,account_age_days,1.0001
1352,0.0664,Low,avg_monthly_transaction_count,5.6647,avg_standing_order_amount,-1.6945,standing_order_count,-0.8667
2557,0.0559,Low,avg_transaction_amount,-1.6278,avg_balance,1.0077,avg_monthly_transaction_count,-0.9659
3237,0.057,Low,account_age_days,-1.4602,avg_transaction_amount,1.0033,avg_monthly_transaction_count,0.9589
2576,0.1699,Low,avg_monthly_transaction_count,2.9966,avg_standing_order_amount,1.4602,balance_volatility,1.4072
2329,0.0558,Low,avg_monthly_transaction_count,-3.6323,avg_standing_order_amount,0.6971,balance_volatility,-0.6869
7944,0.0558,Low,min_balance_ever,-4.0291,avg_standing_order_amount,-1.9982,avg_transaction_amount,1.2468
1319,0.7106,High,avg_transaction_amount,2.0662,balance_volatility,1.7506,account_age_days,1.3072
4405,0.0558,Low,min_balance_ever,-4.672,avg_standing_order_amount,-2.8502,balance_volatility,1.2837
192,0.0558,Low,avg_monthly_transaction_count,-3.7238,account_age_days,-2.5541,balance_volatility,-1.5041
207,0.056,Low,avg_standing_order_amount,-3.4093,avg_monthly_transaction_count,3.0016,transaction_trend,1.123
2405,0.0559,Low,avg_monthly_transaction_count,-2.5703,balance_volatility,-1.4741,avg_transaction_amount,0.979
3067,0.0559,Low,balance_volatility,-0.9119,account_age_days,0.8305,avg_monthly_transaction_count,0.6873
2087,0.0562,Low,account_age_days,-2.9425,avg_monthly_transaction_count,-2.7199,balance_volatility,2.1119
2085,0.0565,Low,avg_monthly_transaction_count,2.2533,account_age_days,0.9271,transaction_trend,-0.7039
2991,0.056,Low,avg_monthly_transaction_count,2.8053,avg_standing_order_amount,-1.4469,transaction_trend,-1.137
1517,0.0558,Low,avg_monthly_transaction_count,-3.6093,avg_transaction_amount,-1.6614,balance_volatility,-0.7382
1520,0.0558,Low,avg_monthly_transaction_count,-2.74,avg_transaction_amount,-1.3218,balance_volatility,-0.5827
3703,0.0558,Low,avg_monthly_transaction_count,-2.4817,avg_standing_order_amount,-1.6974,avg_transaction_amount,-1.1014
3985,0.0558,Low,avg_monthly_transaction_count,-3.4479,avg_transaction_amount,-1.4723,account_age_days,0.9341
1114,0.0561,Low,avg_monthly_transaction_count,-2.2851,balance_volatility,1.7032,avg_transaction_amount,1.0344
1110,0.0559,Low,avg_monthly_transaction_count,-2.5241,credit_debit_ratio,-2.0343,avg_transaction_amount,1.2312
2453,0.0558,Low,avg_monthly_transaction_count,-3.3935,avg_transaction_amount,-2.041,account_age_days,-1.4891
2444,0.0567,Low,avg_monthly_transaction_count,-1.8115,account_age_days,1.5601,balance_volatility,1.4562
2967,0.1959,Low,avg_monthly_transaction_count,3.1438,avg_transaction_amount,1.0481,account_age_days,0.7595
2953,0.0558,Low,avg_monthly_transaction_count,2.7596,avg_standing_order_amount,-2.4335,credit_debit_ratio,-1.7369
3749,0.0558,Low,avg_monthly_transaction_count,-2.7476,avg_transaction_amount,0.9767,avg_balance,-0.9666
1566,0.0588,Low,avg_monthly_transaction_count,5.4441,account_age_days,-1.1514,avg_standing_order_amount,-0.7005
1738,0.0558,Low,avg_monthly_transaction_count,-3.4511,avg_transaction_amount,-1.5958,balance_volatility,-0.6728
1730,0.0558,Low,account_age_days,-2.2133,avg_monthly_transaction_count,-1.9706,avg_transaction_amount,-1.4651
3497,0.0561,Low,avg_monthly_transaction_count,3.2826,district_avg_salary,-0.6875,avg_standing_order_amount,-0.5931
3440,0.0587,Low,avg_monthly_transaction_count,4.5171,avg_transaction_amount,0.8661,district_unemployment_rate,-0.5531
296,0.0558,Low,avg_monthly_transaction_count,-3.6278,avg_transaction_amount,-1.2625,avg_balance,0.5217
1673,0.0558,Low,avg_monthly_transaction_count,-3.6428,avg_transaction_amount,-1.1437,credit_debit_ratio,0.7743
3570,0.056,Low,avg_standing_order_amount,1.134,account_age_days,-0.8085,district_avg_salary,-0.6512
3647,0.0559,Low,avg_monthly_transaction_count,-3.022,avg_standing_order_amount,0.9158,balance_volatility,-0.6681
174,0.0558,Low,avg_monthly_transaction_count,-3.4168,avg_transaction_amount,-1.6717,credit_debit_ratio,-1.2967
107,0.0645,Low,avg_monthly_transaction_count,4.4086,avg_standing_order_amount,-2.2966,credit_debit_ratio,0.3922
4013,0.0561,Low,account_age_days,-1.137,avg_standing_order_amount,1.0865,standing_order_count,0.7158
1021,0.0558,Low,avg_monthly_transaction_count,-3.5841,avg_transaction_amount,-1.6097,credit_debit_ratio,-1.4047
3318,0.0558,Low,avg_standing_order_amount,-3.8764,avg_transaction_amount,-1.3941,avg_balance,1.0744
1940,0.0558,Low,avg_monthly_transaction_count,-3.8977,avg_transaction_amount,-0.8351,balance_volatility,-0.7349
6866,0.0558,Low,min_balance_ever,-4.1936,avg_standing_order_amount,-2.6683,avg_monthly_transaction_count,-0.9759
3919,0.0559,Low,avg_monthly_transaction_count,-3.6224,account_age_days,2.7302,avg_transaction_amount,1.5288
1916,0.0558,Low,avg_monthly_transaction_count,-2.8679,credit_debit_ratio,-1.5779,client_age,-0.4196
2914,0.0586,Low,avg_monthly_transaction_count,2.8201,balance_volatility,-0.6256,avg_transaction_amount,0.5768
2790,0.0562,Low,balance_volatility,1.7923,avg_transaction_amount,0.9618,avg_standing_order_amount,-0.6881
1900,0.0579,Low,avg_monthly_transaction_count,-1.7968,avg_transaction_amount,1.4921,account_age_days,0.8196
3365,0.0558,Low,avg_monthly_transaction_count,-2.5216,account_age_days,-1.3621,avg_transaction_amount,-1.0625
7449,0.0558,Low,min_balance_ever,-3.8546,avg_standing_order_amount,-1.4501,avg_transaction_amount,-0.932
2258,0.0558,Low,avg_monthly_transaction_count,-3.4379,balance_volatility,-0.9402,account_age_days,0.7501
3079,0.0558,Low,avg_monthly_transaction_count,-2.6514,avg_transaction_amount,-1.7277,avg_standing_order_amount,-0.8666
42,0.0625,Low,avg_monthly_transaction_count,3.5834,balance_volatility,-0.9296,district_urban_ratio,-0.7068
3027,0.0558,Low,avg_monthly_transaction_count,-3.7019,avg_transaction_amount,-1.7211,balance_volatility,-0.9827
2081,0.0558,Low,avg_transaction_amount,-2.2728,avg_standing_order_amount,1.5505,credit_debit_ratio,-1.3773
2088,0.0558,Low,avg_monthly_transaction_count,-2.8432,balance_volatility,-1.0636,avg_transaction_amount,-1.0304
2996,0.059,Low,avg_monthly_transaction_count,5.9542,avg_standing_order_amount,-1.1048,district_urban_ratio,-0.7952
1556,0.0558,Low,avg_monthly_transaction_count,-3.1869,avg_transaction_amount,-1.6249,standing_order_count,0.6225
1238,0.0558,Low,avg_monthly_transaction_count,-3.3283,avg_transaction_amount,-1.4904,balance_volatility,-1.297
995,0.0558,Low,avg_transaction_amount,-2.1969,credit_debit_ratio,-1.2764,avg_monthly_transaction_count,-0.7664
3861,0.0559,Low,avg_monthly_transaction_count,-2.0317,avg_transaction_amount,1.7177,avg_balance,-1.3311
2866,0.0559,Low,avg_monthly_transaction_count,-1.3858,avg_transaction_amount,1.2592,credit_debit_ratio,0.8548
1726,0.0565,Low,avg_monthly_transaction_count,5.6545,account_age_days,-2.556,avg_standing_order_amount,-2.5044
1420,0.0558,Low,avg_monthly_transaction_count,-3.4085,avg_transaction_amount,-1.7376,balance_volatility,-1.1862
1427,0.0559,Low,avg_monthly_transaction_count,-1.9283,avg_standing_order_amount,1.4622,district_avg_salary,-0.8205
5024,0.0558,Low,min_balance_ever,-3.3287,avg_monthly_transaction_count,-2.3512,avg_standing_order_amount,-2.0108
662,0.0558,Low,avg_monthly_transaction_count,-3.7547,avg_transaction_amount,-1.1073,balance_volatility,-0.8787
3270,0.0558,Low,avg_monthly_transaction_count,-2.2131,avg_standing_order_amount,-0.8722,avg_transaction_amount,0.6328
3176,0.0558,Low,avg_monthly_transaction_count,-3.4775,avg_transaction_amount,-1.4122,avg_balance,0.743
3631,0.0558,Low,avg_monthly_transaction_count,-3.4721,avg_transaction_amount,-1.173,avg_standing_order_amount,0.9792
5817,0.0566,Low,avg_monthly_transaction_count,5.4714,min_balance_ever,-5.0947,avg_standing_order_amount,3.935
159,0.0558,Low,avg_monthly_transaction_count,-3.5342,credit_debit_ratio,-1.8922,avg_transaction_amount,1.2786
1705,0.0559,Low,avg_monthly_transaction_count,-3.1036,avg_transaction_amount,1.2678,account_age_days,-1.1853
914,0.0558,Low,avg_monthly_transaction_count,-3.5258,avg_transaction_amount,-1.9233,balance_volatility,-0.5884
1034,0.0559,Low,avg_monthly_transaction_count,-2.1844,account_age_days,0.9037,district_avg_salary,0.5015
3671,0.0558,Low,avg_monthly_transaction_count,-3.9138,account_age_days,1.2628,avg_transaction_amount,-1.0087
3603,0.056,Low,avg_monthly_transaction_count,-3.7257,credit_debit_ratio,-1.2446,account_age_days,1.1943
3639,0.0558,Low,avg_monthly_transaction_count,-3.7801,balance_volatility,-0.7666,avg_standing_order_amount,0.7597
3663,0.0566,Low,district_avg_salary,-1.085,avg_transaction_amount,0.9706,credit_debit_ratio,0.8233
3665,0.0563,Low,avg_monthly_transaction_count,-2.836,avg_standing_order_amount,2.049,avg_transaction_amount,1.7692
3606,0.0558,Low,avg_monthly_transaction_count,-2.8336,avg_standing_order_amount,-2.1911,credit_debit_ratio,-1.2772
3529,0.0558,Low,avg_monthly_transaction_count,-2.8962,avg_standing_order_amount,-2.42,avg_transaction_amount,1.4116
504,0.0558,Low,avg_monthly_transaction_count,-3.5199,avg_transaction_amount,-1.9365,balance_volatility,-0.9467
413,0.0558,Low,avg_monthly_transaction_count,-3.759,avg_transaction_amount,-1.1348,transaction_trend,-0.7586
2538,0.0558,Low,avg_monthly_transaction_count,-3.7595,balance_volatility,-1.1546,avg_transaction_amount,-0.9265
1855,0.0558,Low,avg_monthly_transaction_count,-3.6123,avg_transaction_amount,-1.5332,balance_volatility,-1.4067
4318,0.0566,Low,avg_standing_order_amount,3.1782,avg_transaction_amount,-1.2319,account_age_days,-1.2207
3011,0.0559,Low,avg_transaction_amount,-1.4738,avg_balance,1.0187,account_age_days,-0.6581
1219,0.0558,Low,avg_monthly_transaction_count,-1.949,balance_volatility,-1.5858,account_age_days,0.4206
1475,0.0558,Low,min_balance_ever,-4.1628,avg_standing_order_amount,-2.5118,avg_transaction_amount,1.0652
2556,0.0558,Low,avg_monthly_transaction_count,-3.3551,account_age_days,2.5334,avg_transaction_amount,-1.6998
2831,0.0558,Low,avg_standing_order_amount,-2.0262,credit_debit_ratio,-1.4959,avg_monthly_transaction_count,1.4211
3104,0.0558,Low,avg_transaction_amount,-2.3277,avg_monthly_transaction_count,-1.5601,avg_standing_order_amount,1.3255
3160,0.0558,Low,account_age_days,-0.8448,avg_standing_order_amount,-0.8309,avg_transaction_amount,0.8064
2564,0.056,Low,avg_monthly_transaction_count,-2.6006,avg_transaction_amount,1.2126,account_age_days,1.0178
3982,0.0558,Low,avg_monthly_transaction_count,-3.1936,avg_transaction_amount,-2.2085,credit_debit_ratio,-1.2179
3876,0.056,Low,avg_monthly_transaction_count,-3.3538,balance_volatility,3.1747,district_avg_salary,-0.9762
1646,0.7342,High,avg_monthly_transaction_count,5.6222,avg_standing_order_amount,2.1088,avg_balance,-1.0281
1631,0.0558,Low,avg_monthly_transaction_count,-3.6796,avg_transaction_amount,-1.309,balance_volatility,-0.8051
1604,0.056,Low,balance_volatility,-0.8435,avg_transaction_amount,0.8399,account_age_days,-0.8238
1637,0.0558,Low,account_age_days,-2.2808,avg_standing_order_amount,-1.7744,avg_transaction_amount,-1.2948
1581,0.0559,Low,avg_monthly_transaction_count,-1.2523,credit_debit_ratio,-1.0228,district_unemployment_rate,0.5869
1679,0.0558,Low,avg_monthly_transaction_count,-1.528,balance_volatility,-1.0621,credit_debit_ratio,-0.5418
1007,0.0559,Low,avg_standing_order_amount,-3.5887,avg_monthly_transaction_count,1.7991,credit_debit_ratio,-1.6902
887,0.0558,Low,avg_monthly_transaction_count,-3.5942,avg_transaction_amount,-1.4998,balance_volatility,-0.7336
3760,0.0559,Low,account_age_days,-2.8865,avg_monthly_transaction_count,-1.8649,balance_volatility,1.0815
2609,0.0578,Low,avg_monthly_transaction_count,-2.9355,balance_volatility,2.1684,avg_transaction_amount,1.5403
1802,0.0558,Low,avg_transaction_amount,-1.2705,balance_volatility,-1.0795,avg_standing_order_amount,-1.0312
1792,0.0558,Low,avg_monthly_transaction_count,-3.4225,avg_transaction_amount,-1.2082,client_age,-0.9091
1784,0.0558,Low,avg_monthly_transaction_count,-1.5895,transaction_trend,-1.5672,account_age_days,-0.9749
2360,0.0559,Low,avg_transaction_amount,1.1468,avg_monthly_transaction_count,-0.9642,balance_volatility,-0.6334
3371,0.0561,Low,avg_standing_order_amount,-2.3496,balance_volatility,1.8431,credit_debit_ratio,0.8604
3437,0.1971,Low,avg_monthly_transaction_count,4.1247,avg_standing_order_amount,1.1803,avg_balance,-1.064
3355,0.0558,Low,avg_monthly_transaction_count,-3.4731,avg_transaction_amount,-1.395,credit_debit_ratio,-0.5687
2423,0.0558,Low,account_age_days,-2.0111,avg_standing_order_amount,-1.3595,avg_transaction_amount,-1.2372
4768,0.0558,Low,avg_standing_order_amount,-4.0337,min_balance_ever,-3.8518,avg_monthly_transaction_count,1.4252
2995,0.0558,Low,min_balance_ever,-3.9141,avg_standing_order_amount,-3.0701,avg_monthly_transaction_count,-2.3322
2030,0.0559,Low,avg_monthly_transaction_count,-1.9532,avg_transaction_amount,1.8083,avg_balance,-1.4094
579,0.0558,Low,avg_monthly_transaction_count,-2.9116,credit_debit_ratio,-1.2965,avg_balance,0.6245
481,0.0559,Low,avg_standing_order_amount,-2.3296,avg_transaction_amount,-0.8157,credit_debit_ratio,-0.6495
595,0.1266,Low,avg_monthly_transaction_count,3.0985,standing_order_count,1.511,avg_standing_order_amount,1.5104
2092,0.0569,Low,avg_monthly_transaction_count,-2.6268,balance_volatility,2.2319,avg_standing_order_amount,1.9809
716,0.0558,Low,avg_monthly_transaction_count,-2.6781,avg_standing_order_amount,-1.9343,avg_transaction_amount,1.5487
3110,0.0558,Low,avg_standing_order_amount,-2.3054,avg_monthly_transaction_count,-2.2755,avg_transaction_amount,0.6465
3893,0.0558,Low,avg_standing_order_amount,-1.7997,credit_debit_ratio,-1.635,avg_transaction_amount,-1.5127
828,0.0562,Low,avg_monthly_transaction_count,-1.9362,avg_standing_order_amount,-1.2853,client_age,1.2643
466,0.0558,Low,avg_monthly_transaction_count,-2.8093,avg_standing_order_amount,-2.4615,transaction_trend,-1.4625
1473,0.0558,Low,avg_monthly_transaction_count,-3.4191,avg_transaction_amount,-1.6477,credit_debit_ratio,-1.3076
1072,0.0559,Low,avg_monthly_transaction_count,-2.9174,avg_transaction_amount,1.2135,avg_standing_order_amount,0.8819
4140,0.0558,Low,avg_standing_order_amount,-3.1042,avg_monthly_transaction_count,-2.663,account_age_days,-1.315
2765,0.0558,Low,avg_monthly_transaction_count,-4.1595,avg_standing_order_amount,1.4561,account_age_days,1.4485
239,0.0572,Low,avg_monthly_transaction_count,4.9704,district_avg_salary,-1.9701,account_age_days,-1.4138
200,0.0558,Low,avg_monthly_transaction_count,-2.7799,avg_standing_order_amount,-2.1931,balance_volatility,1.2293
2312,0.0558,Low,avg_monthly_transaction_count,-3.8081,account_age_days,1.4645,avg_standing_order_amount,0.9666
2252,0.0558,Low,avg_transaction_amount,-1.8962,credit_debit_ratio,-1.4021,avg_monthly_transaction_count,-1.1995
2093,0.0558,Low,avg_monthly_transaction_count,-2.6923,avg_standing_order_amount,-2.3068,avg_transaction_amount,1.4956
3908,0.0558,Low,avg_transaction_amount,-1.9678,avg_monthly_transaction_count,-1.3442,avg_standing_order_amount,-1.1509
2007,0.0559,Low,avg_standing_order_amount,-3.6196,avg_monthly_transaction_count,2.2641,district_avg_salary,1.3
3828,0.0558,Low,avg_monthly_transaction_count,-3.6055,avg_transaction_amount,-1.7443,account_age_days,1.2618
325,0.0558,Low,avg_monthly_transaction_count,-3.708,avg_balance,0.9485,avg_transaction_amount,-0.8632
1769,0.0558,Low,avg_monthly_transaction_count,-2.921,avg_standing_order_amount,-2.503,standing_order_count,-0.9178
10670,0.0558,Low,avg_standing_order_amount,-4.3448,min_balance_ever,-3.8689,avg_monthly_transaction_count,2.634
266,0.0571,Low,balance_volatility,1.4974,avg_standing_order_amount,1.41,credit_debit_ratio,1.258
5740,0.0558,Low,min_balance_ever,-4.8449,avg_monthly_transaction_count,-2.6483,balance_volatility,2.3618
3869,0.0569,Low,avg_monthly_transaction_count,3.8443,avg_transaction_amount,-2.244,avg_balance,-1.701
3020,0.0558,Low,avg_standing_order_amount,-3.9378,avg_monthly_transaction_count,1.9061,transaction_trend,-1.2387
2803,0.0572,Low,standing_order_count,1.4322,balance_volatility,1.2725,transaction_trend,-1.2266
474,0.0559,Low,avg_monthly_transaction_count,2.809,avg_standing_order_amount,-2.269,avg_transaction_amount,-1.447
1564,0.0558,Low,avg_standing_order_amount,-3.6113,avg_monthly_transaction_count,1.9988,client_age,0.6885
1987,0.0559,Low,avg_monthly_transaction_count,-2.3286,avg_standing_order_amount,-2.1598,avg_transaction_amount,1.6657
2918,0.2789,Low,avg_standing_order_amount,3.2993,standing_order_count,1.6922,avg_transaction_amount,1.4501
3715,0.0558,Low,avg_monthly_transaction_count,-2.2394,avg_standing_order_amount,-2.1734,transaction_trend,-0.7442
2768,0.0558,Low,avg_transaction_amount,-2.1322,balance_volatility,-1.2484,avg_standing_order_amount,1.0675
375,0.0558,Low,avg_monthly_transaction_count,-3.7258,balance_volatility,-0.8962,avg_standing_order_amount,0.754
2110,0.0558,Low,avg_monthly_transaction_count,-3.5826,avg_transaction_amount,-1.9511,account_age_days,-1.6901
2089,0.0558,Low,avg_standing_order_amount,-3.0551,min_balance_ever,-2.1529,district_crimes_count,1.8562
3756,0.0659,Low,balance_volatility,1.8919,avg_transaction_amount,1.6977,credit_debit_ratio,1.111
3486,0.0558,Low,avg_monthly_transaction_count,-3.6203,avg_transaction_amount,-1.9104,transaction_trend,0.6033
150,0.0558,Low,avg_standing_order_amount,-2.4697,transaction_trend,-2.1365,avg_transaction_amount,-1.1628
573,0.0562,Low,avg_monthly_transaction_count,-3.5725,avg_transaction_amount,1.6128,balance_volatility,1.1626
2123,0.0558,Low,avg_monthly_transaction_count,-3.6568,avg_transaction_amount,-1.5083,avg_balance,0.9074
3988,0.0558,Low,avg_standing_order_amount,-3.6908,avg_monthly_transaction_count,2.2648,credit_debit_ratio,-1.2334
3204,0.0558,Low,avg_monthly_transaction_count,-2.9088,avg_standing_order_amount,-2.1356,avg_transaction_amount,1.2529
3282,0.0558,Low,avg_standing_order_amount,-2.364,avg_transaction_amount,-1.3225,transaction_trend,-1.2054
4158,0.0558,Low,avg_standing_order_amount,-3.2264,avg_monthly_transaction_count,-2.9673,balance_volatility,1.2435
4159,0.0558,Low,avg_standing_order_amount,-2.1351,transaction_trend,-1.8404,account_age_days,-0.6671
1301,0.0558,Low,avg_monthly_transaction_count,-2.7631,avg_standing_order_amount,-2.3333,transaction_trend,-0.8882
2449,0.0558,Low,avg_standing_order_amount,-3.1437,avg_monthly_transaction_count,-2.0579,avg_transaction_amount,1.4489
2698,0.0558,Low,avg_standing_order_amount,-2.8721,avg_monthly_transaction_count,-2.2426,transaction_trend,-1.6333
7203,0.0558,Low,min_balance_ever,-3.7044,avg_standing_order_amount,-2.55,avg_monthly_transaction_count,-1.7793
1969,0.0559,Low,avg_monthly_transaction_count,-2.6663,balance_volatility,-0.7737,total_debit_amount,0.5583
2497,0.0558,Low,avg_monthly_transaction_count,-3.921,account_age_days,-1.902,standing_order_count,0.9459
1829,0.0558,Low,avg_monthly_transaction_count,-2.8392,account_age_days,-2.0207,balance_volatility,-1.0168
50,0.1763,Low,avg_monthly_transaction_count,4.1021,avg_standing_order_amount,1.636,credit_debit_ratio,-0.8109
2886,0.0559,Low,balance_volatility,-1.8963,credit_debit_ratio,1.1577,avg_standing_order_amount,1.0009
1974,0.0558,Low,avg_monthly_transaction_count,-2.6204,avg_standing_order_amount,-2.5105,avg_transaction_amount,-1.192
838,0.0558,Low,avg_monthly_transaction_count,-2.8531,avg_standing_order_amount,-2.3711,avg_transaction_amount,-1.1051
992,0.0583,Low,avg_monthly_transaction_count,3.7734,avg_standing_order_amount,-2.6462,avg_balance,0.6231
3866,0.0558,Low,avg_standing_order_amount,-2.6878,avg_monthly_transaction_count,-2.2355,transaction_trend,-1.5751
1612,0.0558,Low,avg_standing_order_amount,-3.0374,avg_monthly_transaction_count,-2.7656,district_avg_salary,-0.7369
1456,0.056,Low,avg_monthly_transaction_count,2.4511,standing_order_count,2.2673,avg_standing_order_amount,-2.2066
3632,0.0585,Low,avg_monthly_transaction_count,-3.3656,avg_transaction_amount,2.3144,balance_volatility,1.3557
1572,0.0564,Low,avg_monthly_transaction_count,-3.1263,account_age_days,1.9115,avg_transaction_amount,1.1847
2440,0.0559,Low,avg_transaction_amount,1.3786,credit_debit_ratio,-1.2748,account_age_days,-1.2652
758,0.0558,Low,avg_monthly_transaction_count,-2.2899,avg_standing_order_amount,-2.2115,district_avg_salary,-0.7502
246,0.0558,Low,avg_monthly_transaction_count,-3.0987,avg_transaction_amount,-1.1884,account_age_days,-0.7448
2927,0.0607,Low,avg_monthly_transaction_count,-3.4201,avg_transaction_amount,2.2156,avg_standing_order_amount,1.6148
961,0.0559,Low,avg_monthly_transaction_count,-3.4421,account_age_days,2.2279,avg_transaction_amount,1.0011
2724,0.0563,Low,avg_monthly_transaction_count,-2.5976,avg_transaction_amount,1.5225,avg_standing_order_amount,1.1514
1430,0.0558,Low,avg_monthly_transaction_count,-3.115,transaction_trend,-1.3539,credit_debit_ratio,-1.0084
438,0.0558,Low,avg_standing_order_amount,-2.8089,avg_monthly_transaction_count,-2.4663,avg_transaction_amount,1.6999
3182,0.0566,Low,avg_monthly_transaction_count,-3.3138,avg_standing_order_amount,2.1546,avg_transaction_amount,1.739
2240,0.0567,Low,standing_order_count,1.8012,avg_monthly_transaction_count,1.4543,avg_balance,-1.247
2232,0.0561,Low,credit_debit_ratio,-1.4728,avg_monthly_transaction_count,1.1793,avg_standing_order_amount,0.6966
2364,0.0558,Low,avg_transaction_amount,-1.6868,avg_monthly_transaction_count,-0.9966,avg_standing_order_amount,0.7873
2369,0.0561,Low,credit_debit_ratio,-1.9265,avg_monthly_transaction_count,-1.4754,avg_transaction_amount,1.2553
71,0.0581,Low,avg_monthly_transaction_count,4.9377,avg_standing_order_amount,-1.529,standing_order_count,-0.88
93,0.0558,Low,avg_monthly_transaction_count,-2.93,avg_standing_order_amount,-2.1752,standing_order_count,-0.7205
145,0.0559,Low,credit_debit_ratio,-1.1503,avg_standing_order_amount,0.7077,avg_monthly_transaction_count,0.6749
3052,0.056,Low,avg_monthly_transaction_count,-3.215,avg_standing_order_amount,2.4401,credit_debit_ratio,-1.3821
1709,0.0561,Low,avg_transaction_amount,1.6791,avg_monthly_transaction_count,-0.9761,transaction_trend,0.457
3786,0.0558,Low,min_balance_ever,-4.1105,avg_standing_order_amount,-3.6843,avg_monthly_transaction_count,1.599
2224,0.057,Low,avg_monthly_transaction_count,-3.5873,avg_transaction_amount,1.3042,account_age_days,0.944
805,0.0559,Low,min_balance_ever,-3.3625,avg_monthly_transaction_count,-2.693,avg_transaction_amount,1.8357
3618,0.0581,Low,avg_monthly_transaction_count,2.2469,avg_standing_order_amount,1.7611,account_age_days,-0.7072
577,0.0559,Low,balance_volatility,0.6846,credit_debit_ratio,-0.6411,account_age_days,-0.452
589,0.0559,Low,avg_monthly_transaction_count,-2.595,avg_transaction_amount,1.2876,account_age_days,1.0061
452,0.0946,Low,avg_monthly_transaction_count,2.7711,avg_transaction_amount,0.7599,credit_debit_ratio,0.6078
454,0.0562,Low,balance_volatility,-1.6096,avg_standing_order_amount,0.8829,avg_monthly_transaction_count,0.8268
2292,0.056,Low,avg_monthly_transaction_count,3.8893,avg_standing_order_amount,-2.8027,avg_transaction_amount,-1.2983
1834,0.0675,Low,account_age_days,-1.6442,avg_monthly_transaction_count,1.335,district_urban_ratio,1.0861
4729,0.0558,Low,min_balance_ever,-2.7572,avg_monthly_transaction_count,-2.1519,avg_standing_order_amount,-2.0732
1454,0.0558,Low,avg_standing_order_amount,-2.7539,avg_monthly_transaction_count,-2.4812,account_age_days,1.2264
1815,0.147,Low,avg_monthly_transaction_count,3.1731,avg_standing_order_amount,2.4314,district_avg_salary,-1.2175
1823,0.0558,Low,avg_monthly_transaction_count,-3.3155,avg_transaction_amount,-1.1622,balance_volatility,-0.8437
1821,0.0559,Low,avg_monthly_transaction_count,-2.6347,avg_standing_order_amount,-1.2018,avg_transaction_amount,0.9046
3344,0.0584,Low,avg_monthly_transaction_count,3.3298,avg_balance,-1.6193,avg_transaction_amount,1.2066
1745,0.0558,Low,min_balance_ever,-2.9638,avg_standing_order_amount,-2.9531,avg_monthly_transaction_count,-1.7449
1752,0.0558,Low,avg_monthly_transaction_count,-3.0263,avg_standing_order_amount,-1.8168,avg_transaction_amount,1.1482
1859,0.0558,Low,avg_monthly_transaction_count,-2.4852,balance_volatility,-0.8312,avg_standing_order_amount,0.6241
4328,0.0558,Low,avg_monthly_transaction_count,-2.5897,avg_standing_order_amount,-1.5102,avg_transaction_amount,0.897
1223,0.0562,Low,avg_monthly_transaction_count,2.5684,district_urban_ratio,-0.7071,account_age_days,0.5547
1209,0.0559,Low,avg_monthly_transaction_count,-3.4614,account_age_days,2.3487,avg_standing_order_amount,1.2186
2550,0.0579,Low,avg_monthly_transaction_count,6.4136,avg_standing_order_amount,-1.6112,district_avg_salary,-1.3928
2546,0.0575,Low,avg_monthly_transaction_count,2.8103,standing_order_count,-1.0722,avg_transaction_amount,0.886
2835,0.0558,Low,avg_standing_order_amount,-2.1819,avg_transaction_amount,-1.0682,avg_monthly_transaction_count,-1.0613
3223,0.0558,Low,min_balance_ever,-4.4461,avg_standing_order_amount,-2.3039,balance_volatility,1.0556
3883,0.0559,Low,avg_standing_order_amount,-3.452,avg_monthly_transaction_count,2.2101,account_age_days,-1.4466
4350,0.056,Low,avg_standing_order_amount,-2.0442,avg_transaction_amount,1.4346,balance_volatility,1.2519
2606,0.0558,Low,avg_transaction_amount,-2.3523,avg_standing_order_amount,-0.7352,balance_volatility,-0.4619
2924,0.0558,Low,avg_monthly_transaction_count,-2.5157,avg_standing_order_amount,-2.1591,avg_transaction_amount,1.2336
3103,0.0559,Low,avg_monthly_transaction_count,-3.1616,credit_debit_ratio,-1.5455,avg_standing_order_amount,1.3956
3391,0.0627,Low,avg_monthly_transaction_count,2.2349,total_transaction_count,0.825,account_age_days,-0.7831
3517,0.0559,Low,avg_monthly_transaction_count,-2.4672,avg_standing_order_amount,-2.3817,avg_transaction_amount,1.444
574,0.0558,Low,avg_standing_order_amount,-2.8634,avg_transaction_amount,-1.0418,balance_volatility,0.9322
711,0.0559,Low,district_urban_ratio,-0.7234,avg_monthly_transaction_count,0.7176,standing_order_count,0.5162
3364,0.0577,Low,avg_monthly_transaction_count,3.5288,avg_balance,-1.7686,avg_standing_order_amount,1.3147
3363,0.0558,Low,avg_monthly_transaction_count,-3.6619,avg_transaction_amount,-1.8075,balance_volatility,-1.2752
242,0.0559,Low,district_avg_salary,-1.2018,transaction_trend,-0.638,avg_standing_order_amount,-0.6266
208,0.43,Medium,avg_monthly_transaction_count,6.6585,avg_standing_order_amount,-1.1763,transaction_trend,0.9445
1779,0.0559,Low,avg_balance,-2.5778,avg_standing_order_amount,-2.4917,avg_monthly_transaction_count,1.7036
1590,0.0578,Low,avg_monthly_transaction_count,6.0197,avg_standing_order_amount,-2.1306,standing_order_count,-0.6433
2119,0.0558,Low,avg_monthly_transaction_count,-2.5888,balance_volatility,-0.8544,min_balance_ever,0.4381
3554,0.0558,Low,avg_standing_order_amount,-3.2378,transaction_trend,-2.4379,account_age_days,-1.7046
3014,0.057,Low,transaction_trend,-3.2743,avg_standing_order_amount,1.6405,standing_order_count,1.2228
768,0.0558,Low,avg_monthly_transaction_count,-2.3648,avg_transaction_amount,-1.6072,credit_debit_ratio,-1.1693
3586,0.0559,Low,avg_monthly_transaction_count,-2.1652,avg_standing_order_amount,-1.6858,avg_transaction_amount,1.3449
3978,0.0574,Low,avg_monthly_transaction_count,2.5923,avg_standing_order_amount,-1.0262,avg_transaction_amount,0.9481
1237,0.0559,Low,avg_standing_order_amount,-4.5441,avg_monthly_transaction_count,1.581,balance_volatility,1.0402
2451,0.0562,Low,avg_monthly_transaction_count,-2.3716,avg_transaction_amount,1.7345,account_age_days,1.0353
996,0.0558,Low,avg_monthly_transaction_count,-3.7189,account_age_days,1.2741,avg_transaction_amount,-1.2737
2713,0.0558,Low,avg_monthly_transaction_count,-3.6386,avg_transaction_amount,-0.9672,avg_standing_order_amount,0.9133
2472,0.0559,Low,avg_balance,-1.5019,avg_standing_order_amount,0.9855,avg_transaction_amount,0.8441
2862,0.079,Low,avg_monthly_transaction_count,3.8709,avg_standing_order_amount,1.5761,account_age_days,-0.6675
2006,0.0558,Low,avg_monthly_transaction_count,-2.8789,avg_transaction_amount,-1.6168,avg_standing_order_amount,-1.1086
1568,0.0558,Low,avg_monthly_transaction_count,2.2721,avg_standing_order_amount,-2.0868,standing_order_count,-1.2012
1402,0.0567,Low,avg_monthly_transaction_count,6.4032,avg_standing_order_amount,-2.3858,account_age_days,-0.9757
1414,0.7534,High,avg_monthly_transaction_count,4.9857,avg_standing_order_amount,1.3557,avg_transaction_amount,0.9494
3605,0.0585,Low,avg_monthly_transaction_count,2.1306,avg_standing_order_amount,-2.0337,avg_transaction_amount,1.1287
947,0.0559,Low,avg_standing_order_amount,-2.2103,avg_monthly_transaction_count,1.4447,avg_transaction_amount,-1.2256
1396,0.0578,Low,avg_monthly_transaction_count,2.2988,avg_standing_order_amount,-2.0687,balance_volatility,0.6851
9826,0.0558,Low,min_balance_ever,-4.5967,avg_standing_order_amount,-3.8208,avg_monthly_transaction_count,2.2036
3171,0.0558,Low,avg_monthly_transaction_count,-3.6048,avg_transaction_amount,-1.3892,avg_standing_order_amount,0.7173
1877,0.0558,Low,avg_standing_order_amount,-2.7885,avg_monthly_transaction_count,1.8743,avg_transaction_amount,-1.02
1774,0.0558,Low,avg_monthly_transaction_count,-3.3574,avg_transaction_amount,-1.6356,credit_debit_ratio,-0.8894
2726,0.057,Low,balance_volatility,1.3593,avg_balance,-1.3177,avg_transaction_amount,0.7966
117,0.0558,Low,avg_monthly_transaction_count,-1.8366,avg_transaction_amount,-1.6977,avg_standing_order_amount,0.8458
137,0.056,Low,avg_transaction_amount,1.0825,account_age_days,0.5421,district_urban_ratio,-0.5175
1716,0.0563,Low,account_age_days,0.91,avg_transaction_amount,0.857,credit_debit_ratio,0.7303
2204,0.0558,Low,avg_monthly_transaction_count,-2.4418,account_age_days,1.1969,credit_debit_ratio,-1.0957
1534,0.5525,Medium,avg_monthly_transaction_count,3.5001,avg_standing_order_amount,1.9536,credit_debit_ratio,0.9427
924,0.0558,Low,avg_transaction_amount,-2.1242,avg_balance,0.8033,balance_volatility,-0.7161
1038,0.0559,Low,avg_transaction_amount,-1.7596,avg_monthly_transaction_count,-0.6582,balance_volatility,-0.5566
3435,0.0558,Low,avg_monthly_transaction_count,-3.5282,avg_transaction_amount,-1.5077,account_age_days,-0.8332
600,0.056,Low,avg_monthly_transaction_count,-2.3762,avg_transaction_amount,1.4464,account_age_days,1.0931
443,0.0559,Low,avg_standing_order_amount,-3.4588,avg_monthly_transaction_count,1.7661,avg_transaction_amount,-1.3632
441,0.0561,Low,avg_balance,-2.3635,avg_monthly_transaction_count,2.226,balance_volatility,0.7776
453,0.056,Low,avg_monthly_transaction_count,-1.8837,avg_transaction_amount,1.7667,avg_balance,-0.8187
463,0.056,Low,avg_balance,-1.5352,balance_volatility,1.5208,transaction_trend,1.4766
2041,0.0558,Low,avg_monthly_transaction_count,-2.7489,avg_standing_order_amount,-2.209,credit_debit_ratio,-0.8786
2635,0.0558,Low,avg_standing_order_amount,-2.8089,avg_transaction_amount,1.2178,avg_monthly_transaction_count,-1.0972
1824,0.0589,Low,avg_monthly_transaction_count,3.4053,avg_standing_order_amount,1.7722,credit_debit_ratio,0.7274
6910,0.0559,Low,min_balance_ever,-4.7138,avg_transaction_amount,1.8691,balance_volatility,1.4731
2942,0.056,Low,transaction_trend,1.2728,avg_transaction_amount,-1.1021,avg_monthly_transaction_count,-1.0988
3526,0.7995,High,avg_monthly_transaction_count,4.3555,balance_volatility,2.4852,avg_standing_order_amount,2.413
3534,0.1779,Low,avg_monthly_transaction_count,4.0204,avg_standing_order_amount,1.2389,credit_debit_ratio,-0.7665
3925,0.0576,Low,avg_monthly_transaction_count,3.6841,balance_volatility,0.7,transaction_trend,-0.6622
487,0.0559,Low,avg_monthly_transaction_count,-3.019,balance_volatility,2.0396,avg_standing_order_amount,-0.9113
515,0.0558,Low,avg_monthly_transaction_count,-3.6403,avg_transaction_amount,-1.2037,balance_volatility,-0.7677
407,0.0569,Low,avg_transaction_amount,1.9041,avg_monthly_transaction_count,-0.8733,account_age_days,0.8527
1858,0.0558,Low,avg_monthly_transaction_count,-3.4981,balance_volatility,-1.5553,client_age,-0.6031
1217,0.0558,Low,avg_transaction_amount,-1.7956,district_avg_salary,-1.1934,avg_standing_order_amount,-0.9572
1345,0.0572,Low,avg_monthly_transaction_count,1.4839,avg_transaction_amount,0.9728,transaction_trend,0.6241
3955,0.0564,Low,avg_monthly_transaction_count,2.7001,account_age_days,-0.9797,total_debit_amount,-0.4591
2569,0.0558,Low,avg_standing_order_amount,-2.3069,avg_monthly_transaction_count,1.6329,balance_volatility,-0.6936
2561,0.056,Low,avg_monthly_transaction_count,-2.4275,avg_transaction_amount,1.4946,balance_volatility,0.6644
1122,0.0558,Low,avg_monthly_transaction_count,-2.9737,avg_standing_order_amount,-2.7651,avg_transaction_amount,1.4509
1259,0.0565,Low,avg_monthly_transaction_count,3.9315,avg_standing_order_amount,-2.8026,standing_order_count,-0.7556
2337,0.0565,Low,account_age_days,1.0877,avg_transaction_amount,0.7776,avg_monthly_transaction_count,0.6431
2357,0.0558,Low,avg_monthly_transaction_count,-3.7789,account_age_days,-2.2326,balance_volatility,-0.8873
2154,0.0558,Low,avg_monthly_transaction_count,-3.6834,avg_transaction_amount,-1.6024,avg_balance,0.5325
2742,0.0569,Low,avg_monthly_transaction_count,2.1653,district_urban_ratio,-0.6684,avg_standing_order_amount,0.6629
3378,0.0559,Low,balance_volatility,-0.9479,credit_debit_ratio,0.9223,transaction_trend,-0.7363
4416,0.0558,Low,avg_standing_order_amount,-3.3094,transaction_trend,-2.514,avg_monthly_transaction_count,1.922
742,0.0558,Low,avg_monthly_transaction_count,-3.5325,avg_transaction_amount,-1.7082,balance_volatility,-0.7392
3743,0.056,Low,avg_standing_order_amount,-2.0249,avg_monthly_transaction_count,1.8226,standing_order_count,-1.4801
2631,0.0558,Low,avg_monthly_transaction_count,-3.5646,avg_transaction_amount,-2.233,balance_volatility,-0.9785
2105,0.0558,Low,avg_monthly_transaction_count,-3.1214,avg_transaction_amount,-1.6385,transaction_trend,0.5988
7828,0.0558,Low,min_balance_ever,-4.4579,avg_standing_order_amount,-3.234,avg_monthly_transaction_count,2.5513
3083,0.0558,Low,avg_standing_order_amount,-3.1196,avg_monthly_transaction_count,-2.8024,standing_order_count,-0.6317
3217,0.804,High,avg_standing_order_amount,3.6215,avg_monthly_transaction_count,3.4764,balance_volatility,1.1035
39,0.0558,Low,avg_standing_order_amount,-1.7456,avg_monthly_transaction_count,1.246,credit_debit_ratio,0.8103
49,0.0558,Low,avg_monthly_transaction_count,-3.5611,avg_transaction_amount,-1.2953,avg_balance,1.2257
10,0.0582,Low,avg_transaction_amount,1.5151,account_age_days,0.6844,avg_standing_order_amount,0.6144
3018,0.0558,Low,min_balance_ever,-4.5065,avg_standing_order_amount,-2.941,balance_volatility,1.2995
1800,0.0629,Low,avg_monthly_transaction_count,1.8405,avg_standing_order_amount,1.6922,avg_transaction_amount,1.0405
1549,0.0567,Low,avg_monthly_transaction_count,-1.6363,avg_transaction_amount,1.5447,account_age_days,1.0569
3698,0.0558,Low,avg_monthly_transaction_count,-2.4208,avg_standing_order_amount,-1.9753,avg_transaction_amount,-1.2771
3905,0.0595,Low,avg_monthly_transaction_count,2.1949,transaction_trend,-1.2248,balance_volatility,1.046
986,0.0558,Low,avg_transaction_amount,-1.8409,avg_monthly_transaction_count,-1.8341,balance_volatility,-1.3553
3871,0.0558,Low,account_age_days,-2.2809,avg_standing_order_amount,-2.1414,avg_transaction_amount,-1.0925
3757,0.0574,Low,avg_monthly_transaction_count,2.3981,standing_order_count,-1.5681,avg_standing_order_amount,-1.5265
2595,0.0558,Low,avg_monthly_transaction_count,-3.7351,balance_volatility,-1.5924,account_age_days,1.4355
2584,0.0558,Low,avg_standing_order_amount,-2.5004,avg_transaction_amount,-1.0949,account_age_days,-0.7114
3029,0.0558,Low,avg_monthly_transaction_count,-3.6773,avg_transaction_amount,-1.0811,credit_debit_ratio,-0.5952
3478,0.0559,Low,balance_volatility,-1.569,avg_standing_order_amount,0.7772,avg_monthly_transaction_count,0.6787
4471,0.058,Low,avg_standing_order_amount,2.8502,avg_monthly_transaction_count,-2.149,avg_transaction_amount,1.1101
2913,0.0559,Low,avg_transaction_amount,-1.5289,avg_balance,1.2308,balance_volatility,-0.7017
3808,0.6486,Medium,avg_monthly_transaction_count,4.7743,avg_standing_order_amount,2.2818,account_age_days,-0.8454
279,0.0558,Low,avg_transaction_amount,-1.4091,avg_standing_order_amount,-1.3421,account_age_days,-0.7517
285,0.0558,Low,avg_monthly_transaction_count,-3.2453,avg_transaction_amount,1.2318,avg_standing_order_amount,-1.033
2380,0.0559,Low,avg_monthly_transaction_count,-2.5594,account_age_days,1.0214,district_crimes_count,0.8191
101,0.0619,Low,avg_monthly_transaction_count,1.9536,avg_standing_order_amount,1.6516,avg_transaction_amount,1.0296
131,0.0568,Low,avg_monthly_transaction_count,-2.7932,avg_standing_order_amount,2.6501,avg_transaction_amount,0.8559
1714,0.0558,Low,avg_monthly_transaction_count,-3.4116,avg_transaction_amount,-1.375,balance_volatility,-0.8353
1896,0.0581,Low,avg_standing_order_amount,2.5554,balance_volatility,1.3345,account_age_days,-1.293
593,0.0558,Low,avg_monthly_transaction_count,-2.9325,avg_standing_order_amount,-2.4854,avg_transaction_amount,1.4984
607,0.0558,Low,avg_monthly_transaction_count,-3.5152,avg_transaction_amount,-1.6219,transaction_trend,1.4728
1825,0.0562,Low,avg_monthly_transaction_count,2.9324,credit_debit_ratio,-0.7109,transaction_trend,0.6033
1934,0.5896,Medium,avg_monthly_transaction_count,7.8409,avg_standing_order_amount,-1.2609,transaction_trend,0.7765
2653,0.0781,Low,avg_monthly_transaction_count,2.6655,avg_standing_order_amount,2.007,account_age_days,0.9576
3291,0.0558,Low,avg_monthly_transaction_count,-3.8577,avg_transaction_amount,-1.4198,balance_volatility,-0.6265
3309,0.0573,Low,avg_monthly_transaction_count,3.6977,credit_debit_ratio,0.6128,avg_standing_order_amount,-0.5232
489,0.0558,Low,avg_monthly_transaction_count,-1.6908,avg_transaction_amount,1.148,balance_volatility,-1.1144
491,0.056,Low,avg_monthly_transaction_count,-0.9567,account_age_days,0.8397,avg_transaction_amount,0.7144
748,0.0559,Low,account_age_days,-1.9062,balance_volatility,1.8194,credit_debit_ratio,-0.5854
1965,0.0568,Low,transaction_trend,-3.0406,avg_monthly_transaction_count,2.8907,account_age_days,-1.9145
1751,0.0558,Low,avg_standing_order_amount,-2.1332,avg_monthly_transaction_count,-1.1767,avg_transaction_amount,-1.1152
1482,0.0565,Low,avg_standing_order_amount,-2.6126,avg_monthly_transaction_count,2.4473,total_debit_amount,-0.7351
2555,0.0801,Low,avg_monthly_transaction_count,4.1466,avg_standing_order_amount,1.3531,account_age_days,-1.144
3874,0.0565,Low,avg_standing_order_amount,1.2782,district_avg_salary,-0.9916,total_debit_amount,0.6925
3881,0.0561,Low,avg_monthly_transaction_count,1.7909,avg_standing_order_amount,-0.7087,balance_volatility,-0.6973
4368,0.0558,Low,avg_monthly_transaction_count,-2.5361,avg_standing_order_amount,-2.1292,avg_transaction_amount,1.4442
8149,0.0574,Low,min_balance_ever,-5.9819,avg_monthly_transaction_count,4.1614,avg_standing_order_amount,1.4588
1255,0.0564,Low,min_balance_ever,-5.2798,avg_monthly_transaction_count,2.2892,avg_standing_order_amount,1.9143
2857,0.0575,Low,avg_standing_order_amount,2.0698,account_age_days,1.0196,balance_volatility,0.9829
3653,0.0592,Low,avg_monthly_transaction_count,3.1773,avg_standing_order_amount,0.7158,avg_transaction_amount,0.7014
3370,0.0559,Low,avg_monthly_transaction_count,-2.9547,avg_transaction_amount,1.2749,avg_standing_order_amount,0.748
565,0.0558,Low,avg_monthly_transaction_count,-3.5453,balance_volatility,-1.4943,avg_transaction_amount,-1.0828
704,0.0559,Low,avg_standing_order_amount,-2.2635,account_age_days,-1.9328,avg_monthly_transaction_count,1.0181
732,0.0563,Low,avg_monthly_transaction_count,-1.2912,avg_transaction_amount,1.2047,account_age_days,0.8728
545,0.0559,Low,avg_monthly_transaction_count,-1.7573,avg_transaction_amount,1.5028,account_age_days,-0.4406
3397,0.0579,Low,credit_debit_ratio,0.9643,account_age_days,0.9453,avg_transaction_amount,0.7759
3186,0.056,Low,balance_volatility,-0.9705,credit_debit_ratio,0.6739,avg_transaction_amount,0.6569
3185,0.2072,Low,avg_monthly_transaction_count,3.0337,avg_standing_order_amount,2.471,credit_debit_ratio,-1.283
5708,0.0558,Low,min_balance_ever,-3.8243,avg_standing_order_amount,-2.8126,avg_monthly_transaction_count,-1.8273
1499,0.0566,Low,account_age_days,-0.6974,avg_standing_order_amount,0.6576,total_debit_amount,0.554
1100,0.0558,Low,avg_standing_order_amount,-3.1091,avg_transaction_amount,-1.3542,avg_balance,0.9948
972,0.0558,Low,avg_monthly_transaction_count,-2.5961,avg_standing_order_amount,-1.7984,credit_debit_ratio,-1.1008
2470,0.059,Low,avg_monthly_transaction_count,3.7481,min_balance_ever,0.544,credit_debit_ratio,0.5438
2473,0.0558,Low,credit_debit_ratio,-1.3443,avg_transaction_amount,-1.2817,avg_monthly_transaction_count,-1.2499
2477,0.0558,Low,avg_monthly_transaction_count,-3.4335,avg_standing_order_amount,1.0725,avg_transaction_amount,-0.8454
2008,0.0562,Low,avg_monthly_transaction_count,2.8994,avg_standing_order_amount,-1.1376,account_age_days,-0.8181
2131,0.0558,Low,avg_transaction_amount,-1.6439,avg_monthly_transaction_count,-1.0157,credit_debit_ratio,-0.6519
1573,0.0558,Low,avg_monthly_transaction_count,-3.6866,avg_standing_order_amount,0.8788,account_age_days,-0.7191
2890,0.0576,Low,avg_monthly_transaction_count,1.7298,district_avg_salary,-1.3793,avg_standing_order_amount,0.9869
3595,0.0559,Low,avg_balance,0.9501,credit_debit_ratio,0.9336,balance_volatility,-0.8235
3798,0.0896,Low,avg_standing_order_amount,1.7504,account_age_days,1.7011,avg_transaction_amount,1.1305
3485,0.0573,Low,avg_monthly_transaction_count,2.265,avg_standing_order_amount,1.0273,district_avg_salary,-0.8505
354,0.0564,Low,account_age_days,-0.8039,avg_standing_order_amount,0.6869,avg_monthly_transaction_count,0.5986
2508,0.0558,Low,avg_monthly_transaction_count,-3.397,avg_transaction_amount,-1.6207,account_age_days,-1.5663
2366,0.0558,Low,avg_standing_order_amount,-1.4712,avg_monthly_transaction_count,-1.3679,avg_transaction_amount,-1.0219
181,0.0561,Low,avg_monthly_transaction_count,-2.0983,avg_standing_order_amount,0.6918,balance_volatility,-0.6645
129,0.0558,Low,avg_monthly_transaction_count,-3.6956,account_age_days,1.2002,balance_volatility,-0.7721
3061,0.0558,Low,avg_monthly_transaction_count,-3.6179,avg_transaction_amount,-1.8025,credit_debit_ratio,-0.8945
1708,0.0878,Low,avg_monthly_transaction_count,2.2395,avg_standing_order_amount,1.9576,credit_debit_ratio,0.6914
3419,0.0574,Low,avg_monthly_transaction_count,3.9274,balance_volatility,-0.7177,credit_debit_ratio,0.6478
4066,0.8033,High,avg_standing_order_amount,4.7762,avg_monthly_transaction_count,3.7049,standing_order_count,0.7934
582,0.0558,Low,avg_monthly_transaction_count,-3.4721,avg_transaction_amount,-1.1334,avg_balance,0.8549
603,0.0674,Low,avg_transaction_amount,1.1125,district_urban_ratio,0.9185,account_age_days,0.8881
3316,0.0563,Low,account_age_days,-1.5292,avg_standing_order_amount,1.2056,district_urban_ratio,0.8836
2058,0.0559,Low,avg_monthly_transaction_count,5.9296,avg_standing_order_amount,-3.8908,avg_transaction_amount,-1.1129
1331,0.0561,Low,credit_debit_ratio,0.9636,transaction_trend,-0.9123,min_balance_ever,0.4407
2950,0.056,Low,avg_monthly_transaction_count,-2.5456,avg_transaction_amount,1.1661,district_urban_ratio,0.8023
3352,0.0565,Low,avg_standing_order_amount,-2.3369,avg_monthly_transaction_count,1.5756,credit_debit_ratio,1.2997
520,0.0558,Low,avg_monthly_transaction_count,-3.5252,avg_transaction_amount,-2.1163,balance_volatility,-0.7199
396,0.0563,Low,avg_monthly_transaction_count,5.0987,avg_standing_order_amount,-2.3896,account_age_days,-1.2639
3245,0.0558,Low,avg_monthly_transaction_count,-3.81,avg_standing_order_amount,1.1126,account_age_days,1.1038
3838,0.0558,Low,avg_monthly_transaction_count,-3.0277,avg_standing_order_amount,-2.0565,avg_transaction_amount,1.3345
3669,0.0684,Low,avg_monthly_transaction_count,3.8045,avg_standing_order_amount,-1.9181,avg_balance,1.2998
2347,0.0558,Low,avg_monthly_transaction_count,-3.6128,balance_volatility,-1.1827,avg_standing_order_amount,0.6922
2746,0.0558,Low,avg_monthly_transaction_count,-3.6431,avg_transaction_amount,-1.4112,balance_volatility,-0.9022
3093,0.0559,Low,avg_monthly_transaction_count,-3.7402,avg_transaction_amount,1.6589,account_age_days,0.8498
2796,0.0558,Low,account_age_days,-2.0933,avg_balance,-2.0813,avg_standing_order_amount,1.6567
1295,0.0558,Low,avg_monthly_transaction_count,-2.9475,balance_volatility,-0.7811,transaction_trend,0.7379
1317,0.0558,Low,avg_monthly_transaction_count,-3.8891,balance_volatility,-1.5834,avg_standing_order_amount,0.5643
1276,0.0559,Low,avg_monthly_transaction_count,3.7709,account_age_days,-2.1553,avg_standing_order_amount,-1.8268
531,0.0558,Low,avg_monthly_transaction_count,-3.4167,avg_transaction_amount,-1.9135,credit_debit_ratio,-1.3502
546,0.0558,Low,avg_monthly_transaction_count,-3.6334,avg_transaction_amount,-0.9864,avg_standing_order_amount,0.9825
3369,0.0558,Low,avg_standing_order_amount,-2.5387,avg_monthly_transaction_count,1.3149,avg_transaction_amount,-0.9047
267,0.0558,Low,avg_monthly_transaction_count,-3.4653,avg_transaction_amount,-1.4425,balance_volatility,-0.7775
191,0.0559,Low,avg_monthly_transaction_count,-3.1768,balance_volatility,1.5326,avg_standing_order_amount,0.9408
368,0.0566,Low,avg_monthly_transaction_count,5.5205,avg_standing_order_amount,-3.2734,account_age_days,-0.9288
1977,0.0558,Low,avg_monthly_transaction_count,-2.6076,avg_standing_order_amount,-1.4865,avg_transaction_amount,0.6309
2316,0.0558,Low,avg_standing_order_amount,-2.6554,avg_monthly_transaction_count,1.6575,avg_transaction_amount,-1.2967
2397,0.0558,Low,avg_standing_order_amount,-2.0193,credit_debit_ratio,-1.5695,avg_monthly_transaction_count,0.9057
2980,0.0558,Low,avg_monthly_transaction_count,-3.6154,avg_transaction_amount,-0.9431,avg_standing_order_amount,0.8648
2108,0.056,Low,avg_transaction_amount,1.5325,transaction_trend,-1.375,avg_monthly_transaction_count,-1.3623
2102,0.057,Low,avg_monthly_transaction_count,2.5589,avg_standing_order_amount,0.9124,district_urban_ratio,-0.6335
29,0.4717,Medium,avg_monthly_transaction_count,3.6455,avg_transaction_amount,0.7173,transaction_trend,0.6788
1794,0.056,Low,avg_standing_order_amount,-3.2956,avg_monthly_transaction_count,2.9641,account_age_days,0.9766
3007,0.0572,Low,avg_monthly_transaction_count,5.1939,avg_standing_order_amount,-1.427,account_age_days,-1.3794
844,0.8065,High,avg_standing_order_amount,4.6579,avg_monthly_transaction_count,3.801,district_avg_salary,1.4797
1506,0.0559,Low,avg_monthly_transaction_count,-3.5744,account_age_days,2.31,balance_volatility,-0.7208
766,0.0575,Low,avg_monthly_transaction_count,-1.6527,avg_transaction_amount,1.6398,balance_volatility,0.8721
2457,0.0558,Low,avg_monthly_transaction_count,-3.0435,balance_volatility,-0.9446,credit_debit_ratio,0.6688
3748,0.0558,Low,avg_transaction_amount,-1.4647,avg_balance,1.1518,avg_standing_order_amount,-0.8726
2596,0.0558,Low,avg_monthly_transaction_count,-3.1422,avg_transaction_amount,-2.2469,client_age,0.7562
2873,0.0569,Low,avg_monthly_transaction_count,4.1559,credit_debit_ratio,-1.1275,standing_order_count,-1.1156
1401,0.0558,Low,avg_monthly_transaction_count,-1.6309,avg_transaction_amount,-1.5491,client_age,-1.0346
324,0.0558,Low,avg_transaction_amount,-1.5746,avg_standing_order_amount,-1.307,avg_monthly_transaction_count,-0.8859
321,0.0558,Low,avg_monthly_transaction_count,-3.569,avg_transaction_amount,-1.6448,balance_volatility,-1.1985
361,0.0559,Low,avg_standing_order_amount,-2.3962,account_age_days,-1.5455,avg_monthly_transaction_count,1.25
286,0.0559,Low,avg_monthly_transaction_count,-2.8949,credit_debit_ratio,0.7131,avg_balance,0.5705
282,0.0629,Low,avg_standing_order_amount,2.1282,district_avg_salary,-1.704,account_age_days,1.4845
2431,0.0558,Low,avg_monthly_transaction_count,3.3211,avg_standing_order_amount,-2.8583,transaction_trend,-0.8108
2506,0.0563,Low,avg_monthly_transaction_count,2.0804,transaction_trend,-1.3114,avg_transaction_amount,1.3096
3135,0.056,Low,avg_monthly_transaction_count,-2.5904,avg_transaction_amount,1.3127,avg_standing_order_amount,1.2072
1892,0.0558,Low,avg_monthly_transaction_count,-3.5152,avg_transaction_amount,-1.8109,account_age_days,-0.7222
3783,0.0558,Low,avg_monthly_transaction_count,-2.5148,balance_volatility,-1.2376,avg_standing_order_amount,-0.609
3998,0.0559,Low,district_avg_salary,-0.9266,avg_transaction_amount,0.8636,total_debit_amount,-0.7911
1037,0.0576,Low,avg_monthly_transaction_count,3.0196,avg_standing_order_amount,-2.5591,standing_order_count,-1.063
1133,0.0558,Low,avg_transaction_amount,-1.4757,avg_monthly_transaction_count,-1.3356,avg_balance,1.2445
3422,0.0559,Low,avg_monthly_transaction_count,-3.1298,avg_standing_order_amount,-0.7587,credit_debit_ratio,0.7302
4086,0.0558,Low,avg_standing_order_amount,-3.665,avg_monthly_transaction_count,-1.5711,district_avg_salary,-1.0627
599,0.0564,Low,account_age_days,0.978,avg_monthly_transaction_count,0.8169,transaction_trend,-0.7325
455,0.0558,Low,avg_monthly_transaction_count,-3.0003,avg_standing_order_amount,-1.3956,balance_volatility,-1.1917
2636,0.0558,Low,avg_monthly_transaction_count,-3.6584,avg_standing_order_amount,1.0197,avg_transaction_amount,-1.008
1835,0.0572,Low,avg_monthly_transaction_count,2.0749,avg_standing_order_amount,0.9282,district_urban_ratio,-0.6338
1946,0.057,Low,avg_monthly_transaction_count,-3.1731,account_age_days,1.5044,avg_transaction_amount,1.2257
1939,0.0559,Low,avg_transaction_amount,-2.0426,avg_monthly_transaction_count,1.8664,avg_balance,-1.2513
1961,0.0558,Low,avg_monthly_transaction_count,-3.0887,avg_transaction_amount,-1.4127,balance_volatility,-0.6913
1750,0.7803,High,avg_monthly_transaction_count,3.9688,avg_standing_order_amount,2.7126,balance_volatility,1.5156
1838,0.0608,Low,avg_monthly_transaction_count,-3.701,avg_standing_order_amount,3.2789,balance_volatility,2.01
1064,0.0558,Low,avg_monthly_transaction_count,-3.6969,balance_volatility,-1.344,avg_transaction_amount,-1.3094
3964,0.0558,Low,avg_monthly_transaction_count,-3.5931,avg_transaction_amount,-1.6855,balance_volatility,-0.5729
3840,0.0558,Low,avg_monthly_transaction_count,-3.6496,avg_transaction_amount,-1.4039,balance_volatility,-1.0104
2697,0.0561,Low,avg_monthly_transaction_count,3.7991,avg_standing_order_amount,-2.4436,transaction_trend,0.9417
3769,0.0559,Low,avg_monthly_transaction_count,-1.7672,balance_volatility,-1.1709,avg_standing_order_amount,0.7677
2484,0.0559,Low,avg_monthly_transaction_count,4.524,avg_standing_order_amount,-2.8897,account_age_days,-2.6377
2148,0.0558,Low,avg_transaction_amount,-1.6553,avg_standing_order_amount,-1.4915,avg_balance,1.3247
2155,0.0558,Low,avg_standing_order_amount,-2.6965,avg_monthly_transaction_count,1.5596,avg_transaction_amount,-1.5238
2793,0.0558,Low,avg_monthly_transaction_count,-3.7457,avg_transaction_amount,-1.9678,account_age_days,-0.6685
1909,0.0559,Low,avg_standing_order_amount,-4.0104,avg_monthly_transaction_count,3.109,account_age_days,-1.8807
1309,0.0564,Low,avg_standing_order_amount,2.6004,avg_transaction_amount,-1.4185,balance_volatility,1.2028
576,0.0558,Low,avg_monthly_transaction_count,-3.7526,account_age_days,-2.5343,avg_transaction_amount,-0.7993
706,0.0559,Low,avg_monthly_transaction_count,-2.7687,avg_standing_order_amount,-2.6504,avg_transaction_amount,1.5394
720,0.0559,Low,avg_monthly_transaction_count,-2.7231,balance_volatility,-0.7674,avg_standing_order_amount,0.6726
528,0.0558,Low,avg_monthly_transaction_count,-3.6221,avg_transaction_amount,-1.1133,district_avg_salary,-0.9365
3118,0.0562,Low,avg_transaction_amount,1.4301,avg_monthly_transaction_count,-0.7641,avg_standing_order_amount,-0.7359
1975,0.1504,Low,avg_monthly_transaction_count,6.8104,avg_standing_order_amount,-2.6143,credit_debit_ratio,1.0023
1697,0.0558,Low,avg_standing_order_amount,-2.3242,avg_transaction_amount,-1.3662,credit_debit_ratio,-1.0703
2117,0.056,Low,avg_monthly_transaction_count,-1.4884,avg_transaction_amount,1.0047,credit_debit_ratio,0.7792
395,0.056,Low,avg_monthly_transaction_count,1.8,account_age_days,-1.7059,avg_transaction_amount,0.9066
3243,0.0558,Low,avg_monthly_transaction_count,-3.6661,balance_volatility,-0.8497,avg_standing_order_amount,0.8489
4266,0.0569,Low,avg_monthly_transaction_count,-1.7561,avg_transaction_amount,1.5607,standing_order_count,1.0959
1485,0.056,Low,avg_balance,-3.05,avg_monthly_transaction_count,2.1846,balance_volatility,1.2795
3963,0.0559,Low,avg_standing_order_amount,-2.8105,account_age_days,2.0419,credit_debit_ratio,-0.9597
3849,0.056,Low,avg_transaction_amount,1.3682,avg_monthly_transaction_count,-0.5242,standing_order_count,0.3236
4356,0.0558,Low,min_balance_ever,-4.2035,avg_monthly_transaction_count,-3.1192,avg_standing_order_amount,-0.7927
2338,0.0559,Low,avg_monthly_transaction_count,-2.5011,balance_volatility,2.082,account_age_days,1.2867
2152,0.0558,Low,avg_monthly_transaction_count,-3.7224,account_age_days,1.9444,avg_standing_order_amount,1.2843
1903,0.0559,Low,avg_monthly_transaction_count,2.4321,avg_standing_order_amount,-2.1993,avg_transaction_amount,-1.243
1898,0.0558,Low,avg_monthly_transaction_count,-2.6663,avg_standing_order_amount,-1.7651,avg_transaction_amount,0.9939
2776,0.0558,Low,avg_monthly_transaction_count,-3.5042,account_age_days,1.287,avg_transaction_amount,-0.9654
571,0.0558,Low,avg_monthly_transaction_count,-3.6504,avg_transaction_amount,-0.9183,balance_volatility,-0.7927
575,0.0611,Low,avg_standing_order_amount,1.352,avg_monthly_transaction_count,1.2323,avg_balance,1.1916
3367,0.0558,Low,avg_standing_order_amount,-1.9985,avg_balance,-1.2963,transaction_trend,-1.1326
212,0.0559,Low,account_age_days,-2.0597,avg_standing_order_amount,-1.5328,avg_transaction_amount,-0.7223
199,0.0558,Low,avg_monthly_transaction_count,-3.5096,avg_transaction_amount,-1.9507,credit_debit_ratio,-1.0597
3121,0.0558,Low,avg_monthly_transaction_count,-3.6595,avg_transaction_amount,-1.2758,avg_standing_order_amount,0.8001
1600,0.0558,Low,avg_monthly_transaction_count,-3.5182,balance_volatility,-0.8337,credit_debit_ratio,-0.6131
2402,0.0558,Low,avg_monthly_transaction_count,-3.6918,account_age_days,-1.3,avg_transaction_amount,-0.7667
2121,0.0586,Low,avg_monthly_transaction_count,1.7851,avg_transaction_amount,0.8773,credit_debit_ratio,0.7233
3544,0.0559,Low,avg_monthly_transaction_count,-3.088,avg_standing_order_amount,-1.3685,avg_transaction_amount,1.2176
47,0.0565,Low,avg_monthly_transaction_count,6.0526,avg_standing_order_amount,-2.3756,account_age_days,-0.949
3003,0.0558,Low,avg_monthly_transaction_count,-2.483,avg_standing_order_amount,-1.8565,credit_debit_ratio,-1.1658
3860,0.0558,Low,avg_monthly_transaction_count,-3.7535,avg_transaction_amount,0.7604,standing_order_count,0.7523
2955,0.0558,Low,avg_monthly_transaction_count,-3.5889,avg_transaction_amount,-1.0122,district_avg_salary,-0.9364
2278,0.5344,Medium,avg_monthly_transaction_count,3.8379,avg_standing_order_amount,1.9909,avg_transaction_amount,0.8701
4442,0.0598,Low,avg_monthly_transaction_count,-2.3274,avg_standing_order_amount,1.6439,standing_order_count,1.6188
2907,0.0558,Low,avg_monthly_transaction_count,-3.7504,balance_volatility,-0.8518,avg_standing_order_amount,0.8437
1736,0.0558,Low,avg_monthly_transaction_count,-3.576,balance_volatility,-1.2467,account_age_days,0.6775
1411,0.0559,Low,account_age_days,-1.3295,balance_volatility,1.1834,avg_balance,-0.9657
1383,0.0558,Low,avg_monthly_transaction_count,-1.6806,avg_transaction_amount,-1.5351,balance_volatility,-1.098
3451,0.0567,Low,avg_monthly_transaction_count,-3.1675,avg_standing_order_amount,1.825,avg_transaction_amount,1.203
365,0.057,Low,avg_monthly_transaction_count,3.9073,avg_standing_order_amount,0.9525,district_urban_ratio,-0.8016
2378,0.1141,Low,account_age_days,-2.878,avg_monthly_transaction_count,2.417,avg_transaction_amount,1.5461
1713,0.0558,Low,avg_monthly_transaction_count,-2.3475,avg_standing_order_amount,-1.9865,account_age_days,-1.5867
1884,0.0558,Low,avg_monthly_transaction_count,-2.8923,avg_standing_order_amount,-2.2089,avg_transaction_amount,1.1579
916,0.0561,Low,avg_monthly_transaction_count,-1.8033,avg_transaction_amount,1.581,balance_volatility,-1.2328
613,0.0558,Low,avg_monthly_transaction_count,-2.8992,avg_standing_order_amount,-2.1683,avg_transaction_amount,1.3591
2637,0.0562,Low,avg_monthly_transaction_count,-2.3142,avg_transaction_amount,1.4619,account_age_days,0.996
1332,0.0559,Low,account_age_days,-1.8182,avg_balance,-1.0499,avg_standing_order_amount,0.9287
2810,0.0577,Low,avg_monthly_transaction_count,5.4012,balance_volatility,-0.9707,avg_standing_order_amount,-0.8855
1856,0.0558,Low,avg_transaction_amount,-2.1996,avg_monthly_transaction_count,-1.2604,balance_volatility,-0.7686
1218,0.0559,Low,avg_monthly_transaction_count,-2.9113,avg_standing_order_amount,0.8418,balance_volatility,0.8249
3844,0.0558,Low,avg_monthly_transaction_count,-3.3111,avg_transaction_amount,-2.0846,district_avg_salary,-1.2653
1267,0.0969,Low,avg_monthly_transaction_count,6.0876,avg_standing_order_amount,-2.1714,standing_order_count,-0.6637
3651,0.0558,Low,avg_monthly_transaction_count,-3.5732,account_age_days,-1.5853,avg_transaction_amount,-1.4892
2487,0.0714,Low,avg_monthly_transaction_count,6.9548,avg_standing_order_amount,-2.9218,avg_transaction_amount,-1.1023
2147,0.0558,Low,avg_monthly_transaction_count,-3.7916,avg_transaction_amount,-1.1899,standing_order_count,0.8853
2040,0.0558,Low,avg_monthly_transaction_count,-3.6581,credit_debit_ratio,-1.8976,avg_standing_order_amount,0.7455
3729,0.0558,Low,avg_monthly_transaction_count,-3.4809,avg_transaction_amount,-1.0825,avg_balance,0.8436
3731,0.0558,Low,avg_monthly_transaction_count,-3.4705,avg_transaction_amount,-1.898,credit_debit_ratio,-1.402
270,0.056,Low,avg_monthly_transaction_count,-1.7613,avg_transaction_amount,1.5648,avg_balance,-1.0677
3108,0.0558,Low,avg_standing_order_amount,-1.8437,account_age_days,-1.5004,avg_transaction_amount,-1.1335
1791,0.057,Low,avg_standing_order_amount,1.5086,balance_volatility,-1.0879,credit_debit_ratio,0.9991
6463,0.0558,Low,min_balance_ever,-4.7464,avg_standing_order_amount,-3.3176,avg_monthly_transaction_count,1.1758
1624,0.0558,Low,avg_standing_order_amount,-1.8814,avg_transaction_amount,-1.5983,balance_volatility,-0.6533
1521,0.0558,Low,avg_monthly_transaction_count,-3.4389,avg_transaction_amount,-1.1302,avg_balance,0.9319
1494,0.0558,Low,avg_standing_order_amount,-2.8622,avg_monthly_transaction_count,-2.7299,credit_debit_ratio,-0.8079
3987,0.0559,Low,avg_monthly_transaction_count,-3.4908,account_age_days,1.3779,avg_transaction_amount,0.9358
1105,0.0566,Low,avg_standing_order_amount,1.2619,credit_debit_ratio,-0.9933,avg_monthly_transaction_count,0.736
1368,0.0565,Low,avg_monthly_transaction_count,-2.5189,avg_transaction_amount,1.9416,balance_volatility,1.3821
3867,0.0559,Low,avg_monthly_transaction_count,-2.5936,account_age_days,1.2429,avg_transaction_amount,1.1764
2125,0.057,Low,balance_volatility,2.0544,account_age_days,-1.9036,transaction_trend,-1.5548
664,0.0558,Low,avg_monthly_transaction_count,-3.6888,avg_transaction_amount,-1.1581,balance_volatility,-0.9082
3264,0.0558,Low,avg_transaction_amount,-2.0222,avg_monthly_transaction_count,-1.3298,balance_volatility,-0.8983
3439,0.0561,Low,avg_monthly_transaction_count,-2.7103,avg_transaction_amount,1.3096,total_debit_amount,0.5048
3164,0.0558,Low,avg_standing_order_amount,-1.1701,avg_transaction_amount,-1.151,client_age,-0.5891
3571,0.0559,Low,avg_standing_order_amount,-2.1257,avg_monthly_transaction_count,1.751,balance_volatility,-0.7549
1617,0.0559,Low,avg_transaction_amount,-1.6675,avg_monthly_transaction_count,-1.0115,standing_order_count,0.766
2215,0.0558,Low,avg_monthly_transaction_count,-3.8188,account_age_days,0.807,credit_debit_ratio,-0.5069
843,0.0559,Low,avg_standing_order_amount,-4.4213,avg_monthly_transaction_count,3.0219,avg_transaction_amount,-1.2173
604,0.0558,Low,avg_monthly_transaction_count,-2.8885,avg_standing_order_amount,-1.7065,standing_order_count,-0.6891
635,0.0559,Low,min_balance_ever,-4.8246,avg_monthly_transaction_count,4.7378,transaction_trend,-1.9817
637,0.0558,Low,avg_monthly_transaction_count,-3.4508,avg_transaction_amount,-1.789,balance_volatility,-0.6149
3593,0.0632,Low,avg_monthly_transaction_count,2.7296,account_age_days,-1.5948,total_transaction_count,0.7792
3692,0.0558,Low,avg_monthly_transaction_count,-3.4218,avg_transaction_amount,-1.0536,account_age_days,0.8697
3331,0.0571,Low,account_age_days,1.4895,credit_debit_ratio,0.8181,avg_transaction_amount,0.6388
428,0.0558,Low,avg_monthly_transaction_count,-3.8513,account_age_days,-1.6699,avg_standing_order_amount,0.8893
497,0.0565,Low,account_age_days,-1.712,avg_transaction_amount,1.0349,district_urban_ratio,0.8989
514,0.0559,Low,avg_monthly_transaction_count,-3.5559,avg_standing_order_amount,1.0286,avg_transaction_amount,0.9931
397,0.0561,Low,avg_standing_order_amount,-2.5482,avg_transaction_amount,1.4534,balance_volatility,1.4258
405,0.0596,Low,min_balance_ever,-3.8981,avg_monthly_transaction_count,3.4685,avg_standing_order_amount,2.1635
4286,0.0558,Low,avg_standing_order_amount,-3.0418,avg_monthly_transaction_count,-2.5354,credit_debit_ratio,-1.3191
3023,0.0559,Low,avg_monthly_transaction_count,-3.1592,min_balance_ever,1.2595,account_age_days,1.0666
1344,0.0558,Low,avg_standing_order_amount,-3.253,transaction_trend,-1.5274,avg_monthly_transaction_count,-0.8945
1070,0.0564,Low,avg_transaction_amount,1.5227,avg_monthly_transaction_count,-1.3046,avg_standing_order_amount,0.8588
1065,0.0558,Low,avg_monthly_transaction_count,-2.3966,avg_standing_order_amount,-1.8488,account_age_days,-0.8565
1061,0.0558,Low,avg_monthly_transaction_count,-3.9284,account_age_days,1.322,balance_volatility,-0.6598
3129,0.0558,Low,balance_volatility,-1.4623,avg_transaction_amount,-1.2172,avg_monthly_transaction_count,-1.0678
3190,0.0558,Low,avg_monthly_transaction_count,-2.3781,balance_volatility,-1.2139,account_age_days,0.7773
3210,0.056,Low,avg_monthly_transaction_count,-2.8333,avg_transaction_amount,1.3007,avg_standing_order_amount,1.1197
3125,0.0558,Low,avg_monthly_transaction_count,-3.9078,balance_volatility,-0.8441,account_age_days,0.6382
3206,0.0559,Low,avg_standing_order_amount,-2.1314,avg_transaction_amount,0.7735,total_debit_amount,-0.6941
3179,0.0678,Low,account_age_days,0.9306,avg_transaction_amount,0.8128,avg_standing_order_amount,-0.795
2563,0.0561,Low,avg_standing_order_amount,0.8408,standing_order_count,0.5815,balance_volatility,-0.5522
4134,0.0586,Low,avg_monthly_transaction_count,2.2039,account_age_days,-1.8277,avg_standing_order_amount,1.4351
3989,0.0558,Low,avg_monthly_transaction_count,-3.6247,avg_transaction_amount,-1.9139,balance_volatility,-0.9376
3890,0.0559,Low,avg_monthly_transaction_count,-1.298,avg_standing_order_amount,0.7051,balance_volatility,0.6943
1640,0.0565,Low,avg_transaction_amount,1.0242,district_urban_ratio,0.9513,standing_order_count,0.4902
1576,0.056,Low,avg_standing_order_amount,-2.4982,avg_monthly_transaction_count,-1.9979,balance_volatility,1.9137
1684,0.0561,Low,avg_monthly_transaction_count,-3.4213,avg_transaction_amount,1.2321,balance_volatility,0.915
2342,0.0558,Low,avg_monthly_transaction_count,-3.1915,avg_transaction_amount,-1.9931,account_age_days,-1.7975
891,0.0558,Low,avg_monthly_transaction_count,-3.5947,avg_transaction_amount,-1.4539,balance_volatility,-0.6181
905,0.0889,Low,avg_balance,2.0858,avg_monthly_transaction_count,1.5344,standing_order_count,1.324
3660,0.0558,Low,avg_standing_order_amount,-1.6285,avg_transaction_amount,-1.3231,transaction_trend,-0.7531
1717,0.0558,Low,avg_monthly_transaction_count,-3.2154,district_avg_salary,-1.0071,balance_volatility,-0.7133
2349,0.0558,Low,avg_monthly_transaction_count,-3.9513,balance_volatility,-0.8145,client_age,-0.6128
2579,0.0558,Low,avg_monthly_transaction_count,-3.4107,account_age_days,2.0974,avg_transaction_amount,-1.4451
2594,0.0569,Low,avg_standing_order_amount,1.8214,avg_monthly_transaction_count,1.6228,avg_transaction_amount,0.9149
3382,0.056,Low,avg_monthly_transaction_count,-2.8161,account_age_days,-1.7833,avg_standing_order_amount,1.391
3458,0.0558,Low,avg_transaction_amount,-1.9552,avg_standing_order_amount,-1.6508,balance_volatility,-0.7218
3360,0.0558,Low,avg_monthly_transaction_count,-3.0499,credit_debit_ratio,-1.3721,avg_transaction_amount,1.0488
2744,0.0559,Low,avg_monthly_transaction_count,-2.925,avg_standing_order_amount,-2.0082,avg_transaction_amount,1.1904
4059,0.0558,Low,min_balance_ever,-3.6192,avg_monthly_transaction_count,-3.1454,avg_standing_order_amount,1.6522
5429,0.0558,Low,min_balance_ever,-3.685,avg_standing_order_amount,-2.5068,avg_monthly_transaction_count,-2.4435
5125,0.0558,Low,min_balance_ever,-4.2756,avg_standing_order_amount,-2.7928,balance_volatility,1.425
2628,0.0564,Low,min_balance_ever,-5.6211,balance_volatility,2.1861,avg_monthly_transaction_count,2.1848
1924,0.0558,Low,avg_monthly_transaction_count,-3.7769,avg_transaction_amount,-1.4192,account_age_days,0.5437
8759,0.0559,Low,min_balance_ever,-5.0152,standing_order_count,2.0553,avg_monthly_transaction_count,1.9058
2082,0.0567,Low,avg_monthly_transaction_count,2.72,avg_transaction_amount,1.0491,account_age_days,-0.9441
862,0.0606,Low,avg_monthly_transaction_count,2.2599,standing_order_count,2.1019,account_age_days,-1.7571
4000,0.0558,Low,avg_standing_order_amount,-3.4208,transaction_trend,-2.5316,avg_monthly_transaction_count,1.8638
3325,0.0559,Low,avg_standing_order_amount,-3.1086,avg_monthly_transaction_count,-2.1602,account_age_days,2.0314
2294,0.056,Low,avg_monthly_transaction_count,-3.5227,avg_transaction_amount,1.3273,credit_debit_ratio,0.6137
1335,0.0561,Low,avg_monthly_transaction_count,1.3325,avg_standing_order_amount,0.7918,avg_transaction_amount,0.6924
1188,0.0558,Low,avg_monthly_transaction_count,-2.8407,balance_volatility,-0.8324,transaction_trend,0.5617
1181,0.0559,Low,avg_standing_order_amount,-3.6178,avg_monthly_transaction_count,2.6969,account_age_days,1.2617
2673,0.0569,Low,avg_monthly_transaction_count,2.2016,district_urban_ratio,-0.7294,avg_standing_order_amount,0.611
1452,0.0558,Low,avg_monthly_transaction_count,-2.7902,avg_standing_order_amount,-2.3897,avg_transaction_amount,1.1396
6281,0.0558,Low,min_balance_ever,-3.3403,avg_standing_order_amount,-1.804,avg_transaction_amount,1.1022
3542,0.0558,Low,avg_monthly_transaction_count,-3.5296,avg_transaction_amount,-2.0947,avg_balance,-0.9409
34,0.0562,Low,avg_monthly_transaction_count,2.0732,district_avg_salary,-1.3354,credit_debit_ratio,0.9802
1233,0.0558,Low,avg_monthly_transaction_count,-3.4702,avg_transaction_amount,-1.6058,avg_balance,0.5884
6602,0.0559,Low,min_balance_ever,-4.6165,avg_monthly_transaction_count,2.9565,account_age_days,0.8958
3477,0.0558,Low,avg_monthly_transaction_count,-3.6411,avg_transaction_amount,-1.5696,account_age_days,-0.7304
4454,0.0558,Low,avg_monthly_transaction_count,-3.0383,avg_standing_order_amount,-2.3872,credit_debit_ratio,-1.0962
3805,0.0566,Low,avg_transaction_amount,0.6721,balance_volatility,-0.6092,transaction_trend,0.5671
861,0.0578,Low,avg_monthly_transaction_count,2.3161,avg_standing_order_amount,1.7299,account_age_days,-0.8543
11295,0.0558,Low,min_balance_ever,-4.5933,avg_standing_order_amount,-3.9737,avg_monthly_transaction_count,3.3877
3266,0.0558,Low,avg_monthly_transaction_count,-2.5211,avg_transaction_amount,-1.4082,avg_standing_order_amount,-1.1096
5878,0.0558,Low,min_balance_ever,-3.27,avg_standing_order_amount,-2.7781,avg_monthly_transaction_count,-2.331
158,0.2555,Low,avg_transaction_amount,1.4478,avg_monthly_transaction_count,1.3147,credit_debit_ratio,1.0315
156,0.0558,Low,avg_monthly_transaction_count,-3.6577,account_age_days,2.4477,avg_transaction_amount,-1.343
230,0.0571,Low,avg_monthly_transaction_count,3.6277,avg_transaction_amount,0.6973,min_balance_ever,0.6887
849,0.0558,Low,min_balance_ever,-3.3136,avg_standing_order_amount,-2.9219,avg_monthly_transaction_count,-1.8082
871,0.063,Low,avg_monthly_transaction_count,-2.7789,avg_standing_order_amount,1.9597,avg_transaction_amount,1.5974
1313,0.056,Low,avg_standing_order_amount,-4.4716,avg_monthly_transaction_count,3.1229,district_avg_salary,1.0109
837,0.0559,Low,account_age_days,-1.3243,credit_debit_ratio,0.8133,avg_standing_order_amount,-0.7906
2894,0.0752,Low,balance_volatility,1.3271,avg_standing_order_amount,1.2431,standing_order_count,1.1064
3300,0.0582,Low,avg_standing_order_amount,2.6513,balance_volatility,1.8564,account_age_days,1.6395
845,0.0559,Low,avg_standing_order_amount,3.3744,avg_monthly_transaction_count,-3.2002,credit_debit_ratio,-1.5745
1155,0.0558,Low,avg_monthly_transaction_count,-3.5425,avg_transaction_amount,-1.4367,balance_volatility,-1.1421
2314,0.0558,Low,avg_monthly_transaction_count,-3.0715,avg_standing_order_amount,-2.3252,avg_transaction_amount,1.2878
2585,0.0558,Low,min_balance_ever,-3.7031,avg_standing_order_amount,-2.2539,avg_monthly_transaction_count,-2.011
735,0.0558,Low,avg_monthly_transaction_count,-2.9886,avg_transaction_amount,-1.3598,balance_volatility,-1.1914
554,0.0558,Low,avg_standing_order_amount,-2.784,client_age,1.0814,avg_transaction_amount,-0.8888
2708,0.0558,Low,avg_monthly_transaction_count,-3.008,avg_standing_order_amount,-2.3727,avg_transaction_amount,0.7984
2285,0.0558,Low,avg_standing_order_amount,-1.8698,transaction_trend,-1.7007,credit_debit_ratio,-1.278
2259,0.0558,Low,avg_monthly_transaction_count,-3.6237,avg_transaction_amount,-1.2614,avg_balance,0.8245
228,0.0564,Low,avg_monthly_transaction_count,0.9773,avg_transaction_amount,0.9289,account_age_days,-0.8171
1781,0.0558,Low,avg_monthly_transaction_count,-2.3537,avg_standing_order_amount,-2.3486,client_age,1.4888
1585,0.0558,Low,avg_monthly_transaction_count,-2.2717,avg_standing_order_amount,-2.2017,transaction_trend,-1.8709
2971,0.0564,Low,avg_monthly_transaction_count,-3.6849,balance_volatility,1.9064,avg_transaction_amount,1.111
1626,0.0558,Low,avg_standing_order_amount,-2.7378,avg_monthly_transaction_count,-2.6571,avg_transaction_amount,1.8355
1098,0.0558,Low,avg_transaction_amount,-1.4203,avg_standing_order_amount,-0.9092,avg_monthly_transaction_count,-0.6705
1404,0.2207,Low,avg_monthly_transaction_count,7.1881,avg_standing_order_amount,-1.5493,balance_volatility,1.4029
2940,0.06,Low,balance_volatility,2.2668,avg_monthly_transaction_count,-2.1184,avg_transaction_amount,1.7696
799,0.0558,Low,avg_monthly_transaction_count,-2.8033,avg_standing_order_amount,-2.1828,district_urban_ratio,1.2861
4519,0.0558,Low,avg_standing_order_amount,-2.3969,avg_monthly_transaction_count,-2.3419,avg_transaction_amount,-1.3665
964,0.0558,Low,avg_monthly_transaction_count,-2.3213,avg_standing_order_amount,-2.067,avg_transaction_amount,-0.8614
2363,0.0559,Low,avg_standing_order_amount,-1.2169,avg_monthly_transaction_count,0.981,avg_transaction_amount,-0.5646
1032,0.0558,Low,avg_standing_order_amount,-3.5993,avg_transaction_amount,-1.0491,balance_volatility,0.9796
2732,0.6469,Medium,standing_order_count,1.9212,credit_debit_ratio,1.2946,avg_monthly_transaction_count,1.2933
3493,0.0558,Low,avg_monthly_transaction_count,-3.7971,avg_transaction_amount,-2.1227,account_age_days,-0.7679
1548,0.0558,Low,avg_monthly_transaction_count,-3.5579,avg_transaction_amount,-1.6991,balance_volatility,-0.61
1359,0.0558,Low,avg_monthly_transaction_count,-2.5711,avg_standing_order_amount,-2.2251,avg_transaction_amount,-1.263
18,0.0558,Low,avg_standing_order_amount,-2.7382,avg_monthly_transaction_count,-2.4794,balance_volatility,1.8186
3895,0.0559,Low,avg_monthly_transaction_count,-2.0386,transaction_trend,1.052,balance_volatility,-0.6962
1562,0.0558,Low,avg_monthly_transaction_count,-3.6015,avg_transaction_amount,-2.0078,balance_volatility,-0.6615
308,0.0558,Low,avg_monthly_transaction_count,-3.3039,avg_transaction_amount,-1.2466,client_age,-0.6285
10694,0.0558,Low,min_balance_ever,-4.685,avg_standing_order_amount,-3.6168,avg_transaction_amount,1.1304
3285,0.0558,Low,avg_monthly_transaction_count,-3.696,avg_transaction_amount,-1.9927,credit_debit_ratio,-1.3198
88,0.0558,Low,avg_monthly_transaction_count,-2.9483,avg_transaction_amount,-2.0085,credit_debit_ratio,-1.4054
1460,0.0558,Low,avg_monthly_transaction_count,-3.5213,avg_transaction_amount,-1.0854,balance_volatility,-0.798
320,0.0558,Low,avg_standing_order_amount,-3.6352,avg_monthly_transaction_count,1.809,credit_debit_ratio,-1.2601
2693,0.0558,Low,avg_monthly_transaction_count,-3.243,avg_standing_order_amount,1.4857,credit_debit_ratio,-1.4068
847,0.0558,Low,avg_standing_order_amount,-2.4,avg_monthly_transaction_count,-2.0805,transaction_trend,-1.6602
4458,0.0558,Low,avg_monthly_transaction_count,-2.7244,avg_standing_order_amount,-2.2667,avg_transaction_amount,0.7664
3574,0.0558,Low,avg_monthly_transaction_count,-3.2344,avg_transaction_amount,-1.8538,avg_balance,-0.6576
3616,0.0558,Low,avg_monthly_transaction_count,-2.2878,avg_standing_order_amount,-2.2741,transaction_trend,-0.7858
765,0.0558,Low,avg_standing_order_amount,-2.4361,avg_monthly_transaction_count,-2.1825,avg_transaction_amount,-0.7364
450,0.0558,Low,avg_monthly_transaction_count,-3.45,avg_transaction_amount,-1.4343,balance_volatility,-0.6312
2303,0.0592,Low,avg_monthly_transaction_count,-2.3341,avg_transaction_amount,1.4673,account_age_days,1.0748
2601,0.0558,Low,avg_monthly_transaction_count,-2.7399,avg_standing_order_amount,-2.2196,credit_debit_ratio,-0.8959
63,0.0558,Low,avg_monthly_transaction_count,-2.7179,avg_transaction_amount,-1.6706,avg_standing_order_amount,-1.2249
1735,0.0558,Low,avg_monthly_transaction_count,-2.8675,avg_standing_order_amount,-2.4577,account_age_days,1.0185
834,0.0558,Low,avg_monthly_transaction_count,-3.5748,avg_transaction_amount,-1.2566,account_age_days,1.0932
4090,0.0558,Low,avg_monthly_transaction_count,-2.971,avg_standing_order_amount,-2.3211,standing_order_count,-0.9054
7795,0.8107,High,avg_monthly_transaction_count,5.208,avg_standing_order_amount,3.7261,balance_volatility,1.4271
5952,0.8118,High,avg_monthly_transaction_count,13.1851,avg_standing_order_amount,1.4516,avg_balance,-1.1196
7136,0.0706,Low,avg_monthly_transaction_count,5.2867,avg_standing_order_amount,-1.7249,balance_volatility,1.1716
10963,0.8112,High,avg_monthly_transaction_count,4.6326,standing_order_count,2.4152,avg_standing_order_amount,1.6245
1012,0.8117,High,avg_monthly_transaction_count,6.5262,avg_standing_order_amount,2.6187,standing_order_count,1.2921
2419,0.3124,Low,avg_monthly_transaction_count,4.1838,avg_standing_order_amount,2.5109,balance_volatility,2.3228
2762,0.8119,High,avg_monthly_transaction_count,11.4457,avg_standing_order_amount,2.2041,balance_volatility,1.6311
9236,0.7799,High,avg_monthly_transaction_count,6.9851,avg_standing_order_amount,2.4474,account_age_days,-0.7206
5072,0.8118,High,avg_monthly_transaction_count,12.1353,avg_standing_order_amount,1.481,avg_transaction_amount,0.832
11186,0.8111,High,avg_standing_order_amount,4.7081,avg_monthly_transaction_count,4.3198,avg_transaction_amount,1.2026
9034,0.812,High,avg_monthly_transaction_count,13.8105,avg_standing_order_amount,2.1213,credit_debit_ratio,0.894
3629,0.8115,High,avg_monthly_transaction_count,7.2019,avg_standing_order_amount,2.5632,avg_balance,1.4914
1762,0.8062,High,avg_monthly_transaction_count,7.1391,avg_standing_order_amount,1.4799,credit_debit_ratio,0.9918
7861,0.8117,High,avg_monthly_transaction_count,14.4419,standing_order_count,0.4891,min_balance_ever,0.4472
314,0.8117,High,avg_standing_order_amount,4.2321,avg_monthly_transaction_count,3.4733,standing_order_count,1.7651
2062,0.8103,High,avg_monthly_transaction_count,7.283,avg_standing_order_amount,1.9712,credit_debit_ratio,1.2973
7082,0.7683,High,avg_monthly_transaction_count,6.9559,district_urban_ratio,0.6608,credit_debit_ratio,0.5796
7099,0.8116,High,avg_monthly_transaction_count,6.6967,avg_standing_order_amount,2.9414,credit_debit_ratio,1.2813
2153,0.5892,Medium,avg_monthly_transaction_count,5.0327,avg_standing_order_amount,2.5634,avg_transaction_amount,0.7356
10001,0.8114,High,standing_order_count,2.1697,avg_monthly_transaction_count,2.1235,avg_transaction_amount,1.9309
1250,0.8092,High,avg_monthly_transaction_count,3.598,avg_standing_order_amount,2.4022,credit_debit_ratio,1.2688
8039,0.0567,Low,avg_monthly_transaction_count,4.2949,transaction_trend,-1.8997,avg_transaction_amount,0.9676
10351,0.1654,Low,avg_balance,1.9985,avg_monthly_transaction_count,1.7406,avg_standing_order_amount,1.6508
5033,0.8111,High,avg_monthly_transaction_count,7.3743,client_age,1.6125,transaction_trend,1.4197
6265,0.8118,High,avg_monthly_transaction_count,5.9495,avg_standing_order_amount,5.1949,balance_volatility,0.9778
10728,0.8105,High,avg_monthly_transaction_count,4.8905,avg_standing_order_amount,2.6358,credit_debit_ratio,0.9967
4626,0.6408,Medium,avg_transaction_amount,2.2915,balance_volatility,1.8013,standing_order_count,1.0109
6922,0.8108,High,avg_standing_order_amount,3.1333,balance_volatility,2.9718,avg_transaction_amount,2.8493
9491,0.7428,High,avg_monthly_transaction_count,6.1351,avg_balance,-1.2466,avg_standing_order_amount,1.1423
5622,0.8116,High,avg_monthly_transaction_count,6.9744,avg_standing_order_amount,3.7597,balance_volatility,1.46
7542,0.8117,High,avg_monthly_transaction_count,5.7586,avg_standing_order_amount,4.7479,standing_order_count,1.1844
5358,0.7396,High,avg_monthly_transaction_count,3.4343,avg_standing_order_amount,3.0033,standing_order_count,0.8875
10679,0.2265,Low,avg_standing_order_amount,3.9885,balance_volatility,1.1957,avg_monthly_transaction_count,0.9791
10436,0.8116,High,avg_monthly_transaction_count,2.398,avg_standing_order_amount,2.3011,standing_order_count,1.873
3875,0.8109,High,avg_standing_order_amount,3.5778,avg_transaction_amount,2.7611,account_age_days,2.6246
1801,0.8112,High,avg_monthly_transaction_count,10.7169,avg_standing_order_amount,1.623,account_age_days,-0.9997
2580,0.8114,High,avg_monthly_transaction_count,4.752,avg_standing_order_amount,1.9895,total_debit_amount,0.9245
8547,0.8114,High,avg_monthly_transaction_count,7.1097,avg_standing_order_amount,2.0497,standing_order_count,1.2707
8625,0.8114,High,avg_monthly_transaction_count,10.1762,avg_standing_order_amount,3.1618,avg_balance,-0.6907
8564,0.812,High,avg_monthly_transaction_count,7.829,avg_standing_order_amount,4.358,balance_volatility,1.0943
525,0.0847,Low,avg_standing_order_amount,2.4645,balance_volatility,2.3841,avg_transaction_amount,1.0394
4681,0.6261,Medium,avg_monthly_transaction_count,4.6868,avg_standing_order_amount,2.2811,avg_transaction_amount,0.7211
10297,0.5619,Medium,avg_standing_order_amount,3.4406,avg_monthly_transaction_count,3.1729,standing_order_count,1.8218
9241,0.5912,Medium,avg_monthly_transaction_count,4.4118,avg_standing_order_amount,2.1563,credit_debit_ratio,0.9776
10105,0.8117,High,avg_monthly_transaction_count,5.4955,avg_standing_order_amount,3.8288,balance_volatility,1.5402
2,0.8117,High,avg_monthly_transaction_count,6.2602,avg_standing_order_amount,4.6553,credit_debit_ratio,1.0409
7894,0.7968,High,avg_monthly_transaction_count,9.9565,transaction_trend,-3.0104,avg_standing_order_amount,2.3511
5181,0.811,High,avg_standing_order_amount,4.5609,avg_transaction_amount,2.2844,avg_monthly_transaction_count,-2.0147
4894,0.8111,High,avg_monthly_transaction_count,4.1494,avg_standing_order_amount,2.6534,balance_volatility,1.9778
4503,0.8112,High,avg_monthly_transaction_count,3.336,standing_order_count,2.2296,avg_standing_order_amount,2.0701
9928,0.8115,High,avg_monthly_transaction_count,4.7804,avg_standing_order_amount,1.9917,total_debit_amount,0.9268
5228,0.8107,High,avg_monthly_transaction_count,4.6602,avg_standing_order_amount,3.4865,balance_volatility,1.4752
5001,0.8115,High,avg_standing_order_amount,5.0573,avg_monthly_transaction_count,4.6992,balance_volatility,1.6633
4969,0.0585,Low,avg_monthly_transaction_count,2.5532,avg_standing_order_amount,1.6175,avg_balance,-1.3089
